dataset_id,attr_to_inst,can_cor.mean,can_cor.sd,cat_to_num,cor.mean,cor.sd,cov.mean,cov.sd,eigenvalues.mean,eigenvalues.sd,freq_class.mean,freq_class.sd,g_mean.mean,g_mean.sd,gravity,h_mean.mean,h_mean.sd,inst_to_attr,iq_range.mean,iq_range.sd,kurtosis.mean,kurtosis.sd,lh_trace,mad.mean,mad.sd,max.mean,max.sd,mean.mean,mean.sd,median.mean,median.sd,min.mean,min.sd,nr_attr,nr_bin,nr_cat,nr_class,nr_cor_attr,nr_disc,nr_inst,nr_norm,nr_num,nr_outliers,num_to_cat,p_trace,range.mean,range.sd,roy_root,sd.mean,sd.sd,sd_ratio,skewness.mean,skewness.sd,sparsity.mean,sparsity.sd,t_mean.mean,t_mean.sd,var.mean,var.sd,w_lambda,dist_mean,dist_std,dist_skew,dist_kurtosis,shape
blobs_000,0.00628140703517588,0.9221652942391957,0.07259461621764568,0.0,0.21510092228150307,0.17155919663280295,0.21537148947934143,0.17177499436441657,1.0012578616352203,0.6039075355572073,0.14285714285714285,0.0006130025583847597,,,3.186004095938246,,,159.2,1.6626513684179645,0.21037429490391543,-0.9156616556700046,0.34275209592751554,48.969459761789516,1.09278213629104,0.16969955271755996,2.2200741009023712,0.43111931733787673,1.0890227859639726e-16,3.3938050239245184e-16,0.035543612752278866,0.22923203820777893,-2.136776172671997,0.19004260252699917,5,0,0,7,0.1,5,796,0.0,5,1,,4.273024062711461,4.356850273574368,0.3440348920567613,20.209084444460053,1.0006287331649137,4.839349969133127e-16,1.0239386547403246,0.05724711068333201,0.4480257843742803,0.0,0.0,-0.007085704324366981,0.11219259531944087,1.0012578616352201,9.930136612989092e-16,1.841958904432375e-05,2.9732759380248193,1.0826859252409402,-0.6558374553603813,-0.27155813678047913,blobs
blobs_001,0.0125,0.7903359767556383,0.2976780926474136,0.0,0.645911260940179,0.2575380482656875,0.6486138185173345,0.25861561332119254,1.0041841004184098,1.1814667695800447,0.25,0.0,,,2.031248691631552,,,80.0,1.642635909353664,0.04279374996942307,-1.1875270255145465,0.007487256043289987,70.10886896626631,1.1200545943519113,0.22307747029968567,1.7756112729740199,0.2728641141737379,-2.0631644540950824e-16,5.99612516484439e-16,0.09614459702225087,0.23474643161737319,-1.855215150270549,0.29155799126398674,3,0,0,4,0.6666666666666666,3,240,0.0,3,0,,2.0511173621472705,3.6308264232445686,0.41781266347681445,63.42126829607018,1.00208986643834,1.5700924586837752e-16,1.1456145992356381,-0.12793899591244454,0.42976142788306465,0.0,0.0,0.04328534079366342,0.1315706688517407,1.00418410041841,2.7194799110210365e-16,0.0016677078668912533,2.1128835207127636,1.2493309531148649,0.13651757486173435,-1.1346604654435106,blobs
blobs_002,0.03065134099616858,0.9024381983451718,0.0706585807253332,0.0,0.2234204721250602,0.2066971903838571,0.22427978163323345,0.20749217957764113,1.0038461538461536,0.8570499062654049,0.1666666666666667,0.002098553860173053,,,3.2124322206596823,,,32.625,1.4948103748028578,0.2514755174041141,-0.5592952368532091,0.5252856128255092,35.25295201706122,1.0016260596701536,0.18270341980263186,2.326207486757539,0.42051035488860855,-1.031529055446745e-16,1.0961821495283866e-16,0.04161344263014808,0.19608008854543155,-2.3098116407538547,0.4603455302993095,8,0,0,6,0.14285714285714285,5,261,1.0,8,1,,4.091944049282873,4.6360191275113944,0.6487742008733485,12.338970885290799,1.0019212313581112,3.2504001921624943e-16,1.0896123473478176,-0.08884638674395698,0.4520570872425166,0.0,0.0,0.022333913355004474,0.09610727669785367,1.0038461538461536,6.446399424709315e-16,7.4033641783709e-05,3.833785760031621,1.1677436395533152,-0.449075446208179,-0.3614655861985585,blobs
blobs_003,0.008368200836820083,0.9683564360439683,0.098501234040481,0.0,0.24076529132013053,0.23659127139017205,0.24101740157282178,0.23683901094136597,1.001047120418849,0.9473280050308565,0.5,0.0,,,3.3945389771204124,,,119.5,1.5197319999699694,0.2279182863208904,-0.5084972907847155,0.6391149676158624,15.055020485274044,1.125812485944703,0.16671803173795885,2.748775244230595,0.49485015542951655,4.1749495538989934e-16,6.230354053748816e-16,0.008840050922505439,0.037282161437400985,-3.0739879019973477,0.612779686710806,8,0,0,2,0.10714285714285714,1,956,5.0,8,5,,0.937714187227776,5.822763146227943,1.0607515380427468,15.055020485274044,1.000523423223489,4.965068306494546e-16,1.0038340743945198,-0.0027330627507423707,0.040599009026492563,0.0,0.0,0.0006461326407272928,0.008215474629795032,1.0010471204188485,9.715017889275473e-16,0.06228581277222402,3.8359709533891952,1.141087538910124,0.07615030421969135,-0.4563853329808212,blobs
blobs_004,0.047619047619047616,0.9623728453839988,0.01768401759979994,0.0,0.4450389146644677,0.2584340903443589,0.4493181349977798,0.2609190335207469,1.0096153846153844,1.1470781453021057,0.3333333333333333,0.0,,,3.248233478778418,,,21.0,1.7690781457260194,0.07157769456745705,-1.109084956574364,0.13588167692731123,28.38569477959779,1.016981944530555,0.1434226949378664,1.7557672066129668,0.24116668338881703,8.194503276995205e-17,1.5204423068135682e-16,0.07240443719778848,0.3667156978221265,-2.127447153503163,0.36696558160717324,5,0,0,3,0.5,2,105,0.0,5,0,,1.8526357115434582,3.8832143601161304,0.42491081346024184,19.155526749911687,1.0047961905856253,1.5700924586837752e-16,1.0476456659124305,-0.16116735719209746,0.4102311069094152,0.0,0.0,0.03947564108066999,0.11594203638193937,1.0096153846153844,2.482534153247273e-16,0.004849791637987763,2.9183714139356294,1.2566869683724737,-0.42961433160222634,-1.1856230529372942,blobs
blobs_005,0.013043478260869565,0.9658093344362889,0.01812392586395269,0.0,0.4289600387802642,0.2330392714176125,0.42989459224165905,0.23354698224858772,1.0021786492374727,1.1892449886248404,0.3333333333333333,0.0012551092808470053,,,3.9274783396267963,,,76.66666666666667,1.693456344807218,0.24049006561599295,-0.914727479188719,0.3637206762384355,32.53729630198302,1.1477469073805906,0.10915776928966704,2.1672760989564033,0.3810077003175307,-2.2043558604876298e-17,1.188474539089462e-16,0.10187695455866642,0.13392067800874116,-2.4029891227590903,0.44357303736566056,6,0,0,3,0.4666666666666667,2,460,1.0,6,1,,1.8659038176572569,4.570265221715494,0.7836584407033995,22.64438811554467,1.001088731950107,2.808666774861361e-16,1.1456145992356381,-0.15767407386730353,0.19895729928472228,0.0,0.0,0.04014402933352019,0.051766576290444316,1.0021786492374727,3.9720546451956367e-16,0.003882648519161701,3.2223090515020902,1.2817441895547543,-0.3083740059441158,-1.002179402454473,blobs
blobs_006,0.016611295681063124,0.9699481905752791,0.024998712376318174,0.0,0.5690626696351149,0.2696704537087934,0.5709595452005652,0.270569355221156,1.0033333333333334,1.3997889138044155,0.3333333333333333,0.001918107206610033,,,2.700782461278658,,,60.2,1.8096887936923207,0.20958597980459168,-1.0980863321759242,0.30895206137012343,49.38745041491109,0.892401153743465,0.18080221753207118,1.855697246714983,0.29028687195277963,3.7474637641832524e-17,5.574904271274226e-17,0.12808048868621225,0.3505787258261442,-2.1210388716019475,0.4429585452707144,5,0,0,3,0.6000000000000001,2,301,0.0,5,0,,1.8822239204209898,3.97673611831693,0.5272381230711751,39.655432419485365,1.001665280087781,1.5700924586837752e-16,1.0257580352592572,-0.18602228856459993,0.4824366057831513,0.0,0.0,0.04856265701213884,0.1252623280726212,1.0033333333333332,2.482534153247273e-16,0.0022919230012009885,2.8346201783131715,1.4135988745160821,-0.1962676775707049,-1.3115572959975244,blobs
blobs_007,0.049586776859504134,0.9916484415081992,0.007938771332618963,0.0,0.3479514075802802,0.28255135583765106,0.3508510026434493,0.2849059504696316,1.0083333333333333,1.0923087474557298,0.2,0.0036959801280988264,,,4.10602662819379,,,20.166666666666668,1.7087576798337902,0.4906003872705645,-1.379363436298539,0.5377639550573179,397.8955263161426,0.9783811293746147,0.23284607246964253,1.5013986101153751,0.28839239710769266,-8.487242130398923e-18,4.5166584387939126e-17,-0.09298854515717457,0.3970545329043577,-1.4822331897239287,0.2953798323683945,6,0,0,5,0.26666666666666666,4,121,0.0,6,1,,3.9336555984533756,2.983631799839303,0.37480813612136615,186.9107708056803,1.0041580220928044,2.220446049250313e-16,1.1456145992356381,0.056593078518916116,0.5106154714420461,0.0,0.0,-0.004905205259337672,0.14338476136142847,1.0083333333333335,2.432376777795247e-16,2.3793426572435378e-08,3.1671574890159073,1.4384413230196262,-1.1265552859609687,-0.16934404172758688,blobs
blobs_008,0.010676156583629894,0.8906520387776894,0.1251168920694117,0.0,0.3806571165637455,0.19960868675710106,0.3811092034005193,0.19984575170574365,1.0011876484560562,1.2871124128855254,0.14285714285714285,0.0006340717483094272,,,5.826613269530139,,,93.66666666666667,1.5859426285776452,0.2879451092662908,-0.7040840089394393,0.5582312795971465,73.31248546789439,1.0249777991584748,0.26123514399323505,2.1051916084065794,0.24455719436701048,1.8906130852981445e-16,5.480567442191177e-16,0.059946999831891015,0.21146679681217087,-2.374843030832392,0.45392156400751776,9,0,0,7,0.3333333333333333,6,843,0.0,9,2,,4.837837508478674,4.480034639238972,0.49198079443662196,34.72477560617673,1.000593648019043,3.8459253727671276e-16,1.0420367825966201,-0.2168580379646453,0.5084220730618483,0.0,0.0,0.04198594129387047,0.12140766797263541,1.0011876484560565,7.611305586242616e-16,2.8550941466787963e-06,3.9925477135055494,1.4425465079471869,-0.25391696186769,-0.5379864586102538,blobs
blobs_009,0.007049345417925478,0.9424638422179723,0.07546465566177064,0.0,0.35388287324322676,0.28393215128011956,0.354239610010609,0.2842183732068132,1.0010080645161294,1.1903502846748355,0.2,0.00055158364300621,,,3.585527768977432,,,141.85714285714286,1.654359431495788,0.21153704561344275,-1.0923972866878187,0.33361759624717435,92.3210877054873,1.1352387013088492,0.21585640097404798,2.0510478230009377,0.2512638393798568,-4.037755439868214e-17,4.3132126431994805e-16,0.0014337184932909175,0.27591195068445784,-2.2275500683540814,0.3907457954498274,7,0,0,5,0.2857142857142857,4,993,0.0,7,0,,3.5700371183155006,4.278597891355019,0.5319477433673508,51.87757413821218,1.00050390529779,2.8665835232995054e-16,1.1456145992356381,-0.06395275798228374,0.2830604447324297,0.0,0.0,0.019362339161527648,0.08184147158662297,1.0010080645161292,5.733167046599011e-16,1.4587701133453741e-05,3.477230397211038,1.3867161454087775,-0.7422769886953884,-0.4855508477620645,blobs
blobs_010,0.011627906976744186,0.902125915152199,0.0811511657621373,0.0,0.3036626523837435,0.1713164177287699,0.3045479662390898,0.17181588250348945,1.002915451895044,0.6851278566051056,0.14285714285714285,0.0010987339331663603,,,1.8913740022031449,,,86.0,1.6449326825871746,0.22180412056095947,-0.8973307657570068,0.3742136499241181,34.45839285801129,1.0764563052632123,0.0749324911990385,2.062350762016972,0.5100257010651948,4.9056366204367377e-17,2.6312731453336613e-16,0.09372111729350804,0.277086057363159,-2.0554847490111894,0.24256933159751906,4,0,0,7,0.16666666666666666,4,344,0.0,4,0,,3.2750812022704316,4.1178355110281615,0.3890064302119891,19.011336059448343,1.0014566650110448,1.2819751242557092e-16,1.0424932974434389,-0.019913823251979722,0.5034392280341243,0.0,0.0,0.017828182896203748,0.12378287456684924,1.002915451895044,3.1401849173675503e-16,0.0003587723626517948,2.633263225131662,1.0436706388174157,-0.14100536512365264,-0.5103478779974364,blobs
blobs_011,0.021671826625386997,0.7704904196076816,0.30330107926524036,0.0,0.24805734627721948,0.15984291337146173,0.24882771070665177,0.16033931993472705,1.0031055900621115,0.7776875491413401,0.14285714285714285,0.001170168647087383,,,3.527334255055185,,,46.142857142857146,1.6020618535140048,0.17858628276937816,-0.7098914337026819,0.6061176412220711,32.53631382593268,1.0963540392522888,0.11215292822168076,2.3389494857691675,0.5771661758722709,1.2177590009156958e-17,8.958057662311955e-17,0.04530876575187367,0.19632375127494034,-2.2636951769797635,0.13344812430070468,7,0,0,7,0.09523809523809523,6,323,1.0,7,1,,4.021890643660627,4.602644662748931,0.632211057238853,12.155465173481852,1.001551591313254,2.8665835232995054e-16,1.1456145992356381,0.00981206754938708,0.4655111081461503,0.0,0.0,0.012048079973514038,0.09599907104357588,1.0031055900621115,5.513983501552499e-16,0.00010500383063333923,3.5784635172774033,1.112689137353375,-0.532807610021201,-0.2182897595327753,blobs
blobs_012,0.020512820512820513,0.9847154885063305,0.098501234040481,0.0,0.4292572094800235,0.34924950565153073,0.43036069845040903,0.3501473192907376,1.0025706940874033,1.558036693328726,0.5,0.0,,,4.241718976162127,,,48.75,1.6514846069622173,0.22616175731810828,-0.9332200484020695,0.6936649254828745,31.964779738406058,1.228668301347696,0.16379230500837752,2.3858836666240197,0.5038634050659101,-5.380311580875758e-16,1.5329237631355696e-15,0.018610790447375465,0.09819936681223337,-2.3174849987658006,0.6127400901417149,8,0,0,2,0.46428571428571425,1,390,3.0,8,2,,0.9696645933042611,4.703368665389821,1.0763049566476368,31.964779738406058,1.0012845220452593,3.5606350123330496e-16,1.0166373438256153,0.01170752616176741,0.10180847797454294,0.0,0.0,-0.0014229840743317588,0.022679801757496964,1.0025706940874035,6.766247564682849e-16,0.030335406695738865,3.739446316372136,1.4344589057792219,-0.004826827288859719,-1.0904690992734485,blobs
blobs_013,0.0030721966205837174,0.873835538879902,0.10227380070061853,0.0,0.36133243211027066,0.23365407246948083,0.3618883281596711,0.23424660373197154,1.0015384615384617,0.511787381747932,0.16666666666666666,0.0008413556950924224,,,1.6682841351702125,,,325.5,1.5340681927416617,0.2814744922044879,-0.626343602405087,0.4985555350889352,10.339315961680482,0.94012198013504,0.02444501276155041,2.043970595011436,0.44103433438593265,5.7983998213910025e-18,4.162795059428872e-16,0.23027616398505377,0.15900017934875713,-2.7405035468583563,0.6492679657658417,2,0,0,6,0.0,2,651,0.0,2,1,,1.537637028328807,4.784474141869792,1.0903023001517744,8.542664149476003,1.000768935138607,3.1401849173675503e-16,1.1456145992356381,-0.43597546127773024,0.15818704880759096,0.0,0.0,0.1066306823452709,0.0607001549039038,1.0015384615384617,6.280369834735101e-16,0.03747071337722875,1.769273083874091,0.9358560791235527,0.34737774759020124,-0.4663275530224542,blobs
blobs_014,0.020618556701030927,0.9314697999417819,0.08750923616782756,0.0,0.3913707918459071,0.24302014536461808,0.39272034630054814,0.2438581458658754,1.0034482758620689,1.1217796914275697,0.2,0.0015368164793812932,,,4.466945915271808,,,48.5,1.3068836780869066,0.5075113164980062,-0.6908892886610903,0.6555619861412899,79.7165985898298,0.9446310951581021,0.4225862051637606,1.7899268519743927,0.3505583537612148,1.3226024577435997e-16,3.661086227946861e-16,0.12230054626138694,0.276383837077287,-2.0921167706952426,0.29328488735470765,6,0,0,5,0.26666666666666666,4,291,0.0,6,3,,3.4935175520583623,3.8820436226696358,0.24818522235233303,43.03059073693561,1.0017226541623527,1.9860273225978183e-16,1.1456145992356381,-0.3483148766152973,0.7389857156566465,0.0,0.0,0.10255166376823543,0.1898119598603701,1.0034482758620689,1.7199501139797033e-16,2.7882863495904e-05,3.187060349153332,1.3725981353620846,-0.5755225350689643,-0.8853733775877153,blobs
blobs_015,0.008974358974358974,0.9878365753441223,0.098501234040481,0.0,0.4913425198768291,0.24513071637978026,0.4919732548189043,0.24544538995664753,1.0012836970474963,1.4477177604329114,0.5,0.0,,,3.980585775567003,,,111.42857142857143,1.6291330757772582,0.26429008609568616,-0.8038890280537032,0.8100364961007754,40.358373745040616,1.205760513146938,0.19977440533948732,2.6038892874880304,0.7659455453507862,2.9581546817301793e-16,1.3433940340107232e-15,0.00011350563030436529,0.003190179329921011,-2.7475865602167318,0.8637940063177232,7,0,0,2,0.42857142857142855,1,780,3.0,7,3,,0.9758210995876038,5.351475847704761,1.5983045675724625,40.358373745040616,1.0006416426710896,3.268408087260198e-16,1.1456145992356381,-0.006453051364715224,0.026204291207231403,0.0,0.0,-0.0011718280976353837,0.005790276646250386,1.0012836970474965,6.599370864641318e-16,0.024178900412396228,3.484626725244993,1.3694335852363577,0.00909198985431499,-1.0349505636609482,blobs
blobs_016,0.007683863885839737,0.9419446186784636,0.06519014258177358,0.0,0.4753165752740414,0.21373249547037107,0.4758389011809359,0.21396736634451438,1.0010989010989013,1.374835327669808,0.25,0.0005488474204171367,,,3.46613998874649,,,130.14285714285714,1.5693702499898268,0.20016852378807617,-0.885989976491257,0.38330895413670885,51.91208079360936,1.0196007609011288,0.248844905274728,2.352247136513746,0.3555723113842068,2.314807171932897e-16,4.10764774843419e-16,-0.06923554682030829,0.21857572387297522,-2.0814591850634345,0.4374900355214687,7,0,0,4,0.5238095238095237,3,911,0.0,7,1,,2.6702785033516125,4.433706321577181,0.5565067527812843,28.856938347817533,1.000549299684379,5.944274111531574e-16,1.1456145992356381,0.16350762848437167,0.5032683359717739,0.0,0.0,-0.045609156807958816,0.13505519068951724,1.001098901098901,1.121270291988505e-15,0.0003959903569449643,3.445312875286089,1.4646514284199221,-0.3737383729564842,-1.1999195810915855,blobs
blobs_017,0.01702127659574468,0.961953790212532,0.036847083246744794,0.0,0.4880589500317332,0.2530894473478916,0.49014467204041595,0.2541710261827117,1.0042735042735043,1.0845783665958257,0.24999999999999997,0.0021276595744680743,,,3.354510062340936,,,58.75,1.6494399700624043,0.23072167862861268,-1.1708064489267223,0.4349505229717259,69.33150675352007,1.0788743783025254,0.3430446731717672,1.7205704277052407,0.23629328089120327,1.2023479139025632e-16,2.4330908724324665e-16,-0.023636158893210954,0.3276958177425811,-1.8568978494603923,0.2581537312012971,4,0,0,4,0.3333333333333333,3,235,0.0,4,0,,2.7787806986003534,3.577468277165633,0.31334598891066906,42.219279056381154,1.0021344741468106,2.5639502485114184e-16,1.034254134660137,-0.24173551505577706,0.43113729689182245,0.0,0.0,0.06378653152268075,0.11845285424790182,1.0042735042735045,4.2518304777254294e-16,0.0001574312387600896,2.518906071759086,1.299730832073797,-0.30957328829747444,-1.0982244434021722,blobs
blobs_018,0.007058823529411765,0.8955412045525429,0.230420459798419,0.0,0.298144113004807,0.2654269127222251,0.2984952839270743,0.265739547483971,1.0011778563015312,0.9643934087826127,0.14285714285714285,0.0006288499809704021,,,3.4682330506362984,,,141.66666666666666,1.9476139744461,0.18792056427202955,-1.445057753623918,0.27722555397244286,523.8305608116128,1.2617017517577087,0.24170113977729377,1.721042930332997,0.2591149895664407,-2.170812549325894e-16,3.193040646735458e-16,-0.18518748052474862,0.1984908670532635,-1.5519996375587557,0.16059622405937118,6,0,0,7,0.26666666666666666,6,850,0.0,6,0,,5.077432235777091,3.273042567891753,0.39583635731611927,225.49246986812773,1.0005887548346382,5.438959822042073e-16,1.1456145992356381,0.1501537682027367,0.14458157085730977,0.0,0.0,-0.0398354919695933,0.052154688297806236,1.0011778563015314,1.0877919644084146e-15,3.918966495127759e-10,3.1799781518985957,1.379084199411322,-0.9501388304286529,-0.2239122324303291,blobs
blobs_019,0.02185792349726776,0.7449068588270661,0.39546222820841526,0.0,0.47973802924305553,0.18055824646220073,0.48237395248065473,0.18155032473946556,1.0054945054945055,1.0201014270668975,0.16666666666666666,0.0029930194399189433,,,1.766455188461671,,,45.75,1.7065009683636314,0.23995061322139702,-1.0222588941597142,0.4284299792495847,41.2575681119285,1.1761931989927232,0.11667874564354432,2.193162980856841,0.438790460627549,1.0920226471722851e-17,2.8679099817466394e-17,-0.051524774284854725,0.12529319275182907,-1.964227116078643,0.3455132488094453,4,0,0,6,0.5,4,183,1.0,4,0,,2.68871603512912,4.157390096935485,0.7732569107259972,27.834841655013452,1.002743489380263,1.2819751242557092e-16,1.0513257930115405,0.11530538258533334,0.16772425036215627,0.0,0.0,-0.030250462884673146,0.04613803364715501,1.0054945054945055,1.8129866073473578e-16,0.000660547260768464,2.61353614976685,1.101537488158217,0.11503067413047081,-0.17072428542780793,blobs
blobs_020,0.03940886699507389,0.9953745017441653,0.0023800685262069157,0.0,0.44969853158365236,0.2807481685071531,0.4519247619380269,0.2821380109255053,1.0049504950495054,1.4993196435450131,0.25,0.002463054187192129,,,4.998239184927177,,,25.375,1.3548644560088805,0.531938778057265,-1.007846016244978,0.4153905432439397,430.1050592209202,0.8328284485845291,0.47618842896065505,1.744469523781186,0.36267136921801313,-3.9322677571698894e-16,1.063533400126232e-15,-0.06142021704158912,0.4055747915050598,-1.595099224864597,0.5021947230673096,8,0,0,4,0.42857142857142855,3,203,0.0,8,2,,2.972322525619715,3.3395687486457835,0.5291742519082674,264.7216720352782,1.0024721916589532,2.3737566748887e-16,1.0525994015151028,0.17075476302412496,0.73566707544043,0.0,0.0,-0.044903245392977874,0.21067201326746837,1.004950495049505,4.596760034896314e-16,5.376695045259774e-07,3.6424695823532023,1.6767895701082374,-0.8798454604180852,-0.7623970370844875,blobs
blobs_021,0.011220196353436185,0.9523296512651592,0.025053788077509524,0.0,0.2848606601487153,0.1913552622278591,0.2852607453455536,0.19162401961862868,1.001404494382023,0.9665693459036946,0.2,0.0007681943303017757,,,4.276844881769732,,,89.125,1.5063964845965219,0.2957151230909652,-0.7849404205893789,0.46690163768280346,48.65453349884984,1.0121913882822327,0.16664062473452607,2.2488909226709106,0.39659096718138787,4.484491319664025e-17,2.998375437816111e-16,0.07750028657734151,0.26677234097118174,-2.4700179007144656,0.4411056528792638,8,0,0,5,0.14285714285714285,4,713,0.0,8,3,,3.6296101356063772,4.718908823385376,0.5811191427894479,21.165454940825114,1.000702000788458,2.6539406435475e-16,1.0306513633365297,-0.16887542300892414,0.49021505385439157,0.0,0.0,0.039257464213511596,0.12402470312446691,1.0014044943820228,5.173482731197488e-16,4.9421734771430243e-05,3.795395836057156,1.2717870724898765,-0.8093142925466082,-0.33746208339675654,blobs
blobs_022,0.0125,0.9485925252267355,0.06358325828120509,0.0,0.39939825556634895,0.4459512631169506,0.401069377974576,0.44781716798354837,1.0041841004184096,0.940026792026882,0.3333333333333333,0.0,,,2.591130775829579,,,80.0,1.9437548673502292,0.32241576923695786,-1.2055263693844724,0.3784453355950105,81.25351132646128,1.147569605056381,0.07664264235189985,1.7741602574553585,0.5985864296566369,2.1834386150961413e-16,1.465886843046779e-16,0.14328524743751211,0.2454047345027372,-1.771945632018299,0.08385938102072368,3,0,0,3,0.3333333333333333,2,240,0.0,3,0,,1.8036983885657245,3.5461058894736577,0.6805958548181826,76.80239123820307,1.0020898664383397,1.5700924586837752e-16,1.1456145992356381,-0.15578145450831718,0.3953166209546207,0.0,0.0,0.04154395767923641,0.08831702369084818,1.0041841004184093,3.510833468576701e-16,0.002357877863727809,2.1711429340650534,1.1450951761184953,-0.23469994497603805,-1.2151851705116499,blobs
blobs_023,0.0034762456546929316,0.986146593010254,0.098501234040481,0.0,0.854489081246828,0.06486892683569133,0.8554803678840058,0.06494418081113898,1.0011600928074256,1.4845792241397298,0.5,0.0008193589585011933,,,3.216636390977344,,,287.6666666666667,1.8648472922055852,0.1425878369050197,-1.509245875416612,0.4091647728093641,35.34394839180796,1.3827255729808128,0.10014709250616526,1.9194189907160215,0.4542213002133061,-1.0518173174200786e-15,1.3608315050957575e-15,0.1557724365637496,0.26109664060357135,-2.0571714914397625,0.5379604362676824,3,0,0,2,1.0,1,863,0.0,3,0,,0.9724851029057315,3.976590482155784,0.9902859268755385,35.34394839180796,1.000579878274306,2.7194799110210365e-16,1.1456145992356381,-0.013689492279543856,0.026736181735456856,0.0,0.0,0.004307514314949044,0.007436506360596662,1.0011600928074254,5.20740757162067e-16,0.02751489709426846,2.064882915923564,1.3203102288369777,0.07391633795629408,-1.5991515894370842,blobs
blobs_024,0.01680672268907563,0.9248097409056617,0.07774286616627443,0.0,0.4632053350477586,0.28535337396171473,0.46450647362935343,0.2861549283829554,1.0028089887640448,1.3240663069776553,0.19999999999999998,0.0015342368557567777,,,4.752550107907775,,,59.5,1.6434441960241262,0.2540462628285833,-1.1060328256572138,0.326586194210904,74.01618511891151,1.1405939298197383,0.10532410520351367,2.025390952770676,0.31917395377088204,4.747732448910567e-17,2.1147751585885638e-16,0.08866731784274806,0.26670746426484016,-1.999768366905804,0.2768021389755975,6,0,0,5,0.4666666666666667,4,357,0.0,6,0,,3.4392240872152304,4.025159319676479,0.5064634154092706,37.009957318092546,1.0014035094626168,2.6272671962866383e-16,1.1456145992356381,0.038376510444871705,0.3328851056950794,0.0,0.0,-0.011263149984928061,0.08855599001646464,1.0028089887640452,4.213000162292041e-16,4.8655969266782905e-05,3.182165462886598,1.3811338935745037,-0.2070447711008836,-0.6979255897083338,blobs
blobs_025,0.007001166861143524,0.7939270474064473,0.29849549018046717,0.0,0.22833847144137068,0.17458792342334495,0.22860522199211986,0.1747918812778114,1.0011682242990652,0.6961712540689705,0.2,0.0006391161697843166,,,3.8260619781079366,,,142.83333333333334,1.567044815116538,0.23711942757202004,-0.7127734759897569,0.5790298114677032,27.8689908011442,1.128191361220154,0.17955405342641925,2.434249770982709,0.39117469224692036,-3.940838320781478e-16,1.4914987139842506e-15,-0.11829917656231521,0.12100136552045342,-2.4720662153743014,0.7005497710537464,6,0,0,5,0.06666666666666667,4,857,2.0,6,2,,2.788579299388309,4.9063159863570105,1.0580905634315765,12.94112484704232,1.0005839416556042,3.7155169009665004e-16,1.1456145992356381,0.12706522157673203,0.246173033471119,0.0,0.0,-0.030939100613186877,0.0596012128577907,1.0011682242990652,5.874748045952207e-16,0.000978133491462769,3.294869682080986,1.0760355336569132,-0.23569843826180706,-0.42837684731858383,blobs
blobs_026,0.007209062821833162,0.958677414128187,0.020458049122620663,0.0,0.31682104433162783,0.19915257437980083,0.31714766396495936,0.19935788631215112,1.0010309278350513,0.9843960572560921,0.25,0.0005149330587023576,,,3.8598188678365197,,,138.71428571428572,1.5640074838117546,0.21312654803069933,-0.8654272823232032,0.47217723590340493,42.06604441655445,1.0218054632619717,0.2924681997890099,2.4192998538021278,0.45388739851536347,4.404957264689014e-16,7.49926691260741e-16,-0.08885777042354952,0.21651539320717855,-2.174766134363395,0.45023406875748717,7,0,0,4,0.19047619047619047,3,971,0.0,7,1,,2.7580242166263287,4.594065988165523,0.7105098473617283,23.451436820336948,1.0005153311344368,5.047141111338362e-16,1.1456145992356381,0.2685170203527723,0.4470404716201325,0.0,0.0,-0.06870709092267543,0.11862078660181535,1.0010309278350513,9.28879225241625e-16,0.00039892012392663147,3.534979958191215,1.2322133276657683,-0.685647430395525,-0.6048660603593135,blobs
blobs_027,0.014336917562724014,0.8595642244008364,0.15897008362344944,0.0,0.2942254013957023,0.17794667981433498,0.29475363371418634,0.17826615320717934,1.0017953321364448,0.9696332010016945,0.14285714285714285,0.0008744624309574618,,,3.3627218745908722,,,69.75,1.5580535883330549,0.2192679912683332,-0.8010025996835414,0.40539583707472165,46.910440935175224,1.1197330512955825,0.15525776796904892,2.411779415394765,0.3497212642041926,5.789872762830117e-17,2.0634515451313521e-16,0.00293013613431849,0.128941246213976,-2.398265291970602,0.09021237142190248,8,0,0,7,0.14285714285714285,6,558,0.0,8,2,,4.559461372655099,4.810044707365368,0.36804497295719896,19.681522447737464,1.0008972635273037,2.5177491625509456e-16,1.0509179138133278,0.09613625705805814,0.22938017870531108,0.0,0.0,-0.01915250895770558,0.051631641620664484,1.001795332136445,4.893624750040534e-16,1.6703526932871898e-05,3.802170818627362,1.2538829212337406,-0.44638831062603757,-0.4651755853024384,blobs
blobs_028,0.026785714285714284,0.9204459951492929,0.048853637287400914,0.0,0.2632791015877398,0.17507716115253058,0.26445972536167583,0.17586226052989612,1.0044843049327354,0.7699531623617601,0.2,0.0019964892656248174,,,3.5410223453165512,,,37.333333333333336,1.575915789082539,0.24376348522765826,-0.892111119401541,0.396611715993543,30.905929112335453,1.1287259868653867,0.1546994753823132,2.177934401939327,0.24137722417080526,-9.086646778926133e-17,2.578352966436726e-16,-0.029107869183983236,0.2210185702108177,-2.0822834007731763,0.3901136340789035,6,0,0,5,0.06666666666666667,4,224,1.0,6,1,,3.3960433535741164,4.260217802712503,0.5155944575432259,12.795608482679572,1.0022396444627082,2.6272671962866383e-16,1.1456145992356381,0.07828095461542135,0.34322716677908577,0.0,0.0,-0.015659683241265748,0.08541284658118439,1.0044843049327354,3.293453726225543e-16,0.00029635531149155146,3.2860733754801177,1.120505881356065,-0.5503105778785193,-0.45657791878383724,blobs
blobs_029,0.0065717415115005475,0.9800383994424795,0.098501234040481,0.0,0.41882588129849574,0.3730157564530558,0.4192851202034284,0.3734247649579386,1.00109649122807,1.3548793232660288,0.5,0.0007744871644978854,,,3.7253307738075194,,,152.16666666666666,1.6877608405577307,0.23177196286964846,-1.019924206002934,0.6490797569104608,24.300611992935046,1.2511646119825468,0.1671208025876155,2.4160459088442763,0.4830366461973164,2.680910947378892e-16,1.3412004885059411e-15,0.013252121230719649,0.03733373390725923,-2.43845751816451,0.5525032574128216,6,0,0,2,0.4,1,913,2.0,6,2,,0.960475264381777,4.854503427008787,1.0169662439814715,24.300611992935046,1.000548095409746,4.213000162292041e-16,1.1456145992356381,-0.0037080445108640513,0.013715830835406968,0.0,0.0,0.0017074769928124278,0.0040394430114538945,1.0010964912280702,8.826098480675078e-16,0.039524735618223,3.207857204047942,1.3125585903778032,-0.05431910672395606,-1.0858625262780033,blobs
blobs_030,0.004016064257028112,0.9913927061412853,0.009289336874737075,0.0,0.7590882737945363,0.13587426649770193,0.7601058183974775,0.13605640358415969,1.001340482573726,1.3305281866227443,0.3333333333333333,0.0,,,1.521787185192415,,,249.0,2.124059633790033,0.24944254136210178,-1.3601241211073989,0.18872118568446308,276.69868209670744,1.1093173350952725,0.44045349844394865,1.6679775959792142,0.19999629446416425,-6.991283946233918e-16,1.3139495871692478e-15,-0.014294407156538494,0.3809990752253016,-1.6204471434142615,0.46360304852323125,3,0,0,3,1.0,2,747,0.0,3,0,,1.9658052873598542,3.288424739393476,0.576933685488742,244.4996803132212,1.0006700168255895,3.8459253727671276e-16,1.1456145992356381,0.0182271915144482,0.5238917581102646,0.0,0.0,0.0025230565423278637,0.13853875422955284,1.0013404825737258,6.843874359417885e-16,0.00012269420286774237,2.048083042940396,1.3466249458042752,-0.007953499215589946,-1.5742454480400343,blobs
blobs_031,0.005390835579514825,0.9416835776422866,0.08226002556681243,0.0,0.5174810701489886,0.24568056773407998,0.5181794251694329,0.24601212045706816,1.0013495276653175,1.1295041145188325,0.24999999999999997,0.0007781000932474716,,,1.976643536371109,,,185.5,1.5669344052799397,0.29764984187357524,-1.130256980989401,0.5061667763125435,100.42714371586206,1.1629297642077603,0.20846798984025872,1.9177956610378275,0.37881089346072405,8.672308154619148e-16,1.8777239041591253e-15,0.06357416317570644,0.052903891582461574,-2.0665386291303696,0.4497549261354408,4,0,0,4,0.5,3,742,0.0,4,0,,2.6738373048160335,3.984334290168197,0.8141551542466465,62.37470215183556,1.0006745363330265,3.1401849173675503e-16,1.0061751932416851,-0.13549557587380817,0.13782432818518536,0.0,0.0,0.031486599556952384,0.03842761943026671,1.001349527665318,6.012996326510578e-16,0.00012227952386852504,2.5281652225376017,1.272468792888039,-0.09085416364289028,-0.8811112247075066,blobs
blobs_032,0.013595166163141994,0.9779321606148189,0.009594899450755616,0.0,0.41134360179869545,0.2507998044037101,0.4119659067938523,0.25117922922126484,1.0015128593040847,1.4420435051259655,0.25,0.0008721303159964223,,,3.428139710911125,,,73.55555555555556,1.6641533612708161,0.18185440550907678,-1.1084027872382667,0.4078447727208659,76.56458486439699,1.2089162842227466,0.1390493593206065,2.2010117575175916,0.46347550235104323,-1.4413519797709944e-16,2.786326073522059e-16,-0.0416081916482532,0.09691547315590958,-2.1374388311131742,0.34897106304338926,9,0,0,4,0.3611111111111111,3,662,0.0,9,0,,2.869238056485244,4.338450588630767,0.6990910742817332,39.85451755406756,1.0007561437753378,3.764949453935611e-16,1.0221348825453265,0.13228508469961744,0.19550005468714532,0.0,0.0,-0.0329863833529159,0.05489727281744115,1.0015128593040847,7.021666937153402e-16,6.720588984834455e-05,3.9502412793450956,1.5565427403163552,-0.6167999039635497,-0.9012252807345043,blobs
blobs_033,0.008264462809917356,0.8516365514700764,0.03761907342574751,0.0,0.17242173765040192,0.23365407246948083,0.17313718054521693,0.23424660373197154,1.0041493775933614,0.24485294887808504,0.3333333333333333,0.00238574491400671,,,2.049858564759977,,,121.0,1.6211913367220308,0.11133703448070864,-0.7614801931577175,0.011130357217538987,5.504248814735776,1.048222094038637,0.16471631133821082,1.8947787059828682,0.03202414282505975,2.9361270072731413e-17,1.8685397855410216e-16,0.19087820625265875,0.0935729431373118,-2.5268423105817748,0.04214569492758999,2,0,0,3,0.0,2,242,0.0,2,0,,1.4519848262851,4.421621016564643,0.010121552102530088,3.3725533178712985,1.0020725410834095,3.1401849173675503e-16,1.1456145992356381,-0.3864707121450591,0.06603772022414461,0.0,0.0,0.091271941327492,0.025899630368891157,1.0041493775933614,4.965068306494546e-16,0.07302731922198337,1.7925334132577615,0.896337811724979,0.1966258880711288,-0.6083172665877719,blobs
blobs_034,0.006060606060606061,0.9957915509042294,0.004112712259132717,0.0,0.40329049584520416,0.22168114860352658,0.40410687336715795,0.2221298958679062,1.0020242914979753,0.767196504543858,0.2,0.0,,,3.2422340539979566,,,165.0,1.5986201346926616,0.3628684992029518,-1.3192323638618597,0.4584622946964557,635.6278236637746,1.1213075548664742,0.37062754138171516,1.656345688911774,0.24791650625513112,-4.78479956740808e-18,3.095639596396828e-16,-0.018044431883065305,0.46422282527044184,-1.2906079953125422,0.24221839438399,3,0,0,5,0.3333333333333333,3,495,0.0,3,0,,2.974836267361005,2.9469536842243165,0.1596644057958915,368.0234940217135,1.0010116340472648,3.510833468576701e-16,1.1456145992356381,0.296383750727764,0.4674779696914856,0.0,0.0,-0.12049013429603872,0.1390690180129845,1.002024291497975,7.195067539997724e-16,2.2568904619843564e-07,2.163593710858471,1.1536932015581625,-0.6985527652340862,-0.7598039123942395,blobs
blobs_035,0.011583011583011582,0.9912288597714569,0.098501234040481,0.0,0.8160116545949835,0.12636819806617752,0.8191744904655067,0.12685799728348848,1.0038759689922483,1.4301490972754631,0.5,0.002730142012303267,,,3.1608121654547707,,,86.33333333333333,1.8017791886810997,0.24355403244739113,-1.3385771526483357,0.8996432174520388,56.25623247882682,1.350813034416228,0.20542314883983154,2.030912118090643,0.7915444651288458,-4.466611550808545e-16,9.64510705412578e-16,0.33655273950329284,0.2969365065598735,-1.8223416691596117,0.643893936207123,3,0,0,2,1.0,1,259,1.0,3,0,,0.9825346524438227,3.853253787250255,1.4245511301310148,56.25623247882682,1.0019361102347035,2.220446049250313e-16,1.1456145992356381,-0.03334581033391756,0.04253994639354436,0.0,0.0,0.008853006896489535,0.010821563417535868,1.003875968992248,4.440892098500626e-16,0.017465347556177346,2.0757901623475976,1.3093322786269432,0.05751107982382655,-1.433428909659446,blobs
blobs_036,0.04054054054054054,0.9078502771340178,0.03585880374658378,0.0,0.22853415845405,0.19235269534531094,0.2300888125931931,0.19366121708235387,1.0068027210884354,0.726409874171227,0.2,0.00370082809125113,,,3.0239592747156996,,,24.666666666666668,1.59576729011195,0.21419403379749613,-0.797240653150863,0.5773646978051955,21.94096992330551,1.1529234726936968,0.15683037486497617,2.239684236165209,0.3401181224250928,-8.101627476994385e-17,3.663734752514748e-16,-0.1318192051729696,0.11134356190333969,-2.201797190282846,0.578019802703444,6,0,0,5,0.06666666666666667,4,148,1.0,6,1,,3.300626064187659,4.441481426448054,0.8725798375421636,9.50628491714428,1.0033955955097846,1.7199501139797033e-16,1.1456145992356381,0.1611395033831615,0.2115426647332908,0.0,0.0,-0.041232855588263666,0.056061830428857005,1.0068027210884354,3.293453726225543e-16,0.0007371478690734546,3.3056857005970204,1.0742786891349985,-0.23105361774017005,-0.12185734169079465,blobs
blobs_037,0.010498687664041995,0.9986729243524416,0.098501234040481,0.0,0.8264447831943469,0.18152047937963986,0.8275307815953906,0.18175900826187327,1.001314060446781,2.3944329807127778,0.5,0.0,,,5.215405316293611,,,95.25,1.8541998228779932,0.22023603500902705,-1.5593763420569013,0.5937542721911581,376.0184390918535,1.3704059129752066,0.16452507165992986,1.707052257098478,0.534497972964198,6.672994032523907e-16,1.7690202680202406e-15,0.019233696941596656,0.035665432179262685,-1.7718014376034197,0.5548160303203341,8,0,0,2,0.9642857142857142,1,762,1.0,8,1,,0.9973476098346575,3.4788536947018978,1.0885843509483657,376.0184390918535,1.000656814520733,4.024900267185342e-16,1.0041251942571765,0.004040571383937813,0.018018654912083557,0.0,0.0,-0.0018231508790571074,0.00425210438627113,1.0013140604467807,8.1368279342167e-16,0.0026523901653424664,3.4298007112616555,2.063369101294661,-0.044208186639527934,-1.7771970484079376,blobs
blobs_038,0.016042780748663103,0.9633132672507445,0.01843002578086958,0.0,0.49969523532084253,0.25427161008475757,0.501034900831086,0.25495330340938155,1.002680965147453,1.3675607766579492,0.3333333333333333,0.0015437172972984708,,,3.6077573895406667,,,62.333333333333336,1.7389623366129783,0.13128938399783244,-0.9638580353216465,0.2176587990506518,29.70335367997897,1.12699625515502,0.19320673794584506,2.3156323445536975,0.25462910431076924,-4.947517935049694e-18,3.310404976465453e-16,-0.17236151127575983,0.14985358894796724,-2.1538123566413296,0.29610573929272965,6,0,0,3,0.6,2,374,0.0,6,0,,1.8562845675728923,4.469444701195027,0.4455872193513473,20.390407950664937,1.0013395853292992,2.432376777795247e-16,1.1456145992356381,0.25985042435343503,0.20461343226974457,0.0,0.0,-0.06467767958636893,0.05097107360628185,1.002680965147453,4.657646926676369e-16,0.004533130276304665,3.1839646192320665,1.3764232217046597,-0.2224785877349199,-1.1232249864335837,blobs
blobs_039,0.07079646017699115,0.9857350011505517,0.01661362398576719,0.0,0.4253782978167386,0.23260480584734203,0.42917631833295955,0.2346816344709791,1.008928571428571,1.3778266965628507,0.16666666666666666,0.003612816729768705,,,3.7452736383316116,,,14.125,1.597688777479551,0.5907752593462356,-1.0189141278160267,0.8119894796342493,560.8815789224029,1.1636674537549108,0.400009064483304,1.652876508967272,0.3222282291292518,-3.979117920116711e-17,1.7349849330916962e-16,-0.007057498009555595,0.2789766029578582,-1.6974242763086682,0.3253969021919009,8,0,0,6,0.3214285714285714,5,113,0.0,8,2,,4.859471512474151,3.35030078527594,0.36714144468097704,226.2855796829799,1.0044543650303739,1.6784994417006302e-16,1.2438036316664118,-0.08864286772974111,0.6348011347908602,0.0,0.0,0.015506695174954736,0.14084317755053774,1.0089285714285714,3.5606350123330496e-16,7.710570443922608e-10,3.6803475588147405,1.6117999221936712,-0.7537347066118115,-0.2648644896921608,blobs
blobs_040,0.00980392156862745,0.9960665886828179,0.098501234040481,0.0,0.5333766271243127,0.4757544712483828,0.5346871348076648,0.4769234011531701,1.002457002457003,1.3790387100224364,0.5,0.0,,,3.4136811293580367,,,102.0,1.7960768616023715,0.33454907852719584,-1.355617064262525,1.0443623955776438,126.36661645770081,1.3250198944651015,0.2544294313405171,2.0607584021045824,1.0246456161262962,3.259919567404259e-16,7.70355538875064e-16,-0.017985973782597448,0.033704421955434695,-1.8388748245615092,0.8174305537233066,4,0,0,2,0.5,1,408,1.0,4,1,,0.992148649090226,3.899633226666092,1.8403782186055522,126.36661645770081,1.0012277475464824,2.5639502485114184e-16,1.0035543821841868,-0.014301739895856423,0.03317763639960337,0.0,0.0,0.005396223260083538,0.013361320726932538,1.0024570024570025,4.440892098500626e-16,0.00785135090977396,2.471882555268176,1.3818294585862956,-0.17575247812512623,-1.4154981193596092,blobs
blobs_041,0.003033367037411527,0.9538329468551856,0.098501234040481,0.0,0.7203398196654779,0.06250502544376678,0.7210689085517794,0.06256828963956049,1.0010121457489884,1.2520585826457975,0.5,0.0007149714673271202,,,2.9620439382277373,,,329.6666666666667,1.6956849832650385,0.1453357968650792,-1.0965107224011907,0.30202027473872384,10.08614148748465,1.2558029330007745,0.09837059399616059,2.240500269331211,0.31521041042500647,-5.0889899342440616e-17,5.1089370129637005e-17,0.005543239028218926,0.02186687621751812,-2.5233880228216434,0.3734205442004571,3,0,0,2,1.0,1,989,0.0,3,0,,0.9097972905064473,4.763888292152855,0.5747850178120543,10.08614148748465,1.000505944884381,3.510833468576701e-16,1.1456145992356381,-0.002882962833845676,0.0641689086976349,0.0,0.0,0.0007652845408033191,0.012957491076113574,1.0010121457489882,6.843874359417885e-16,0.09020270949355268,2.1588261288970063,1.159975266842141,0.22555394996871406,-1.1100784953946714,blobs
blobs_042,0.012658227848101266,0.9575812186593402,0.03250877942065796,0.0,0.19171592655103428,0.23365407246948083,0.19293704710231477,0.23424660373197154,1.0063694267515921,0.27285418869631023,0.2,0.0034665984652225736,,,3.2606348264020677,,,79.0,1.0856461487401656,0.6136045465286324,-0.4915948863586945,0.6393142959904838,31.886747387633154,0.8117137209892025,0.4609690138629965,2.225267449624621,0.15746397590479805,7.054834915972514e-16,1.3554469073700438e-15,-0.2978079412802708,0.12533574046948778,-1.6127494758733567,0.5585633890584774,2,0,0,5,0.0,2,158,0.0,2,1,,1.8349804013976354,3.838016925497978,0.4010994131536794,24.983731920597204,1.0031796582624632,3.1401849173675503e-16,1.1456145992356381,0.7157217173538615,0.7130359563520307,0.0,0.0,-0.19621572331626178,0.1974708808273147,1.0063694267515924,6.280369834735101e-16,0.00486973850616858,1.7477113502594275,0.9853845661368656,0.051731270108613926,-1.1019780953719849,blobs
blobs_043,0.018072289156626505,0.7804747141798295,0.2992718802252222,0.0,0.4148021423861668,0.20129552529061737,0.4173160947642646,0.2025154981711664,1.0060606060606057,0.777485191400403,0.24999999999999997,0.0034780136698170177,,,0.7767851524484012,,,55.333333333333336,1.5268795818073881,0.3506399934473721,-0.9719697279078581,0.5582536563446713,20.36888632902815,1.0730177359665054,0.4315326145023919,1.9817857199855542,0.4098672017623097,-1.2395261078144317e-16,1.5001214567275067e-16,0.02171803862506842,0.3385761262854451,-1.7243070935762128,0.39989896845462625,3,0,0,4,0.3333333333333333,3,166,0.0,3,1,,2.0065496550093394,3.706092813561767,0.22703106362409367,11.205225419750045,1.0030257255228332,2.7194799110210365e-16,1.1456145992356381,0.19118098863497054,0.6467937124538412,0.0,0.0,-0.05390461599492772,0.1713963848697262,1.0060606060606059,3.8459253727671276e-16,0.006689796620124711,2.1824227871266064,1.128447789928347,-0.10160539699741031,-1.2272999778141351,blobs
blobs_044,0.05194805194805195,0.9977845250044493,0.0018240262238380341,0.0,0.6788253611023377,0.27906247264687867,0.6832621281683663,0.2808864103765969,1.0065359477124178,2.084085516583874,0.3333333333333333,0.0037490277220105584,,,5.846571774271136,,,19.25,2.145448283458729,0.12947601273427065,-1.4567880857969748,0.07273832121468175,681.2789538019163,0.9470355461168942,0.4478357628741814,1.4293247231469575,0.28097906396460764,-9.083642928751279e-17,4.504451039188761e-16,0.11138906907830676,0.3996401508101029,-1.525438391487791,0.20086268568528956,8,0,0,3,0.75,2,154,0.0,8,0,,1.9911512437483738,2.9547631146347486,0.33357849997653094,539.3855934630427,1.0032626514091005,2.9072463135014863e-16,1.053273508697329,-0.11487961653072133,0.48493147401883513,0.0,0.0,0.035921222814596525,0.12792926385513081,1.0065359477124183,6.051915802889302e-16,1.295042998527852e-05,3.4297385952437485,2.0836190466815503,-0.39227526375712257,-1.4080638455678478,blobs
blobs_045,0.002103049421661409,0.9116974357016785,0.098501234040481,0.0,0.7221537668485011,0.23365407246948083,0.722913928708341,0.23424660373197154,1.0010526315789467,1.0223546824077527,0.5,0.00074354025361361,,,2.3905277870911292,,,475.5,1.6698442523205823,0.0703858551404315,-0.9614484452828536,0.12891350467992824,4.923897382138102,1.2409157061169926,0.03666287484409809,2.805073045102759,0.5538996521414343,-5.218865414599684e-15,4.474846056799689e-15,0.007791915900205153,0.055393855909465085,-2.4506479663248046,0.19968778889836925,2,0,0,2,1.0,1,951,0.0,2,0,,0.8311922142650162,5.255721011427563,0.3542118632430648,4.923897382138102,1.000526177358167,4.965068306494546e-16,1.1456145992356381,0.019551355107897864,0.03686712643603476,0.0,0.0,-0.0008402282042987031,0.0075865439073619255,1.0010526315789467,9.42055475210265e-16,0.16880778573498376,1.729318986032871,1.0068099973987297,0.4341318302480652,-0.6254791237896713,blobs
blobs_046,0.007042253521126761,0.9539315561487989,0.032540963208749635,0.0,0.5045580594389057,0.23365407246948083,0.5063409501083013,0.23424660373197154,1.003533568904594,0.7160742388280382,0.14285714285714285,0.001882121421918479,,,2.6651132617743167,,,142.0,1.3044774796613359,0.6441432323738574,-0.14397459583441874,1.1342462227196917,27.43398445872586,0.6382263107192605,0.1356124703417112,2.1532255047507043,0.7404391925738831,2.697372841518866e-16,4.312225766807552e-17,0.010154670183890852,0.47184709898030713,-1.8947367085928501,0.5193683297019726,2,0,0,7,1.0,2,284,0.0,2,1,,1.821029741919491,4.047962213343554,0.2210708628719103,20.936886023794916,1.0017652264401047,0.0,1.1456145992356381,0.31796945144924676,1.3196019314001175,0.0,0.0,-0.041241005670058895,0.2865672482634998,1.003533568904594,0.0,0.006080395208860424,1.7121266858967088,1.040555854848133,0.38950366005253473,-0.7115968565128581,blobs
blobs_047,0.0075,0.9535637908977845,0.059000251773903646,0.0,0.3707965483246359,0.01066339840350432,0.371725862982091,0.010690123712786152,1.0025062656641601,0.6440255500516497,0.16666666666666666,0.0012909944487358067,,,2.7414112703017817,,,133.33333333333334,1.5806860340076307,0.31458048304445363,-1.0580453945685573,0.32355580918754967,95.88816508272454,1.177482388798562,0.22513430142174604,1.927522988403653,0.1848952390342689,3.256654205567126e-16,2.835339487308318e-16,0.03493797561903149,0.17215770036522815,-1.7956252017580516,0.3044722476700579,3,0,0,6,0.0,3,400,0.0,3,0,,2.734813769352829,3.723148190161705,0.4223803822090649,64.00494468909466,1.0012523486435176,5.874748045952207e-16,1.1456145992356381,0.05652512724014047,0.20107016601881494,0.0,0.0,-0.024580354939468686,0.05079889126873001,1.0025062656641603,1.0532500405730103e-15,0.00011341387862164635,2.2224300797321437,1.0372281015701121,-0.34228861539706884,-0.7850078439853907,blobs
blobs_048,0.005025125628140704,0.9859248133066526,0.008387690668491057,0.0,0.43831736345603717,0.3191022517698244,0.43875832659834674,0.3194232801921278,1.0010060362173037,1.1923442831145927,0.25,0.0005025125628140698,,,3.829880722345202,,,199.0,1.374774843378534,0.3689850505723997,-1.0146461593955174,0.38041458684102897,164.43288750284182,0.8259866099210054,0.3484785088385981,1.7096810259425586,0.3450758838151594,8.176597311008187e-17,2.927439959461174e-16,0.07737045868555167,0.3098578003999705,-1.9120030398017018,0.20929038954961562,5,0,0,4,0.4,3,995,0.0,5,1,,2.916283919190774,3.6216840657442604,0.2573239406648478,113.05523220449093,1.0005028916586416,2.482534153247273e-16,1.0095392296192676,-0.25525689578433,0.6504992778679978,0.0,0.0,0.07398693944712982,0.18189318582499345,1.0010060362173032,4.839349969133127e-16,1.2310839053887515e-05,2.8117535834941503,1.4505523595792196,-0.5336209694397616,-0.9776215409908775,blobs
blobs_049,0.03731343283582089,0.9512755093160481,0.011139254316700539,0.0,0.4132708180420919,0.26664811276412437,0.41637811742586717,0.2686529857924262,1.0075187969924817,1.0916220059360662,0.3333333333333333,0.004308584098430056,,,3.621520746202733,,,26.8,1.6478310375376133,0.10813559001689228,-0.924278061047505,0.2589219310191396,19.586785875602818,0.9576974671759046,0.23084976657018624,2.215612135243169,0.35103977949381115,1.20798893276379e-16,2.5323622321956267e-16,-0.14768140763528886,0.2639968580494804,-1.9116097800029401,0.20478191331696471,5,0,0,3,0.6000000000000001,2,134,1.0,5,0,,1.8099742722357453,4.127221915246109,0.4475815079523801,11.495759233275704,1.0037523583994619,2.482534153247273e-16,1.048417897484478,0.25040880306524577,0.30740615129799137,0.0,0.0,-0.06426932243131286,0.08468674721577107,1.0075187969924817,3.6821932062951477e-16,0.008802872686063933,2.9335906800601292,1.2121195039224337,-0.26525084054020276,-0.9819958860065152,blobs
blobs_050,0.010245901639344262,0.8111080153622842,0.3437647719136937,0.0,0.282018497666589,0.24453756007075267,0.2825975910909558,0.24503969058424507,1.0020533880903488,0.8182340846477597,0.14285714285714285,0.0009998976157259572,,,3.496434044176649,,,97.6,1.570531005897119,0.2218666307255885,-0.7382559636095557,0.40225258605895897,87.34705964590847,0.9713341180007864,0.19133509512111954,1.9174378048584373,0.31036969099019823,1.419629441323971e-17,3.721966064170486e-17,-0.0166830847025371,0.22258519765242057,-2.140029670341683,0.2801153395975749,5,0,0,7,0.2,5,488,0.0,5,0,,3.762177936560213,4.05746747520012,0.34207606274032504,40.58201948285105,1.0010261675352694,4.1540741810552243e-16,1.0241044319039039,-0.18989710739787308,0.48623363580699663,0.0,0.0,0.04203827603936186,0.11379500471512659,1.0020533880903493,7.850462293418876e-16,7.949703849810007e-06,2.911466724812135,1.24253587119857,-0.3110133937034305,-0.6522816966452512,blobs
blobs_051,0.020588235294117647,0.9317525549440504,0.1104982980676545,0.0,0.4375124119338037,0.2528812538860668,0.4388030090191541,0.25362721628691065,1.0029498525073743,1.3329222272934118,0.16666666666666666,0.001518816998512707,,,6.035391845884785,,,48.57142857142857,1.4344067917013632,0.5697439198834008,-0.8749722947450742,0.765064452525079,191.96459461155678,1.0143406494508311,0.3698761123570696,1.793184658220491,0.37113383010296663,8.657873671026431e-17,1.9515643194063177e-16,0.08306206854878588,0.23716533825915972,-1.8525833255001913,0.2880473653284279,7,0,0,6,0.38095238095238093,5,340,0.0,7,2,,4.389653613727222,3.645767983720682,0.3733090130591552,110.70058282912213,1.0014738401512915,1.8129866073473578e-16,1.1456145992356381,-0.031763154822139095,0.6182568145068389,0.0,0.0,0.007463374964832681,0.13438234957150139,1.0029498525073743,3.951312703709894e-16,3.0152516100162424e-07,3.4321309746694175,1.5039198475377606,-0.5017360617408432,-0.31476284466745685,blobs
blobs_052,0.034934497816593885,0.9915089967753371,0.098501234040481,0.0,0.6167969626267805,0.2778813588623545,0.619502212462863,0.2791001367521018,1.0043859649122815,1.916033080980809,0.5,0.00308780253793249,,,4.683653560285859,,,28.625,1.7150210467108287,0.2504598814614951,-1.1483860998661484,0.6598840435240342,58.13692270353199,1.2563312664390678,0.17160012291705523,2.196256766682354,0.630523397304626,-3.63973771064339e-16,1.6409858292178488e-15,-0.1077204181930243,0.18038711488102915,-2.076995947503031,0.4882407890262878,8,0,0,2,0.75,1,229,3.0,8,1,,0.9830900906864355,4.273252714185385,1.0573387841973652,58.13692270353199,1.0021905831289182,2.3737566748887e-16,1.0144962967257767,0.02989886414175708,0.047569690905775314,0.0,0.0,-0.004433574867572036,0.012037887283036997,1.0043859649122808,4.36086947025223e-16,0.0169099093135645,3.6559383080298007,1.6444727198943427,-0.026589415105805564,-1.4569221274151785,blobs
blobs_053,0.004672897196261682,0.9237050041167167,0.098501234040481,0.0,0.5192134960889804,0.23365407246948083,0.5204294527542941,0.23424660373197154,1.002341920374707,0.7359983903435304,0.5,0.0,,,2.1524442688388863,,,214.0,1.6167674649879398,0.3534746317544322,-0.8548567692518977,0.8372905610942879,5.813424869067806,1.1909715507031051,0.27713863882487516,2.326415585475501,0.4874601193602808,2.0751832235984232e-16,5.869504518444019e-16,-0.049496810113458925,0.023716835183517564,-2.3219802107876375,0.2910805268111918,2,0,0,2,1.0,1,428,1.0,2,0,,0.8532309346302637,4.648395796263138,0.7785406461714725,5.813424869067806,1.00117027541508,0.0,1.1456145992356381,-0.008253132844127582,0.015934467279713333,0.0,0.0,-0.0037650138955139223,0.001694254479412668,1.002341920374707,0.0,0.14676906536973633,1.762348759555822,0.9505232933447151,0.3913431541614245,-0.3793308562961055,blobs
blobs_054,0.007220216606498195,0.8433242176490354,0.2384907409574388,0.0,0.44625036121787004,0.31479256122536614,0.4470573238963836,0.315361806363206,1.0018083182640147,1.0634619095700912,0.2,0.0008072447572201397,,,1.288807607530814,,,138.5,1.5932977412392697,0.3714581239437727,-1.1052004024659225,0.4751037430390474,125.82188090238158,1.3086496697139753,0.37098025805369517,1.8750981235863091,0.33296299026877063,-1.2986002165290642e-16,2.6756804021976115e-16,0.08987897292653907,0.16576462941053882,-1.762722495511695,0.4368933821322431,4,0,0,5,0.3333333333333333,4,554,0.0,4,1,,3.0154164448607146,3.6378206190980036,0.36971729858450836,81.2347632865632,1.000903750749299,2.220446049250313e-16,1.0147573508937058,0.1076546533047121,0.5565859434303398,0.0,0.0,-0.04489430654028788,0.16133261413696537,1.0018083182640152,3.1401849173675503e-16,4.263893698415735e-05,2.5078862925450762,1.313382232930166,-0.3647910920772453,-1.275667128057437,blobs
blobs_055,0.06293706293706294,0.9912327906664753,0.005547002961851979,0.0,0.4209036563714804,0.25385368370814,0.4238677666276175,0.25564138570608463,1.0070422535211268,1.479462566448733,0.2,0.0038302276748612934,,,3.766331047911324,,,15.88888888888889,1.3946323461330055,0.33753914265907714,-1.0103095600392145,0.3903060518444506,324.0022274422204,0.9963263258863088,0.2881546187233256,1.8097398959475919,0.36963518475055956,1.0696787494445952e-17,1.3149141951476814e-16,-0.13001266154282864,0.3147171146834286,-1.7047842172665326,0.3252533880942441,9,0,0,5,0.38888888888888884,4,143,0.0,9,2,,3.93026208889537,3.514524113214124,0.25055579955718044,160.5464592888444,1.0035149493261803,2.7194799110210365e-16,1.1608141013335032,0.087269868210085,0.568784372878039,0.0,0.0,-0.021499064926067894,0.16228465167547734,1.007042253521127,4.1540741810552243e-16,4.6458229332217315e-08,3.8951987869117395,1.718774846750322,-0.8725482259613307,-0.2893006918593639,blobs
blobs_056,0.008088978766430738,0.9958998781372426,0.00299199022867257,0.0,0.5419054184317394,0.2614980207434453,0.5424539056973587,0.2617626948535096,1.0010121457489882,1.6978311241812651,0.25,0.0005055611729019027,,,3.1806599964919906,,,123.625,1.3442469972722604,0.4164920869189885,-1.1309981651734633,0.3776864778708371,587.2323963962483,0.9615935146007154,0.2683076731622582,1.6988106771147056,0.2956573038628827,1.4043367075895558e-16,7.273584053445495e-16,-0.10095607173976705,0.3465052825656,-1.6633163232972503,0.2996136858408385,8,0,0,4,0.5714285714285714,3,989,0.0,8,3,,2.9754676058323803,3.362127000411956,0.41603951544465706,386.9242973861659,1.000505944884381,5.438959822042073e-16,1.0156103773673242,-0.007347485946433155,0.4998106553750141,0.0,0.0,-0.006598241415060539,0.1269196161342134,1.001012145748988,1.1384137090105207e-15,2.797465350806129e-07,3.517798868968195,1.908215252394209,-0.5354988981209177,-1.0695974213620707,blobs
blobs_057,0.05,0.9556706010025126,0.04393679400326657,0.0,0.37037234573341404,0.20446373038582127,0.3730368949832948,0.20593469247492793,1.0071942446043167,1.1210811711155133,0.16666666666666666,0.0036885555678165885,,,3.7406898831527453,,,20.0,1.4538902236281743,0.3382381861630937,-0.7411963561552289,0.4926069850700583,127.47885894859574,0.9043205072838706,0.1456758149366684,1.8839671269261693,0.39340934214034884,-1.0875654118777045e-16,2.787131968092897e-16,-0.015045104174174363,0.29870893345096355,-1.8691349667747927,0.3756194934813896,7,0,0,6,0.2857142857142857,5,140,1.0,7,2,,4.5742532555716595,3.7531020937009623,0.385004268639016,53.399450258164826,1.0035906758257158,2.5639502485114184e-16,1.1456145992356381,0.03322343843909062,0.6610759075792587,0.0,0.0,-0.01056184619565706,0.1678857987110201,1.007194244604317,4.2518304777254294e-16,5.298985190322355e-07,3.5033401962712793,1.351786556247082,-0.8446032163849057,-0.3015701030951332,blobs
blobs_058,0.012727272727272728,0.9703508240768084,0.028857190140681555,0.0,0.2851524675125468,0.16953125525988874,0.28567187091420904,0.16984005536054422,1.0018214936247725,0.8738210462410805,0.14285714285714285,0.0009718590614997314,,,4.946420368577689,,,78.57142857142857,1.6505074885859512,0.2700135590231934,-0.9884848475175473,0.3869897065767168,208.74503912715582,1.0593249051342126,0.2664075765314826,1.8940771852769216,0.17342421561341384,9.389314722544181e-17,1.3371498984464646e-16,0.08285847597039028,0.20152748332399456,-1.9932397308539973,0.34085645022068534,7,0,0,7,0.09523809523809523,6,550,0.0,7,1,,5.653648017833324,3.8873169161309193,0.26810729503698427,79.13442117276101,1.0009103324597926,4.440892098500626e-16,1.1456145992356381,-0.18720063137740642,0.38352328489915755,0.0,0.0,0.037606454492753245,0.10102387681877044,1.0018214936247725,8.599750569898517e-16,3.659623846211788e-09,3.493524691950138,1.3493650868024982,-0.9744602929476882,0.16108586984408024,blobs
blobs_059,0.018691588785046728,0.9525600252588271,0.010222317413371722,0.0,0.17373355407356345,0.23365407246948083,0.17537254986671028,0.23424660373197154,1.009433962264151,0.24801423848945356,0.16666666666666666,0.003815404583774421,,,2.4309744300448077,,,53.5,1.304094146484923,0.07194463594709653,-0.6309333247362077,0.1254911774277736,20.092423175234465,0.9548614750543688,0.011928404040783134,2.0480570207720143,0.1561742028648148,-1.4111245920469278e-16,1.4967236522032248e-16,0.08379250814835051,0.06821836181612884,-1.9575509505328128,0.1366790860424765,2,0,0,6,0.0,2,107,0.0,2,0,,1.814845699215494,4.005607971304827,0.019495116822338444,11.689320159001415,1.004705908345398,0.0,1.1456145992356381,0.08387955393805407,0.5298873173586379,0.0,0.0,-0.01556312501041738,0.12290471034738985,1.009433962264151,2.220446049250313e-16,0.00838089598935726,1.7611615273938788,0.9674946632846428,0.29988925938524186,-0.6550508103427592,blobs
blobs_060,0.003393665158371041,0.9948038122815442,0.0040693385150480585,0.0,0.42288695388649816,0.24553905202495654,0.423365874559076,0.24581712569655878,1.0011325028312565,0.8115220944588936,0.14285714285714282,0.0005519796792695305,,,2.3562503440159603,,,294.6666666666667,1.816349637327604,0.32256999713083157,-1.0107658167543836,0.2074478307202416,517.6278922370993,0.9457198126980217,0.1357653400739039,1.5555860317106713,0.3608284784183721,2.0998788429561786e-16,4.633740372843799e-17,0.3178551964710805,0.19691313028584626,-1.8399570046829805,0.28669453244134363,3,0,0,7,0.3333333333333333,3,884,0.0,3,0,,2.9689369938215817,3.395543036393652,0.185173166748975,360.5323559654801,1.0005660911860128,3.510833468576701e-16,1.1456145992356381,-0.3124330490310903,0.4304434733625881,0.0,0.0,0.08033322975647292,0.10967789151867756,1.0011325028312565,8.005932084973442e-16,4.919661927172575e-07,2.188315732263593,1.1036617565700058,-0.28886169286407737,-0.36213228649168894,blobs
blobs_061,0.008592910848549946,0.9774197981180675,0.005213475888972878,0.0,0.47551175856148803,0.24005992205202337,0.4760230615276832,0.2403180510004664,1.0010752688172049,1.5027657754157526,0.3333333333333333,0.000620139923941573,,,4.597117177398594,,,116.375,1.7305358711722727,0.14561135967477803,-0.9682074275576947,0.20448057662129254,44.00505313411164,1.0744786764074896,0.1450698806348462,2.3194810296310697,0.2517929206873902,-1.1430169378122582e-16,4.589551823270924e-16,-0.001073344633793931,0.2565243766279029,-2.308393485944302,0.4114097746995678,8,0,0,3,0.5714285714285714,2,931,0.0,8,0,,1.9107261038371726,4.627874515575371,0.5200427002999504,25.716207145819563,1.0005374899608732,3.5606350123330496e-16,1.0081753176937678,-0.010284316725589354,0.4045076274232792,0.0,0.0,0.001364369157400942,0.10504586450380957,1.0010752688172047,7.316409443162488e-16,0.0019405237051369265,3.702653763387448,1.5190653078613972,-0.4546999690039035,-1.234493481698552,blobs
blobs_062,0.008928571428571428,0.9848974109640611,0.011179686937904235,0.0,0.5603387431776264,0.22414551525086363,0.5615922974129232,0.22464695935657028,1.002237136465324,1.1957275979703497,0.3333333333333333,0.0012887282794411244,,,2.796968786065477,,,112.0,1.9301436742654028,0.09822676820997107,-1.268777543631192,0.14697162189150995,89.70550226533663,0.8715861683224663,0.42987400988064894,2.010841001935238,0.304330349129518,-4.1137728144592843e-17,3.274390378079158e-16,-0.24784905356744968,0.33100873876574294,-1.7236206400466045,0.3965337349095604,4,0,0,3,0.6666666666666666,2,448,0.0,4,0,,1.9401708056474511,3.7344616419818424,0.6388166278734787,68.72085257411847,1.0011179433340132,2.8665835232995054e-16,1.0103068025516748,0.29191728330972727,0.3986886742207778,0.0,0.0,-0.08162090633457939,0.11488438124703,1.0022371364653242,4.796711693331816e-16,0.0006524057212994873,2.5006072486640702,1.3284805153449952,-0.3915482225451839,-1.2929826905658648,blobs
blobs_063,0.012844036697247707,0.8512932943648222,0.1651854961142731,0.0,0.3280746886396496,0.22076819511981077,0.32867776711141355,0.22117401900789854,1.0018382352941175,1.0403476182094715,0.16666666666666666,0.0007490794320437853,,,3.730887234704064,,,77.85714285714286,1.5359319813560215,0.2333008648877511,-0.8162682945865881,0.5078180049205288,49.31015465635358,1.0938532573401443,0.20337970681994685,2.1600151762835575,0.33983052630790345,-3.9345256337960984e-17,1.4840705932409975e-16,0.08620460500777048,0.17483195389368952,-2.376131079479235,0.4777788941065447,7,0,0,6,0.14285714285714285,5,545,0.0,7,2,,3.7326463576586333,4.536146255762792,0.6274169337245588,25.73584094729149,1.0009186956462135,4.347389161430119e-16,1.1456145992356381,-0.15983010157767788,0.4368379002624745,0.0,0.0,0.03916571748989856,0.10608647347721292,1.0018382352941178,9.244454088746557e-16,8.486535883405777e-05,3.5363790951928706,1.232784729464353,-0.32296615518484895,-0.30337207729491844,blobs
blobs_064,0.0088339222614841,0.885830681200068,0.14134028896316023,0.0,0.24210052708991028,0.1786630359715684,0.2425290235980338,0.17897925373434978,1.0017699115044238,0.662006583154541,0.16666666666666666,0.0009123635680111765,,,2.853550882524112,,,113.2,1.5064026959544912,0.3729504495790223,-0.7292318329246343,0.545139726362526,53.22169622622709,0.9549503591976366,0.22894690357691166,1.952321282218906,0.2840699714264414,8.819015404089582e-17,2.5417583097062115e-16,-0.017517449091211855,0.27102496169455154,-2.201515830811434,0.35922102834023184,5,0,0,6,0.1,5,566,0.0,5,1,,4.003388287913641,4.15383711303034,0.21150614579826524,26.453556660312575,1.0008845645250126,1.1102230246251565e-16,1.0358562407465575,-0.18783270759922358,0.6515266808145258,0.0,0.0,0.03800819274016375,0.15577214905400835,1.001769911504424,2.482534153247273e-16,3.086140167583578e-05,2.9472574640619484,1.1538511843281067,-0.5170175991829057,-0.5976753522267919,blobs
blobs_065,0.024691358024691357,0.9984820429667574,0.098501234040481,0.0,0.5418229150197231,0.3282296430160039,0.5435003853448614,0.32924583386125456,1.003095975232198,1.788684340471283,0.5,0.0,,,4.548612218287713,,,40.5,1.7262295288064213,0.2681968664293488,-1.100573419866507,0.8946897867282187,328.6402773880649,1.280737773434785,0.19982986910437103,2.254795957798989,0.9861642637388915,-6.311823491850427e-16,2.9455711592142583e-15,0.004537002742263393,0.0182121178375323,-2.0374926737311654,0.6661597546098477,8,0,0,2,0.5357142857142857,1,324,3.0,8,3,,0.9969663901270694,4.2922886315301545,1.630358664121643,328.6402773880649,1.0015467913343827,2.7834764294710043e-16,1.0106866471627631,-0.009329495443192958,0.015362006170545499,0.0,0.0,0.008255302858441048,0.009864383094015487,1.003095975232198,4.196248604251576e-16,0.003033609872930553,3.6746339524607636,1.5958072938603065,-0.12334321393513613,-1.3515216428122716,blobs
blobs_066,0.006756756756756757,0.9513693563567996,0.05883859141943847,0.0,0.3466448524910399,0.23912947396269318,0.34723139200456093,0.2395340923619531,1.001692047377326,0.820691068380331,0.2,0.0009252070228127863,,,3.9733426438259833,,,148.0,1.506831269623472,0.6063964730882831,-1.0352551501434468,0.7036956333312763,107.14865193774088,1.0583252837058692,0.3844123427381641,1.8759125626996573,0.2359571164699139,-4.099573533497622e-16,9.063769013673495e-16,-0.2661857994092812,0.16022641927567272,-1.6062645347251623,0.36412261271284113,4,0,0,5,0.16666666666666666,4,592,0.0,4,1,,3.630800548379676,3.4821770974248194,0.27270275627296264,57.490297188576776,1.0008456661130756,1.8129866073473578e-16,1.017209410269825,0.31417411408947926,0.6482519697866336,0.0,0.0,-0.08099548683419752,0.1911170336911028,1.001692047377326,3.8459253727671276e-16,8.865419752066819e-06,2.5515456906135676,1.2260305737337631,-0.5207763154249665,-0.898541107030479,blobs
blobs_067,0.02262443438914027,0.9459591429401708,0.04736601237058181,0.0,0.46179639157951335,0.2525824804742536,0.4638954660866929,0.25373058265822745,1.0045454545454544,1.168632301398231,0.3333333333333333,0.0026124446569666233,,,3.4824369367146923,,,44.2,1.6810308346367158,0.21913638614849654,-0.9341348021430267,0.3461644794540913,28.559359041311048,1.0042386084125594,0.12724560782766683,2.133130782009534,0.6189498824183445,1.0770670428942696e-16,1.369498171368066e-16,0.15893257300640534,0.22993444802511412,-2.235945670237173,0.16935764974440337,5,0,0,3,0.5,2,221,0.0,5,1,,1.791920939352095,4.369076452246707,0.7388352350470073,23.585829843295375,1.0022701504811236,2.482534153247273e-16,1.041316177830865,-0.1842353571070999,0.3553896970054239,0.0,0.0,0.0508989559254482,0.09051633673794104,1.0045454545454542,4.002966042486721e-16,0.0068090125963249995,2.913043980056171,1.2488511983871613,-0.21066771521440947,-1.1252241148491018,blobs
blobs_068,0.05223880597014925,0.9823976539589497,0.098501234040481,0.0,0.28743330007982637,0.28397593398018606,0.2895944527120054,0.28611109137853324,1.007518796992481,1.0643237320898804,0.5,0.0,,,3.4874226156050256,,,19.142857142857142,1.5702029498979093,0.268135350293184,-0.7008839159838115,0.8895032735057659,27.65752437522377,1.1721702972211197,0.20687700691169597,2.3996790193508017,0.7445750351541234,-5.432754459519688e-16,1.453164025940084e-15,-0.020002045216713563,0.07346479743798194,-2.0912313056401937,0.4661149787461169,7,0,0,2,0.14285714285714285,1,134,3.0,7,2,,0.9651051505040483,4.490910324990996,0.9651947798045706,27.65752437522377,1.0037523583994614,1.8129866073473578e-16,1.1456145992356381,0.10627374041451106,0.27474830213370055,0.0,0.0,-0.017171913961619788,0.0384737488192363,1.007518796992481,2.7194799110210365e-16,0.03489484949595167,3.5698608358816935,1.1667719444402105,-0.08507242120314859,-0.6582838806392197,blobs
blobs_069,0.0030120481927710845,0.8884994572976282,0.1408482962278128,0.0,0.7317085217784417,0.16275809072899847,0.7324439072274657,0.16292166669958064,1.0010050251256288,1.28938325204892,0.2,0.00044900963403610796,,,3.0916189473449585,,,332.0,1.6645431507008646,0.06345121918927225,-1.2907686824051978,0.13358675630138658,82.77917997257465,1.3387819203469633,0.1967286693296867,1.918898976150005,0.22846312292678908,-3.0319343644381786e-17,7.83772682241977e-17,0.12183072422217535,0.360987423066073,-1.9044450807320088,0.03537217150263407,3,0,0,5,1.0,3,996,0.0,3,0,,2.407970341955095,3.823344056882014,0.21638625915142895,73.48713551226706,1.0005023863667837,3.8459253727671276e-16,1.1456145992356381,-0.006645169991282378,0.26492314097425573,0.0,0.0,-0.007048017297111811,0.07532045314439192,1.0010050251256286,6.843874359417885e-16,0.0006879042142295124,2.1375042753831655,1.1987934031652252,0.3090449518451144,-0.4468561833886211,blobs
blobs_070,0.04861111111111111,0.9738668875111687,0.028536810554941366,0.0,0.2832278555066361,0.20263868719392444,0.28520846988080856,0.20405574095052542,1.0069930069930073,0.9203253420075878,0.14285714285714285,0.0037119616932281183,,,4.247373207492385,,,20.571428571428573,1.6568092569240775,0.4252653899474635,-0.9651493444427984,0.6879184635334276,321.3281607782849,1.036094696291652,0.35837523755716344,1.8578847023915022,0.3080725073683484,-6.344131569286608e-17,1.4554446525771573e-16,-0.07010461039975235,0.23439466677391022,-1.634848957279388,0.2910352891240604,7,0,0,7,0.14285714285714285,6,144,0.0,7,1,,5.6945720353273925,3.4927336596708902,0.41533822449713076,143.80626688888208,1.003490412008509,1.8129866073473578e-16,1.1456145992356381,0.21685724391169448,0.4717015913047443,0.0,0.0,-0.05306852882517058,0.09451473639507295,1.006993006993007,3.8459253727671276e-16,6.948947916626779e-10,3.5120210735192527,1.328009818133425,-1.1195988542724993,0.6080942016540609,blobs
blobs_071,0.008741258741258742,0.9878497625090095,0.004185142523762063,0.0,0.508452632386947,0.2970419583704175,0.509343092338588,0.29756217195775636,1.0017513134851144,1.3021507348906096,0.3333333333333333,0.0010093536174643626,,,3.7121852747206416,,,114.4,1.976611031452697,0.0837818271127638,-1.309853308753332,0.09334711918834733,85.99631215302625,0.8436108055341501,0.42202310880172283,1.5539046638529324,0.22805223052855675,-6.73897612150095e-17,1.4962833755933134e-16,0.35280859777107915,0.24125216602632196,-1.9696439017456786,0.1899097410659765,5,0,0,3,0.5,2,572,0.0,5,0,,1.951711821996157,3.523548565598611,0.24161324919806135,53.652821155566485,1.0008752736905402,1.9229626863835638e-16,1.0121843764605698,-0.44356422513387733,0.307115994374059,0.0,0.0,0.12500891322088106,0.08222787099447601,1.001751313485114,1.9229626863835638e-16,0.0005487522922536772,2.799101541486702,1.477343458813119,-0.5906635986521691,-1.4028079793305515,blobs
blobs_072,0.012552301255230125,0.904348813333207,0.07792366097900397,0.0,0.22452547691722977,0.22153535480722172,0.22546886127402488,0.22246617562573956,1.0042016806722687,0.5014888042695483,0.25,0.0020920502092050125,,,1.8340676034417753,,,79.66666666666667,1.3879831568622638,0.04679722026996437,-0.6368793980484942,0.12359317994850026,20.37362265444947,0.8242361268096134,0.20096907516159934,2.417282157434672,0.2143524080946252,1.2511299914883215e-16,1.4327170349593586e-16,-0.23394346108493994,0.07976472519535711,-1.8776214122177175,0.3051257648768089,3,0,0,4,0.0,3,239,0.0,3,0,,2.46568452241228,4.29490356965239,0.5167989278095548,10.158819777838518,1.0020986381949977,2.7194799110210365e-16,1.1456145992356381,0.6123516822402565,0.22878462172668002,0.0,0.0,-0.1521926789077002,0.07577323017036389,1.004201680672269,3.8459253727671276e-16,0.003262591216389933,2.2438416802637113,0.9951806860791351,-0.27409056984865837,-0.8725924934156097,blobs
blobs_073,0.008849557522123894,0.6806288526650877,0.3547822773609765,0.0,0.2717882904885564,0.17342736634568864,0.2722701846206283,0.1737348616760889,1.00177304964539,0.711675752638798,0.16666666666666666,0.0007225633459537454,,,1.6752695736861807,,,113.0,1.5751333363992825,0.24169537733899202,-0.6963053370479269,0.5469396475988507,21.450204744067012,1.1074103154514545,0.10594698762666169,2.4229934343660715,0.4559407182856617,-5.48469824129865e-16,8.893167621718958e-16,0.056136378026420665,0.16104724517422817,-2.577317870887471,0.4066617311416843,5,0,0,6,0.1,5,565,0.0,5,2,,2.8197600327187313,5.000311305253542,0.7708821400462201,11.008119823707625,1.0008861322075504,3.3306690738754696e-16,1.0273888807509255,-0.17434759036347275,0.20727829810381732,0.0,0.0,0.03550037783300872,0.05561501301220366,1.00177304964539,7.447602459741819e-16,0.0018390271166726403,2.963464026101394,1.1115806144660914,0.122819061082085,-0.5042352848659193,blobs
blobs_074,0.018907563025210083,0.9263409819152177,0.06941355610230136,0.0,0.38993984632905193,0.2401820476501102,0.39076077232132367,0.2406876940662157,1.002105263157895,1.3715459466681748,0.25,0.0,,,4.979704244549346,,,52.888888888888886,1.5227835077494802,0.17229475379023956,-0.6695250103713646,0.4724847398155376,33.940003983643656,1.066553337633894,0.21584657276704222,2.5551590187495896,0.6794366834713655,2.1437359616478272e-16,5.363088455865081e-16,0.09051161354636461,0.1404652787705298,-2.523766629375549,0.39392057655539764,9,0,0,4,0.3055555555555555,3,476,2.0,9,2,,2.583959327868484,5.078925648125139,0.9832832775912665,21.11613496894859,1.001052078144736,1.5700924586837752e-16,1.0301163346306308,-0.1825158293455774,0.31892101108372023,0.0,0.0,0.04900185670841809,0.08317763186222608,1.0021052631578948,2.830524433501838e-16,0.0011310921496350496,4.009102326448032,1.4017821774124144,-0.052623538128140586,-0.855355135862053,blobs
blobs_075,0.012422360248447204,0.9091169692249552,0.08467858238111452,0.0,0.2996924829250402,0.25167639995602986,0.30031425156181407,0.2521985501634074,1.0020746887966798,0.9472670726316488,0.2,0.0011340011542550095,,,2.515901696173598,,,80.5,1.4319110978406302,0.3142563877361608,-0.772041546923664,0.40654255429266783,42.07116575346745,1.0834749637539216,0.2427323369537204,2.105425474249777,0.3021627182881459,-1.845008311454366e-16,2.9845101638954995e-16,0.024427898085243777,0.12483673482970896,-2.3332190324852546,0.16410420854409005,6,0,0,5,0.2,4,483,0.0,6,1,,3.3274860418732986,4.438644506735032,0.34408431384682775,20.847795346759295,1.0010368069140518,3.9720546451956367e-16,1.1456145992356381,-0.25196301765776935,0.39288778594847484,0.0,0.0,0.06993203250836148,0.10169040590945225,1.0020746887966803,5.528866075183428e-16,0.0002023763811283854,3.252146177594943,1.203512154120084,-0.5546607096378943,-0.6499066687459512,blobs
blobs_076,0.0028735632183908046,0.9962031753935403,9.570843996524875e-05,0.0,0.09503665323742894,0.23365407246948083,0.09517339662338203,0.23424660373197154,1.001438848920863,0.1345955082819006,0.14285714285714285,0.0007679920744609812,,,1.8615719533261788,,,348.0,1.7550100169887168,0.06088700799893609,-1.1157262090347277,0.15025834917437003,261.9626363870875,0.7656054707329916,0.02599967705088342,1.2219176572996555,0.06377635837088874,-1.3144019716826566e-16,1.3535279816239438e-16,0.5297385624817976,0.03300827313838892,-1.9955916000814584,0.04767789666334006,2,0,0,7,0.0,2,696,0.0,2,0,,1.9848415424884513,3.217509257381114,0.11145425503422865,133.3293317684978,1.000719165860664,4.965068306494546e-16,1.1456145992356381,-0.6042018580231479,0.11106643380255093,0.0,0.0,0.17970092671092885,0.03276044640346848,1.001438848920863,9.42055475210265e-16,5.742652717454892e-05,1.7367406282722517,0.9947298054205249,-0.21733947876617016,-1.066093022598677,blobs
blobs_077,0.01171875,0.7155415704525506,0.4577438229148633,0.0,0.37325728084319926,0.3282628665113832,0.3747210348857218,0.32955017187025165,1.0039215686274516,0.7990332868641352,0.25,0.0,,,0.6914719578619796,,,85.33333333333333,1.48211549338669,0.42181360550436675,-1.0057746550829842,0.6480813568209166,57.643842701891714,0.9589774118353341,0.49672450189316536,1.9131993830168446,0.48178512099291293,5.019133257159562e-16,7.193171268472858e-16,-0.09775533578547475,0.24157240425126672,-1.8589840729110012,0.7594519916591574,3,0,0,4,0.3333333333333333,3,256,1.0,3,1,,1.9550580319705348,3.7721834559278453,1.0688268352572405,40.74451909702841,1.0019588657362393,2.220446049250313e-16,1.1456145992356381,0.2821880206706601,0.5774197312991646,0.0,0.0,-0.06705430868285613,0.1611160284300942,1.0039215686274516,3.1401849173675503e-16,0.0012941194747160445,2.1704295284930395,1.1457596055064045,-0.12727655105881508,-1.1790255300088996,blobs
blobs_078,0.010657193605683837,0.9878087303880623,0.098501234040481,0.0,0.47252790719048093,0.2875137853057037,0.47336870417836424,0.28802537567101627,1.0017793594306046,1.3450040282257263,0.5,0.0012559623111661339,,,3.7000295935807213,,,93.83333333333333,1.6416773506633149,0.26780827220528836,-0.9935163025139176,0.727820530371328,40.26448891211469,1.2231444863988354,0.22578673112419825,2.3375785879484674,0.7493569361819267,2.3795188568046575e-16,1.587965238801867e-15,-0.05142946155476182,0.16852753799536313,-2.316815787444415,0.5097087836858488,6,0,0,2,0.4,1,563,2.0,6,2,,0.9757660878308755,4.654394375392882,1.2418178022210744,40.26448891211469,1.0008892843020174,3.293453726225543e-16,1.1456145992356381,-0.02484603967693232,0.04025811058894264,0.0,0.0,0.006520062834164397,0.008026156271760388,1.0017793594306046,6.951095629092364e-16,0.02423391216912452,3.2112143678322234,1.3074611263801144,-0.013891104501259438,-0.9843809244971302,blobs
blobs_079,0.006048387096774193,0.953286229247861,0.03634900069455301,0.0,0.27971440870159864,0.2993348526573666,0.28027948831513727,0.29993956953142187,1.0020202020202023,0.6446683375596902,0.16666666666666666,0.0010411245554321003,,,4.239854569589028,,,165.33333333333334,1.6334595045410953,0.2985904028733126,-1.0470058464165826,0.37617541497166507,47.62692720695538,1.1309346390269301,0.19011955081676307,2.139900336781905,0.18466619693817168,1.0953006721436355e-16,1.5190837557739738e-16,-0.07277256143737343,0.2535068704352313,-1.846766770407634,0.10558565007339332,3,0,0,6,0.3333333333333333,3,496,0.0,3,0,,2.7289064043238014,3.9866671071895396,0.2870581990232324,29.75587264629034,1.001009591372731,1.5700924586837752e-16,1.1456145992356381,0.17218461402849958,0.2590216442575318,0.0,0.0,-0.048835902944091326,0.05508751155645606,1.002020202020202,3.510833468576701e-16,0.0003903769063026229,2.2204166869972957,1.040130255412834,-0.22878695314883046,-0.4065149659808647,blobs
blobs_080,0.008391608391608392,0.7613548692058911,0.3428133291630928,0.0,0.2803701062072118,0.1870170365460252,0.28076278142598937,0.1872789651686385,1.001400560224089,0.8181549590721244,0.14285714285714285,0.0005286216405723467,,,2.504063399962993,,,119.16666666666667,1.5584348945833142,0.23821887133633382,-0.8066178638448243,0.44502660658711773,39.00257690629396,1.1156869633504878,0.1738726945659661,2.3556035602093326,0.3728337636790941,-1.720457498300243e-16,2.9092888716387646e-16,0.04297153155575791,0.16833860962149572,-2.298391685674483,0.21823349580537407,6,0,0,7,0.06666666666666667,6,715,0.0,6,1,,4.065572314440533,4.653995245883816,0.5409726498695241,17.912723059275343,1.0007000350874828,2.9790409838967276e-16,1.1456145992356381,0.02810497605040224,0.252668013337781,0.0,0.0,-0.00432196526310949,0.06314979278120147,1.0014005602240894,6.807758675344952e-16,6.580031267909594e-05,3.28893569897655,1.0953121430380974,-0.560526860880511,-0.3423681465170483,blobs
blobs_081,0.012903225806451613,0.9237767427766412,0.05139142694597086,0.0,0.3909636869208614,0.2523108630514751,0.39222894157109073,0.2531274030613505,1.0032362459546929,0.9104682555472164,0.25,0.00186242022319233,,,2.8645834144919475,,,77.5,1.7615277229111486,0.06787456122632345,-1.2326664314710887,0.14304641689429226,30.198550418493728,1.223974717160818,0.04091487373502442,2.0259632043520694,0.12786945219594176,2.8364407596874966e-16,2.4961948519110456e-16,-0.002822721476532626,0.17687775356483645,-2.043214828301586,0.1822755854212993,4,0,0,4,0.16666666666666666,3,310,0.0,4,0,,2.5653725690121485,4.069178032653655,0.2811436314591007,21.521524789849003,1.00161681593047,4.053961296325412e-16,1.0327416856190261,0.018550447532907015,0.24588493597040142,0.0,0.0,-0.009612300458358685,0.07777631969438052,1.0032362459546929,7.797950250597033e-16,0.0016228094573693186,2.587723025241492,1.1530739405053616,-0.24193881225646505,-0.9344302034956407,blobs
blobs_082,0.014423076923076924,0.9484174289433387,0.0462882423699391,0.0,0.30602304316547124,0.202154078126165,0.30651425190249443,0.20247856300277195,1.001605136436597,1.0974003844250293,0.16666666666666666,0.0,,,4.027330675027733,,,69.33333333333333,1.4796094701262856,0.30408263133595403,-0.7354511630394103,0.547074075501121,75.98647821339588,1.0560400294402703,0.2127889588045647,2.0803339294427956,0.25025520333261536,4.665467126273806e-17,1.6398007669354963e-16,0.05917711059864608,0.1463068190967128,-2.3798656419270836,0.39187649305441097,9,0,0,6,0.2222222222222222,5,624,0.0,9,2,,4.506048503144257,4.46019957136988,0.4954368817934203,31.273448861953536,1.0008022464186404,2.9373740229761033e-16,1.040683358452074,-0.2437002022050512,0.39260807109197554,0.0,0.0,0.05309279712015379,0.08978797771298294,1.0016051364365968,5.874748045952207e-16,2.6037499015349223e-06,4.023213487183885,1.3574408614744236,-0.8935106414288594,-0.15389344238655234,blobs
blobs_083,0.00245398773006135,0.9187769343936636,0.01523407144749741,0.0,0.10327566861198323,0.23365407246948083,0.1034025428977473,0.23424660373197154,1.0012285012285007,0.14623327854985976,0.14285714285714288,0.0006558558083740437,,,0.4797657059318164,,,407.5,1.5334910476945363,0.07675123349072309,-0.7051005784421085,0.11247188901663528,11.053385396889006,0.9710346713687965,0.08711221203980386,2.6352969774884603,0.47911356254742804,3.4873263104790195e-17,7.705975257343681e-17,-0.02435412823892813,0.40323844624601324,-2.271026868785442,0.40605829071424354,2,0,0,7,0.0,2,815,0.0,2,0,,1.6885341872805042,4.906323846273901,0.07305527183318501,6.356264241626339,1.0006140620781325,0.0,1.1456145992356381,-0.03617042162724282,0.7414262203616225,0.0,0.0,0.01229627599788121,0.18590269129314504,1.0012285012285007,2.220446049250313e-16,0.023860922147730897,1.7702151028225033,0.9334090714435543,0.16417389506170463,-0.8925478748568532,blobs
blobs_084,0.005305039787798408,0.8979934451362914,0.09799577951236245,0.0,0.42387193258859274,0.10787632851493753,0.42443484352164523,0.10801959057139832,1.00132802124834,0.8714779699290639,0.14285714285714285,0.0006471485894884289,,,3.9979014608434507,,,188.5,1.5042159641508779,0.29328007029945935,-0.6717695161245614,0.49314239437226726,42.65572886875965,1.0057609771795353,0.1905389625039595,2.2747321042601696,0.27603549445316505,-3.0479597625650846e-17,1.2103778994251346e-16,0.0811077641336869,0.09516692375777754,-2.1972265669793485,0.20311748714707645,4,0,0,7,0.16666666666666666,4,754,0.0,4,1,,3.254378428437689,4.471958671239518,0.25856335652838114,25.36424925666295,1.0006637903153786,4.2518304777254294e-16,1.01543160804466,0.03149717445881055,0.4466283173541201,0.0,0.0,0.013181029039770066,0.08772120281210712,1.0013280212483398,7.364386412590295e-16,0.0002576699188784917,2.5665480632259348,1.1930864214875307,0.03705252053796049,-0.8779927953222524,blobs
blobs_085,0.008635578583765112,0.9223370062356038,0.08322269928904197,0.0,0.44673960327079276,0.2864499216259376,0.44751250915880475,0.2869455097256367,1.0017301038062285,1.1712629910702042,0.2,0.0007723896295336047,,,4.432967907318264,,,115.8,1.5941752262614124,0.3892764697092857,-1.1158895601702732,0.38304615068020925,83.83565836512768,1.047827589475125,0.33622188086784177,1.8752213320929403,0.30201573656773417,-8.482947600935565e-17,5.423852114941269e-16,-0.012919541960470104,0.34138183363179414,-2.120465850286912,0.43516157806421035,5,0,0,5,0.4,4,579,0.0,5,1,,3.423600265317487,3.9956871823798523,0.5542174970879087,56.93206932087715,1.000864678069033,4.710277376051325e-16,1.0289217087865161,-0.08252652305534365,0.3939911906234292,0.0,0.0,0.029769070312274114,0.11627996996740111,1.0017301038062287,9.867878089448544e-16,4.699579854489409e-05,2.864661940671636,1.3457388319171382,-0.29619913593110686,-0.9625137201434524,blobs
blobs_086,0.012422360248447204,0.9670326857626363,0.04255134341794409,0.0,0.3506509318968446,0.22589900436966082,0.3513784234567968,0.22636767450320794,1.002074688796681,1.0137838988472094,0.16666666666666666,0.0011340011542550095,,,3.836837475109607,,,80.5,1.5417241393263836,0.4526843023002934,-0.9049015988378328,0.6988295108863682,205.58795527660115,1.0885925835424892,0.3405344465952804,1.9045753405202601,0.3661240224434269,9.041153685698304e-18,2.777233002200681e-16,-0.016778355149174876,0.2693310696301833,-1.7543113305510731,0.2930458714269497,6,0,0,6,0.3333333333333333,5,483,0.0,6,1,,4.683003543973177,3.658886671071333,0.36133986805786245,92.38708961940904,1.0010368069140518,2.6272671962866383e-16,1.1456145992356381,0.24175677099059387,0.5837600476654947,0.0,0.0,-0.04719738544724513,0.13823180155901277,1.0020746887966807,4.864753555590494e-16,6.215731204643548e-08,3.182150851087168,1.3779739571143506,-0.9259973527657702,-0.317238613221114,blobs
blobs_087,0.008086253369272238,0.9311996166839637,0.06588186838481892,0.0,0.35154737447632717,0.30286868668775063,0.3524975025154525,0.3036872507058256,1.0027027027027027,0.7464685929906361,0.16666666666666666,0.0011003997047543442,,,3.629982481910072,,,123.66666666666667,1.7839747599072517,0.4031823265236772,-1.080441521121833,0.5288264956850852,51.87642592097019,1.0017411287720484,0.09762175071735966,2.0021021292234615,0.44492481739555845,-6.623432959129416e-17,2.29629715830699e-16,-0.06823631058344769,0.3042797293351591,-1.8426784534899376,0.2844859326473789,3,0,0,6,0.3333333333333333,3,371,0.0,3,0,,2.610079019500832,3.844780582713399,0.6458550688533355,40.40011705056593,1.0013504395079191,1.5700924586837752e-16,1.1456145992356381,0.16923709768679132,0.4541055576755797,0.0,0.0,-0.03925945530014429,0.11225295431528465,1.0027027027027027,2.220446049250313e-16,0.0006555885398039432,2.226352891945848,1.0293536888458577,-0.19501570989606826,-0.8355894787199496,blobs
blobs_088,0.005681818181818182,0.9937131496836391,0.0022468251180870905,0.0,0.19235745521170652,0.23365407246948083,0.1929054821496317,0.23424660373197154,1.0028490028490034,0.27280954911213007,0.2,0.0015560299929124023,,,2.8925339539571455,,,176.0,0.8618537839619891,0.32450470250918556,-0.37521663828231655,0.46385677860209373,168.41472672673262,0.7000603600234001,0.3211651651256172,2.1386190627388846,0.2261397577238855,-4.1948767691802786e-17,8.341116186757555e-17,-0.4054141399523269,0.05941029677410045,-1.1703339718490806,0.13235662724090544,2,0,0,5,0.0,2,352,0.0,2,1,,1.974936695931468,3.308953034587965,0.09378313048298023,105.67647649340209,1.0014234882650812,4.965068306494546e-16,1.1456145992356381,1.0339836250406629,0.32581788401684675,0.0,0.0,-0.2932071024819435,0.09087031923608348,1.0028490028490036,8.005932084973442e-16,0.00014707240712078862,1.7015423409256245,1.0564798499892745,-0.18277357022605198,-1.4235751820871887,blobs
blobs_089,0.005194805194805195,0.8617416854057569,0.098501234040481,0.0,0.030774701226953905,0.23365407246948083,0.030854843678065763,0.23424660373197154,1.0026041666666665,0.04363533839442239,0.5,0.0018366409900948898,,,1.7208618307657848,,,192.5,1.4876988485975704,0.36614682546492194,-0.23749023917555712,1.3229016094232455,2.884984752373977,1.1090388733191732,0.26346856976647937,3.0108841062660447,1.031086987111016,-1.014484311852286e-15,5.309767223912402e-16,0.01507962900296891,0.011016148617232201,-2.4966561548575212,0.21940352752589784,2,0,0,2,0.0,1,385,0.0,2,1,,0.7425987323659545,5.507540261123566,1.250490514636914,2.884984752373977,1.0013012367248264,0.0,1.1456145992356381,0.09497454184569123,0.13437048697439707,0.0,0.0,0.00956909046354876,0.0022957126697376244,1.0026041666666667,0.0,0.25740126763404547,1.7797719851004996,0.9180568325098907,0.545616956934106,0.20312915354239358,blobs
blobs_090,0.003006012024048096,0.91951079678969,0.04092114217721041,0.0,0.18674770274290367,0.10599836568098134,0.1869350123745415,0.10610468299861521,1.0010030090270814,0.35686202384518767,0.14285714285714285,0.0005355936711671837,,,2.5231224715222598,,,332.6666666666667,1.338977117176831,0.29113202996547033,-0.4061205984268606,0.6083693658723486,20.21229053735212,1.001657456296873,0.22874893729735488,2.161864995516893,0.38783529054901145,1.7205861169875502e-16,8.088998378547993e-17,0.014720427440436154,0.17941286752393837,-2.717866845650816,0.29829453714634635,3,0,0,7,0.0,3,998,0.0,3,2,,2.539849395992607,4.879731841167709,0.48594764661260154,10.972785022896623,1.0005013788231787,4.710277376051325e-16,1.1456145992356381,-0.4087156097539708,0.406295523744078,0.0,0.0,0.07565252434302445,0.0804469399872741,1.0010030090270814,7.195067539997724e-16,0.002798788234933159,2.2472447376419806,0.9777060618114788,-0.09439667103555581,-0.761577448059013,blobs
blobs_091,0.005141388174807198,0.9382111039520438,0.05205850568961377,0.0,0.2203411017991825,0.1455753406677658,0.2206246810807774,0.14576269631856092,1.0012870012870017,0.5152897680608158,0.14285714285714285,0.0004858155180067235,,,2.893289880174598,,,194.5,1.5644578222635306,0.43936897368414257,-0.7220195544849479,1.0575693443037864,47.17868740057098,1.1343875320758183,0.33602055128648983,2.25444739512997,0.6250060126910392,3.2393396733921663e-16,4.0318376338952167e-16,-0.16305692485063122,0.2012100506177397,-1.8769636964446401,0.19501663000583708,4,0,0,7,0.0,4,778,0.0,4,1,,3.5290905663595575,4.13141109157461,0.5408115280634089,22.342414177346054,1.0006432937300893,3.8459253727671276e-16,1.0184961571665492,0.32427230115957467,0.6154100891501066,0.0,0.0,-0.05455184242050176,0.12230497243917396,1.0012870012870017,7.902625407419788e-16,7.874597771221146e-05,2.635174012988383,1.0325473023385976,-0.3731189787030591,-0.2849874678318094,blobs
blobs_092,0.0029895366218236174,0.9578642274915438,0.03153510989303757,0.0,0.45506726667895997,0.23365407246948083,0.45574850510213194,0.23424660373197154,1.001497005988024,0.6445257169466987,0.14285714285714285,0.0007989872702912511,,,1.8417289285786353,,,334.5,1.6989250524427504,0.1926746700370791,-0.8946327338505711,0.13550143173875337,31.475968963331827,0.7400883882979534,0.0959787413556776,2.3359397970906053,0.0314617401142696,1.7491406097980792e-16,3.740997577192732e-16,-0.1386821882645301,0.5090559085928191,-1.7446055488354542,0.5216891914705709,2,0,0,7,0.0,2,669,0.0,2,0,,1.8360022197719097,4.08054534592606,0.5531509315848409,24.457823910909607,1.0007482230751268,0.0,1.1456145992356381,0.2243708298049909,0.7065269446118497,0.0,0.0,-0.06539809542117024,0.20515466403359545,1.001497005988024,0.0,0.004898970375068952,1.7332647156892729,1.000890328307093,0.24339753724242674,-0.599323243855737,blobs
blobs_093,0.017167381974248927,0.9727052121804313,0.021718980776109856,0.0,0.4224866117601373,0.2507609494051956,0.42339518511876123,0.2513002202641315,1.0021505376344084,1.386102051171726,0.16666666666666666,0.0011081497414041188,,,4.100019882744344,,,58.25,1.383308224491291,0.533990003970752,-0.6010602119988313,0.8993769142574911,187.58208499627503,0.903231171528434,0.3235466037240631,2.109333558975501,0.4067224028411297,-1.5521680269169305e-16,2.460893061223906e-16,-0.053192751778278306,0.2631028375388979,-1.7180769748366589,0.4424739349705132,8,0,0,6,0.42857142857142855,5,466,0.0,8,3,,4.732664005518703,3.8274105338121602,0.4588826694679028,103.46440707070394,1.0010746913364699,3.8459253727671276e-16,1.0538460370179579,0.3404336059246004,0.7889430753321609,0.0,0.0,-0.07582871522293685,0.17182961331690016,1.0021505376344084,6.766247564682849e-16,8.353712467605752e-08,3.704283911556737,1.5207528743133962,-0.7314360679128746,-0.262925856828073,blobs
blobs_094,0.011904761904761904,0.9895201464961393,0.098501234040481,0.0,0.7705173388934563,0.16878107286786304,0.7723562824230351,0.16918389165752384,1.0023866348448691,1.7639374950307585,0.5,0.0,,,3.9804700234710406,,,84.0,1.7957595848189318,0.22611913895170652,-1.3631120989076657,0.60058650741981,46.961907475309744,1.3363090026489217,0.1716098746097997,2.02177943966013,0.47269310168948286,-4.982257992413084e-16,7.662734628834844e-16,0.04505252060158824,0.06239734688525886,-1.9396870114578806,0.4361404164728815,5,0,0,2,1.0,1,420,1.0,5,0,,0.979150120321741,3.961466451118011,0.9009712725103026,46.961907475309744,1.0011926062675798,1.5700924586837752e-16,1.0034782029755043,-0.009877718486862822,0.028817258994169825,0.0,0.0,0.0007000735706610087,0.004462463939443302,1.002386634844869,2.7194799110210365e-16,0.02084987967825902,2.765887047048527,1.540693088002237,0.023214495748559726,-1.5409306730743215,blobs
blobs_095,0.010385756676557863,0.9852584442068045,0.010752458068210543,0.0,0.3599707163880875,0.2631664299375137,0.3605055911524084,0.2635574647516852,1.0014858841010394,1.1716797985260035,0.2,0.0006635216550444461,,,3.581435249032166,,,96.28571428571429,1.5634349605812956,0.4134601433857171,-1.0876376885532069,0.5299060371228869,212.83036685429144,0.9036578688571782,0.38749761778500796,1.7192254541645722,0.2804836334681292,-9.33735684975121e-17,7.413771002153737e-16,-0.1171942414752756,0.4081999379992724,-1.8042843720924093,0.45771838892624106,7,0,0,5,0.2857142857142857,4,674,0.0,7,2,,3.8832836535867785,3.523509826256981,0.4029893802260816,98.42161383077581,1.0007426662739227,3.951312703709894e-16,1.1456145992356381,-0.14700745667474785,0.6436367298417611,0.0,0.0,0.03381778836830381,0.1919359593642892,1.0014858841010397,7.419967475909162e-16,2.8820012771445703e-07,3.433361672528352,1.4942657069704417,-0.8536752651904138,-0.35776288907851184,blobs
blobs_096,0.011264080100125156,0.9692072230278342,0.098501234040481,0.0,0.3645239487389484,0.24528949329313957,0.36498074566719274,0.24559687361054952,1.0012531328320797,1.3140317595985598,0.5,0.0008849897136252496,,,4.025359834223466,,,88.77777777777777,1.528401170521693,0.1972423190056224,-0.5880772920392442,0.5209089784185454,15.491483456468426,1.1295406303272066,0.14572035602493918,2.6105345637257207,0.37593698396351416,2.242369518795129e-16,1.062113974564112e-15,-0.0016179124215543223,0.027406180739260124,-2.7197565879211183,0.30140166948243924,9,0,0,2,0.41666666666666663,1,799,4.0,9,4,,0.939362641169326,5.33029115164684,0.6520874520537643,15.491483456468426,1.0006263702461975,2.830524433501838e-16,1.0069843862116878,0.005140164275193544,0.05261527181291607,0.0,0.0,-0.0013747089227655685,0.011573631023325651,1.0012531328320802,5.661048867003676e-16,0.060637358830674004,4.043746178394253,1.2925452547974148,0.09376290918473189,-0.820615227501301,blobs
blobs_097,0.014925373134328358,0.9050033230147292,0.10222861072366335,0.0,0.25866253568331604,0.19545608726707742,0.25914601705842516,0.19582142574795058,1.001869158878505,0.912724220517238,0.1666666666666667,0.000963428693086425,,,4.013621119335098,,,67.0,1.5799788176154181,0.2740236863764963,-0.7436554951629485,0.4758858842310175,41.63380936066612,1.108498393023478,0.21586519326964712,2.2353952914578112,0.3016687618790885,7.995262826591613e-17,1.5872557755003178e-16,0.07771211417845271,0.14602198399701857,-2.5316376127265627,0.32757786164862174,8,0,0,6,0.10714285714285714,5,536,0.0,8,1,,4.1369578287404725,4.767032904184374,0.5121000168766152,14.764287596890206,1.0009341431275613,3.025957901444651e-16,1.0516054230066225,-0.22670229556891786,0.36664679771442693,0.0,0.0,0.049380948405348915,0.08540347638584256,1.0018691588785051,4.672744687265429e-16,3.598574031738657e-05,3.818201243393434,1.2046766400179414,-0.5969378644678468,-0.2275537594993069,blobs
blobs_098,0.010447761194029851,0.9671743550875723,0.03521601415882031,0.0,0.48361314277969847,0.24237443469834247,0.484336032380266,0.24273672832270457,1.0014947683109112,1.4264912224330046,0.2,0.0,,,4.121721338210298,,,95.71428571428571,1.4140992671290193,0.4794367250444599,-0.9065626713818036,0.5808120287184547,152.02438269273543,0.9779143879449826,0.37895712146456306,1.917979228058469,0.32651030094555544,-8.379934983311415e-17,2.5155728740759376e-16,-0.036939237598594896,0.314675111575919,-1.8892042229387649,0.38343875753657736,7,0,0,5,0.47619047619047616,4,670,0.0,7,2,,3.745425435515948,3.807183450997234,0.36791789023970434,97.16763288419219,1.0007471050724612,4.710277376051325e-16,1.1456145992356381,0.03029484401778232,0.6723310652061231,0.0,0.0,-0.010720164070233868,0.18711005056184365,1.0014947683109117,9.19990224346638e-16,2.6511058615618987e-06,3.4093816968462463,1.5482387417845407,-0.4310572992965025,-0.5807550020052363,blobs
blobs_099,0.0022026431718061676,0.9260967947166714,0.098501234040481,0.0,0.10109833527030683,0.23365407246948083,0.10120979980753972,0.23424660373197154,1.001102535832414,0.1431322715328884,0.5,0.0,,,1.867276041212354,,,454.0,1.6174966682192213,0.32025844736781217,-0.8938609567007716,0.853567465808738,6.025198771824526,1.2106360128198337,0.22921864317213772,2.396447181268199,0.7500440754399607,6.534176039203564e-16,1.4386750282212564e-15,-0.010163045998915644,0.036004245292790955,-2.4372509380663216,0.7484196538238929,2,0,0,2,0.0,1,908,1.0,2,1,,0.8576552731844926,4.833698119334521,1.4984637292638538,6.025198771824526,1.0005511160517557,6.280369834735101e-16,1.1456145992356381,0.011067101139768677,0.022029705371403144,0.0,0.0,-0.0028520179406581977,0.009693318975026958,1.001102535832414,1.1102230246251565e-15,0.14234472681550736,1.7941281296813603,0.8862925011618455,0.24338401821134342,-0.3683389496709619,blobs
anisotropic_000,0.006157635467980296,0.9113740279013851,0.060888873248684985,0.0,0.4534755011095829,0.26690550265955376,0.4540346570912227,0.2672346093212798,1.0012330456226888,1.1627991499333226,0.25,0.0,,,3.9325408224758003,,,162.4,1.539967508378171,0.14421614817121603,-0.821550438050657,0.2727526752840965,29.199996226024126,1.0743836062555656,0.1526965718485068,2.450199045689878,0.3241450596036402,4.156499993670533e-18,2.1922262459236883e-16,-0.06807822338844569,0.10655852861454848,-2.2436711109893515,0.2974164803734871,5,0,0,4,0.5,3,812,0.0,5,1,,2.499222765970573,4.693870156679229,0.5557338177426966,22.279509580908005,1.0006163328782358,5.661048867003676e-16,1.008755497275709,0.18156875116666318,0.24799582910920126,0.0,0.0,-0.04636309492698163,0.06249567005727534,1.0012330456226883,1.076401158743041e-15,0.002204617943318908,2.8794488197655848,1.3119088956850098,-0.04515894396144695,-0.9961474205913512,anisotropic
anisotropic_001,0.006640106241699867,0.9847853132161053,0.0151215674936709,0.0,0.8878434160913681,0.12207375645995502,0.889024058931915,0.1222360885829068,1.001329787234042,2.0047584300566244,0.3333333333333333,0.0,,,2.7384784509140596,,,150.6,2.1588766422524337,0.10371780407693093,-1.4385314866036396,0.026578999021446812,128.37097991150733,1.0506209166622207,0.4812560424122008,1.4619715223132013,0.1929641525413931,-4.092933753465386e-17,3.422497219841045e-16,0.1878318461896859,0.33579627322313294,-1.6822540341657295,0.14323441717167615,5,0,0,3,1.0,2,753,0.0,5,0,,1.939832888055751,3.1442255564789305,0.0990366248701086,109.81808188020709,1.0006646727221074,5.324442579404919e-16,1.0086148162587196,-0.23423340356983285,0.4223856787957106,0.0,0.0,0.06580623447248599,0.1142880574563597,1.0013297872340423,1.0053497077208614e-15,0.0004615069395435171,2.6072488481304577,1.793195838792524,0.11945449412305643,-1.1701317547548973,anisotropic
anisotropic_002,0.014957264957264958,0.9072564262356292,0.09583452852561852,0.0,0.4050634170642298,0.2783143503953056,0.4059307905483075,0.2789103126017195,1.0021413276231264,1.2930835485420666,0.2,0.00117034734509652,,,4.78977827513663,,,66.85714285714286,1.721789418304402,0.25028356084815456,-1.107516822793038,0.41117141357363685,63.91802697381529,1.1881191282115187,0.13695478240603257,2.077372568263343,0.3394642438163257,4.066751005952954e-18,1.162799780055188e-16,0.04965807156676993,0.2304554285296483,-2.1699304988203973,0.39139085555300107,7,0,0,5,0.47619047619047616,4,468,0.0,7,1,,3.320009662356566,4.24730306708374,0.6680036452245386,47.077087938520506,1.0010700912639068,4.2518304777254294e-16,1.1456145992356381,-0.06156535299650647,0.20566291411277018,0.0,0.0,0.015473123360009708,0.04732383121125952,1.0021413276231266,7.954446457145965e-16,0.00012325506150169443,3.4707255807640296,1.408560445899984,-0.299774291567791,-0.5822323753164631,anisotropic
anisotropic_003,0.007575757575757576,0.9065442461162013,0.13438307469531477,0.0,0.370091266187961,0.22149032889393275,0.3705591438948989,0.22177034195195278,1.0012642225031603,1.0484770614247334,0.14285714285714288,0.00047722786996114863,,,4.041531961221784,,,132.0,1.5778833739621811,0.29261686890672595,-0.8639580795695968,0.44612711204614736,116.27084227959459,1.0171464083366903,0.31486728862168545,2.0893922381074734,0.37300087143347677,9.046261682130906e-17,1.80878732810536e-16,-0.08085344422955398,0.23216788734532595,-2.0669137640512005,0.2290124559744634,6,0,0,7,0.4,6,792,0.0,6,2,,5.021228874821182,4.156306002158673,0.3284261615158235,56.95990831944599,1.000631911595448,4.3284461991572713e-16,1.1456145992356381,0.11867784045718881,0.4123496974378739,0.0,0.0,-0.018242837534360457,0.10708864859723034,1.0012642225031603,8.367281836914829e-16,3.586139556580227e-07,3.216395753793415,1.292272813695936,-0.5919509212962611,-0.267214268694536,anisotropic
anisotropic_004,0.03619909502262444,0.9815783543836016,0.005771986171120005,0.0,0.4402978496313144,0.26071565149339065,0.44229920349327484,0.2619007226365423,1.004545454545454,1.4471236576124424,0.3333333333333333,0.0026124446569666233,,,3.993992799447563,,,27.625,1.6886918160980204,0.15484220194737114,-0.972831217105816,0.25262144057637537,55.59078651608455,1.0276128023019615,0.21825867284373218,2.1566919364788597,0.26774424182147566,-8.527618028512231e-17,6.852778000901586e-16,-0.13906336287864024,0.22444988286097578,-2.0099216630455348,0.36168810180719363,8,0,0,3,0.46428571428571425,2,221,2.0,8,0,,1.9270254474131987,4.1666135995243945,0.5680471412847872,34.11873744083219,1.0022701504811238,2.0557335828564925e-16,1.0545221252091928,0.1636627405488813,0.31738386882563185,0.0,0.0,-0.046677518976017074,0.08828220654813777,1.0045454545454544,3.4603152453359856e-16,0.0012671219999126108,3.731598479920745,1.465571580435585,-0.4190116942235528,-0.9884193387114824,anisotropic
anisotropic_005,0.003179650238473768,0.9006067544785965,0.1309770357986283,0.0,0.9314637892624767,0.23365407246948083,0.932947011856844,0.23424660373197154,1.0015923566878984,1.3193863171434015,0.3333333333333333,0.0009178859605558457,,,3.319774644769409,,,314.5,2.1052153929996225,0.033828844329503775,-1.4250261542990206,0.05762730444551937,74.89414099690693,1.1411969917417504,0.579110169493535,1.7315854234648098,0.05018465744414175,3.883132995509291e-17,2.4961724303398646e-17,-0.2291844969835186,0.29868605976807755,-1.4390566864143095,0.30836994387480005,2,0,0,3,1.0,2,629,0.0,2,0,,1.6393400363315374,3.170642109879119,0.3585546013189418,73.0135328789575,1.0007958616460695,3.1401849173675503e-16,1.1456145992356381,0.29976422609421194,0.383487086237897,0.0,0.0,-0.07623852279931348,0.10110207666763804,1.0015923566878986,6.280369834735101e-16,0.004690343880465092,1.6164948324214368,1.1803871752549608,0.2726451272741385,-1.2680246374722535,anisotropic
anisotropic_006,0.018036072144288578,0.9281807252656423,0.08866821829792491,0.0,0.3740304633954765,0.26445118833245895,0.3747815285830176,0.26498221481505424,1.002008032128514,1.3705973228763295,0.14285714285714285,0.000977855784517569,,,4.04205402731145,,,55.44444444444444,1.5017889965959281,0.3226300262247682,-0.6768130123965085,0.5884525426510595,85.94817490955175,1.0252766363429815,0.21201123953010678,2.069385432093261,0.2778444887583607,-2.7687592687156014e-18,1.323620020786903e-16,0.041076096226671514,0.18883802630953705,-2.24429541273495,0.3137133353211663,9,0,0,7,0.3611111111111111,6,499,0.0,9,1,,5.208427017208565,4.313680844828211,0.30336780851542494,32.12085672636163,1.0010035125455423,2.482534153247273e-16,1.0611599599320876,-0.08307334326882819,0.5239938604146749,0.0,0.0,0.013863819411517899,0.10855710202716809,1.002008032128514,3.925231146709438e-16,4.2590566331944606e-07,3.9665673001441717,1.517395278673367,-0.44627979682238245,-0.0922265288662758,anisotropic
anisotropic_007,0.010940919037199124,0.8724082134855561,0.1341030661760983,0.0,0.3508890031285956,0.18739575309218137,0.35165849655650916,0.18780670869106764,1.00219298245614,0.8814985026839773,0.16666666666666663,0.0008933222986080246,,,3.8417182933032215,,,91.4,1.3498269140065262,0.15562373848893482,-0.5646558433804161,0.22543689958605326,43.909115826586806,0.9950549356255347,0.12767929244204745,2.383634044574865,0.35781561518492,2.0377572714564142e-16,4.401372656463562e-16,-0.0008074751337232511,0.11534269612445755,-2.295114706423184,0.18448686738370046,5,0,0,6,0.1,5,457,0.0,5,2,,3.8774149842166215,4.678748750998048,0.40927634217297615,21.78743113492994,1.0010958907398133,3.3306690738754696e-16,1.0313601595775355,-0.028803658890646233,0.404793226836293,0.0,0.0,0.007585190928721519,0.09941262115696235,1.0021929824561402,6.080941944488118e-16,7.36804077432177e-05,2.926296153596567,1.2077750808852374,-0.16066232640685277,-0.7770342952266818,anisotropic
anisotropic_008,0.014035087719298246,0.9973039082674355,0.098501234040481,0.0,0.7207662283454067,0.2065068019340553,0.722032952824045,0.20686973128719088,1.0017574692442883,2.1215056441461044,0.5,0.0,,,4.904621063380115,,,71.25,1.7612538497017125,0.23861712322172465,-1.2391283621456075,0.6752262355012889,184.70396797932602,1.3085454482023935,0.17209944272924327,2.0663713692607324,0.4956166589004898,-1.0066022089934752e-15,1.3337717462184752e-15,0.009377383970825664,0.056981410671599377,-2.2082885985325102,0.6074737973238126,8,0,0,2,0.8214285714285714,1,570,1.0,8,2,,0.9946150854455015,4.274659967793243,1.0993426160565276,184.70396797932602,1.0008783488737718,4.893624750040534e-16,1.0084496361033974,-0.032263152010185675,0.04976706229230864,0.0,0.0,0.004947591495830678,0.009986798410739907,1.0017574692442883,8.26565116085183e-16,0.00538491455449852,3.569069420375343,1.8137979436668867,-0.017039605162871476,-1.5598809341487418,anisotropic
anisotropic_009,0.004077471967380225,0.7817744696478327,0.3337082741911819,0.0,0.26955968509215705,0.3029950943107349,0.2698347459953125,0.30330427297839924,1.0010204081632657,0.7732322423493494,0.14285714285714288,0.00038528488584018626,,,1.6914959223720214,,,245.25,1.4659904829376913,0.3645926052229714,-0.4225782344220783,0.7467207254543752,41.15802359186946,1.0448374200136596,0.26217458243611497,2.5752272241720364,0.5103500499919381,2.897218086687462e-17,1.8963780767514678e-16,-0.06320986019800624,0.1344186197103834,-2.2079924509009867,0.23380733270352208,4,0,0,7,0.16666666666666666,4,981,0.0,4,2,,2.778768922363571,4.783219675073023,0.7335898719769901,23.257932430201897,1.000510073993893,5.285718846720614e-16,1.0150974690644547,0.36942549697919436,0.4888555778720771,0.0,0.0,-0.06467781162457364,0.09342567819195834,1.0010204081632657,8.694778322860238e-16,0.000498605323640634,2.6123563549054163,1.0880062225425946,0.033194636760314984,-0.24038313021569202,anisotropic
anisotropic_010,0.004479283314669653,0.9167880873925469,0.10492458648504634,0.0,0.788850318003078,0.15172278177680748,0.7897346793461315,0.15189287458148992,1.0011210762331848,1.6036297181321217,0.3333333333333333,0.0006465288568752766,,,4.135305964263228,,,223.25,1.8723529079519208,0.17571696811047852,-1.1724897893535118,0.24435233400925255,57.13737102927373,0.888242448026593,0.38679658692401037,1.936574595021031,0.5483445114186086,2.3895281672223413e-16,9.52493926229635e-16,0.19773724753325791,0.3594668547529082,-2.1733405912912342,0.40469812264482496,4,0,0,3,1.0,2,893,0.0,4,0,,1.6920099632188266,4.109915186312265,0.9304068377984844,54.68949140739457,1.0005603811031019,2.220446049250313e-16,1.0078246249545855,-0.22729415043588236,0.48321437639182596,0.0,0.0,0.06404367988647486,0.13442899506781303,1.0011210762331846,3.1401849173675503e-16,0.00520804410849976,2.386858820594262,1.5204846531342722,0.13679162736090003,-1.6227684335490775,anisotropic
anisotropic_011,0.012448132780082987,0.9835114007268029,0.018923763093349796,0.0,0.5861422646664556,0.17292777128977666,0.5885845241025658,0.17364830367015088,1.004166666666667,1.0486194222758674,0.16666666666666666,0.0016939763089786903,,,3.5576874365543585,,,80.33333333333333,1.587042696795678,0.3690046200770937,-0.9300003243485762,0.5715026001434903,190.57010971493952,1.1554129468338683,0.2654490502219516,1.4788904117974873,0.11637763368487523,1.0073392865201974e-16,2.266238721767037e-16,0.0805989678734685,0.10291099763978748,-1.9526607137049539,0.33635950996733627,3,0,0,6,0.6666666666666666,3,241,0.0,3,1,,2.9026002436980196,3.431551125502441,0.34390877159567357,89.90860491852582,1.0020811677038275,2.7194799110210365e-16,1.1456145992356381,-0.4423659102268653,0.324982912719809,0.0,0.0,0.10903379377877427,0.0834257089121593,1.0041666666666667,6.473657049138938e-16,9.2576253883941e-06,2.1484614763534564,1.1870607754555482,-0.026716662466338324,-0.6794058278297719,anisotropic
anisotropic_012,0.018957345971563982,0.910409447107686,0.06560920490672767,0.0,0.5861653660547917,0.1996135903985413,0.5889566297026724,0.20056413130520123,1.0047619047619056,1.2335178214779152,0.3333333333333333,0.002736257199950829,,,3.121671946681182,,,52.75,1.468464585056702,0.054071710259181394,-0.42423607172658806,0.2151191983301804,13.775332886790364,1.0111162898599484,0.07815606424990486,2.5829060983928445,0.5894056174529412,-1.5574692667727313e-16,1.0960556583490529e-16,0.09957366772553894,0.14762419112041378,-2.423161129463882,0.17960480762352696,4,0,0,3,0.6666666666666666,2,211,3.0,4,1,,1.661995290534338,5.006067227856727,0.47027625116117155,10.830171955428808,1.002378124642545,2.8665835232995054e-16,1.0262553691226792,-0.053597115462484496,0.34431385727229485,0.0,0.0,0.03181156643062101,0.07080989316545779,1.0047619047619054,4.622227044373279e-16,0.021426153849893943,2.5444092091769566,1.250630646654214,0.6356483870481741,-0.004618390511789805,anisotropic
anisotropic_013,0.007155635062611807,0.981863672059376,0.013846192652095671,0.0,0.6288744496940658,0.33752723416848535,0.6300014648368867,0.33813212168491635,1.0017921146953401,1.4031102909264237,0.3333333333333333,0.0010328269574054196,,,2.4145569800277897,,,139.75,1.9195202607336137,0.24234011220977802,-1.1960760274904592,0.25792437656838807,76.32023993873914,1.1240071588677876,0.21264903417917141,1.793772430056027,0.23758374799502344,-1.4712937685909051e-15,2.5801190227694224e-15,0.17705977298210962,0.22206321102275875,-2.0712059451257003,0.4866214977204429,4,0,0,3,0.6666666666666666,2,559,0.0,4,0,,1.9283042580708027,3.864978375181727,0.7114415109835139,59.162920397050904,1.0008956562476135,2.8665835232995054e-16,1.0059128548413496,-0.2477547309363005,0.31664598849476455,0.0,0.0,0.06380663781388422,0.07969053676701066,1.0017921146953401,4.440892098500626e-16,0.0009154178024132291,2.471291720170226,1.3809613142231059,-0.037890789268693284,-1.2132009635422367,anisotropic
anisotropic_014,0.01675977653631285,0.9346709671179606,0.07110140913880926,0.0,0.3987025383746189,0.23334534906070772,0.3994463863939746,0.23378069486119415,1.0018656716417909,1.3835584941427084,0.14285714285714285,0.0009086592857993781,,,3.4233752110632953,,,59.666666666666664,1.4537757906258912,0.23107190071131237,-0.5569260392313742,0.49886858739082185,92.95497443079212,1.0219260467378157,0.16704306127923424,2.307055978142235,0.2980011563612402,3.069021230910839e-17,2.514230105180569e-16,-0.055859326862489116,0.1413739045436593,-2.2473663212273056,0.5185389574755758,9,0,0,7,0.3611111111111111,6,537,1.0,9,3,,5.266935952546966,4.5544222993695405,0.5452717431783747,32.924658858638786,1.0009324011349574,3.3306690738754696e-16,1.0594132718370786,0.10626571366550464,0.476963966174943,0.0,0.0,-0.03331719777177608,0.09877544765988731,1.001865671641791,6.131407058289218e-16,3.181008068068995e-07,3.993101575073622,1.4452411219920345,-0.2173988947106836,-0.0007955464342956908,anisotropic
anisotropic_015,0.008639308855291577,0.8414231939176643,0.24333668657071175,0.0,0.4531959527198506,0.2653130387392194,0.45368589429035844,0.26559986364596444,1.0010810810810806,1.480148033459739,0.2,0.0004829520469761869,,,5.192468620853538,,,115.75,1.6242455378987544,0.28518148166913665,-0.895668842793387,0.53978739215976,59.790964132701774,1.1791189134485354,0.23240419567180262,2.1434781564862355,0.3336505453717472,7.769163282474096e-17,2.301032084912246e-16,0.014710459642174337,0.20082237438067002,-2.419775553911035,0.5731727961533707,8,0,0,5,0.5,4,926,0.0,8,2,,3.009610194144052,4.563253710397271,0.8456184142547908,27.650490188656285,1.0005403945274178,4.519498061120574e-16,1.0195673642182095,-0.1794323117214413,0.33089321158986224,0.0,0.0,0.04100177755283713,0.08454078866013423,1.0010810810810806,8.392497208503152e-16,0.00014683978683817427,3.729592487139371,1.451701476602839,-0.29198322917534275,-0.804956614364194,anisotropic
anisotropic_016,0.0024509803921568627,0.9685699332582458,0.018111429963381213,0.0,0.18507538525953457,0.23365407246948083,0.18530247162181615,0.23424660373197154,1.0012269938650304,0.26205726850882793,0.14285714285714282,0.0006550520635108418,,,2.27188735830665,,,408.0,1.690825334014693,0.4011043200231649,-0.9541058641559157,0.4864263832730388,36.65882933609938,0.8908762159187091,0.04191556943139273,2.148310300745358,0.20084166888506302,5.496692425840236e-16,8.081358243225312e-16,-0.15717686790719862,0.3664747852632579,-1.8480256833806448,0.34221585281325306,2,0,0,7,0.0,2,816,0.0,2,0,,1.8765834551190836,3.996335984126003,0.5430575216983159,26.10036327383235,1.000613308858637,0.0,1.1456145992356381,0.24374461867929614,0.335419463098624,0.0,0.0,-0.06692415819093983,0.10889878864540288,1.0012269938650302,2.220446049250313e-16,0.003192454272423371,1.7823907201846867,0.9099402706000189,-0.09688371374739341,-0.807854825217392,anisotropic
anisotropic_017,0.002328288707799767,0.8330910662008973,0.18615396992928138,0.0,0.7041097530283431,0.23365407246948083,0.7049303937661388,0.23424660373197154,1.0011655011655018,0.9969221233930798,0.25,0.0005820721769499437,,,2.5188642577799483,,,429.5,1.32793342288336,0.06424125077540362,-0.5813326987421974,0.3683273432244689,14.396232463689582,0.8331578050820021,0.08773476553361977,2.445181917112468,0.6497232125890889,-6.307204144552694e-17,1.900926841712603e-17,-0.10353604723004046,0.23857222560405233,-2.4603632355505693,0.40326215603017546,2,0,0,4,1.0,2,859,0.0,2,1,,1.4227347496879277,4.905545152663038,1.0529853686192643,13.427547946476645,1.0005825808825084,0.0,1.1456145992356381,0.25357669962460083,0.6505201464879408,0.0,0.0,-0.06543878790742273,0.1587976887849823,1.0011655011655014,2.220446049250313e-16,0.03520718869962719,1.6795310105577776,1.088043008909472,0.5701092408927539,-0.6408988250930396,anisotropic
anisotropic_018,0.02122641509433962,0.9936676962090105,0.0013782182533611687,0.0,0.5902071336314914,0.2677137345750985,0.5916024223634805,0.2683466275646376,1.0023640661938542,1.9442292997261268,0.3333333333333333,0.0013616751631830633,,,5.228089993478491,,,47.111111111111114,1.9008565047665944,0.23916593559194171,-1.1792899652587312,0.3286866150683849,160.25316305910442,1.0691533642140785,0.16738868056353642,1.9152679990890569,0.32383601172353954,-1.013631293971186e-16,6.057242493147486e-16,0.03191204189112214,0.2900041072243924,-1.9324888117524854,0.41496148383831966,9,0,0,3,0.6666666666666666,2,424,1.0,9,0,,1.974752880464199,3.847756810841543,0.6856257533292064,92.5733182227257,1.0011813353203571,3.925231146709438e-16,1.0306231789341356,-0.04167046028991314,0.39428619896778794,0.0,0.0,0.014503639348370309,0.09886825210215751,1.0023640661938533,7.447602459741819e-16,0.00015560325025284252,3.8070779298791138,1.8838022261683225,-0.36870591431366545,-1.349762585231669,anisotropic
anisotropic_019,0.009287925696594427,0.9852508661805791,0.014978865553539573,0.0,0.3397449973139397,0.2350594152839757,0.34009597355083443,0.23530224525844273,1.00103305785124,1.2350910792271446,0.14285714285714285,0.0005516227903249178,,,4.906431653620651,,,107.66666666666667,1.5862080944952657,0.363801686880835,-0.8790321947024511,0.7663798532639357,375.22056354855823,0.9899772950020282,0.19392734123599337,2.030052208427324,0.4546821766269214,2.6245107069914263e-16,3.633082368705941e-16,-0.219725280123081,0.25277552870557535,-1.7379223702648532,0.3125727682241739,9,0,0,7,0.2222222222222222,6,969,0.0,9,2,,5.825437447923843,3.7679745786921774,0.5413129458766522,136.37049719250487,1.0005163955934155,3.8459253727671276e-16,1.0306031706879906,0.3366332675236554,0.455678526685078,0.0,0.0,-0.06633022047516068,0.09081665376879437,1.0010330578512399,7.28021923224409e-16,7.656653238683555e-11,3.944055740560304,1.569400954719864,-0.9874526880266696,0.11703614706427068,anisotropic
anisotropic_020,0.03333333333333333,0.7737853866044262,0.33714807844155353,0.0,0.5769461598153198,0.2985290914883756,0.580818281693275,0.3005326424379619,1.0067114093959737,1.4467856762540856,0.2,0.0,,,1.568016210785889,,,30.0,1.3838593594916644,0.33509457818808946,-0.7310762031802903,0.3593362603984924,24.993061668604,0.9767762147774466,0.2377854795971499,2.1073365898719802,0.34014730202731547,-8.88178419700126e-18,2.0316238723099596e-16,-0.042889359946421096,0.23251983505268875,-1.9744470929963334,0.33362317002416164,5,0,0,5,0.7000000000000001,4,150,0.0,5,3,,2.735981778480742,4.0817836828683145,0.3665253025191293,10.889711617348873,1.0033500931359767,1.5700924586837752e-16,1.0783296237448923,0.14392331411787462,0.6259440317599149,0.0,0.0,-0.03671218418871873,0.16754506381866516,1.0067114093959733,2.7194799110210365e-16,0.0012269709642081278,2.8285822135034144,1.4374410441516736,0.25211456084301076,-0.8211136994586652,anisotropic
anisotropic_021,0.0023837902264600714,0.8105816184160343,0.21453087333562404,0.0,0.9682808197755175,0.23365407246948083,0.969436286147564,0.23424660373197154,1.001193317422434,1.3709899437264896,0.3333333333333333,0.0006881409644691601,,,2.130586312170705,,,419.5,1.9027865787741947,0.08172370244586703,-1.2171305746284156,0.08683914066844241,13.276809232000986,1.1690333903381802,0.33732842342094776,1.9158896718374048,0.10598978020755795,-9.342281947382128e-17,6.47499392973285e-17,0.10009530628118452,0.3082402217036747,-2.0728656457225365,0.34785853710122366,2,0,0,3,1.0,2,839,0.0,2,0,,1.3601086158420603,3.9887553175599413,0.24186875689366555,12.509619050099868,1.0005964808165349,2.220446049250313e-16,1.1456145992356381,-0.12296513905567885,0.417524517130225,0.0,0.0,0.03400270996449402,0.10566051864180445,1.001193317422434,2.220446049250313e-16,0.041886455112467594,1.6352091883782747,1.1536308681432723,0.5104568993680324,-0.8422502933367713,anisotropic
anisotropic_022,0.005698005698005698,0.9638791732364711,0.02916524324882659,0.0,0.14472059790114905,0.23365407246948083,0.14513408532372377,0.23424660373197154,1.0028571428571431,0.20525059182742425,0.2,0.0012741128076921918,,,2.6472365921722685,,,175.5,0.8717097969998802,0.003549771919790703,-0.29000690838332166,0.25275664362376893,39.58325854014045,0.6347295137124427,0.06907244932692448,2.006845470337378,0.23564611363992552,-5.819972550741561e-17,4.6521258035074815e-17,0.028969694653646003,0.38690752709932014,-1.9734499649659183,0.6548345706224801,2,0,0,5,0.0,2,351,0.0,2,2,,1.8589767326118092,3.980295435303297,0.4191884569825544,31.514418131715882,1.0014275524755363,0.0,1.1456145992356381,-0.12490326519679712,1.2542682638148708,0.0,0.0,0.033170592084342906,0.32595602018974984,1.0028571428571431,0.0,0.003391347199307635,1.737380186977404,0.9964630737397816,-0.07806917956009261,-1.3450361201340866,anisotropic
anisotropic_023,0.008051529790660225,0.9952956779424279,0.0036495774360911486,0.0,0.34120781137036443,0.2065073592245536,0.34175814654999426,0.20684043561039983,1.001612903225807,0.8812017361434255,0.2,0.0007201507173912398,,,2.8033139917440186,,,124.2,1.2992806456763224,0.41308600134686774,-1.0098484842341828,0.3888600598952761,609.9977417333769,1.148347342177816,0.29816100082232233,1.5537972553387884,0.20558389201542684,-1.3730294410823175e-17,8.578892572476634e-16,0.04821215773220393,0.11255358531310611,-1.8260179385377646,0.18893889641800915,5,0,0,5,0.2,4,621,0.0,5,2,,3.9624939043698943,3.3798151938765537,0.22503816334905644,274.7707161378158,1.000806126692781,2.482534153247273e-16,1.0179773059378263,-0.3273042559952427,0.3340399311309587,0.0,0.0,0.10781555933027247,0.10039782708962304,1.0016129032258068,4.1540741810552243e-16,3.4923479146063503e-09,2.8481314116863112,1.3799552507323591,-1.0172731159783253,-0.3940319670860384,anisotropic
anisotropic_024,0.01652892561983471,0.9873995351353383,0.008797109300804953,0.0,0.47608333011093745,0.35291709088387785,0.4773984774316857,0.3538919999747172,1.0027624309392262,1.438331430631598,0.25,0.0013774104683195454,,,3.1496810206410455,,,60.5,1.5890877814897817,0.24908350701421392,-1.0352956312318806,0.3640395865224789,167.37137504326313,0.8354007696740123,0.3357796193299779,1.9434947006279206,0.24385304616528491,-2.202095255454856e-17,7.573146292767837e-17,-0.33907906169742447,0.18046371718376464,-1.475190903782532,0.19879913760818124,6,0,0,4,0.5333333333333333,3,363,0.0,6,0,,2.925028304220547,3.4186856044104528,0.30595400831146946,98.96506901456952,1.0013802629067674,1.7199501139797033e-16,1.1456145992356381,0.6075984091279998,0.35611135168256,0.0,0.0,-0.17099681451357793,0.08900786604168086,1.0027624309392262,2.220446049250313e-16,9.23083557271547e-06,3.076738341560542,1.602133062152454,-0.538287022274072,-0.8549132728105069,anisotropic
anisotropic_025,0.010404624277456647,0.9675045451916504,0.01779759580703234,0.0,0.46057533706185844,0.2740124730693754,0.461108410368643,0.27432961713542786,1.0011574074074074,1.6037721658152966,0.3333333333333333,0.0006674569586007231,,,4.79623622040618,,,96.11111111111111,1.6640692456431432,0.21089157690367571,-0.8281055029503589,0.38091176347877825,34.71179255294883,1.0999332942359497,0.2224265797822182,2.481470506190128,0.5523140476169148,-1.500262841240417e-16,4.926166026019856e-16,0.06703995203811203,0.19646386188529585,-2.4626749714025475,0.2872090550697565,9,0,0,3,0.4444444444444444,2,865,0.0,9,2,,1.8724468443495152,4.9441454775926745,0.7798874817761574,24.364697359227026,1.0005785363515487,3.597533769998862e-16,1.011067804089959,-0.06634043152139152,0.3275770991433349,0.0,0.0,0.02224052316248419,0.08340190837893495,1.0011574074074074,6.661338147750939e-16,0.0034744464048307388,3.9399319624805385,1.58043331537828,-0.21046093122193352,-0.9837498120253425,anisotropic
anisotropic_026,0.00936768149882904,0.9051374245461343,0.12584537697101283,0.0,0.3848642654341896,0.3626340824008858,0.385767702676993,0.363485336115442,1.0023474178403757,1.0176798024352218,0.14285714285714282,2.997944808332385e-17,,,3.154508982450632,,,106.75,1.691635753736783,0.3688445383190378,-0.9676439095096088,0.6699627366469427,57.109299740645184,1.129322349293531,0.25337435555248156,1.8930719648859342,0.41883951853993845,1.3052270687630648e-16,3.0336022584696107e-16,0.14409242156110333,0.18332087191925234,-2.2550239639541063,0.27442804746636645,4,0,0,7,0.3333333333333333,4,427,0.0,4,1,,3.3246062059709645,4.148095928840041,0.6853846946308376,30.32886353955278,1.0011730209311356,2.220446049250313e-16,1.041362888295994,-0.2796804526760825,0.12987055137946027,0.0,0.0,0.06698265608102404,0.04682597424555605,1.002347417840376,3.8459253727671276e-16,8.859176727047438e-05,2.5699773849544747,1.189115462663558,-0.16611756260663232,-0.8304552225348178,anisotropic
anisotropic_027,0.014184397163120567,0.9096362333466264,0.0850975563953064,0.0,0.7594557129232398,0.23365407246948083,0.7648803965869769,0.23424660373197154,1.0071428571428567,1.0817042304466142,0.16666666666666666,0.0038845571454267,,,1.8418529984802183,,,70.5,1.3032669656188265,0.14878346930098837,-0.6205134589923438,0.2553565519540477,18.407014137033826,0.8976071213460819,0.07242979699911892,2.222715317809379,0.029182915640207484,2.929099043691902e-16,4.142371593123151e-16,0.0701609150064127,0.031767955199895406,-2.160425415194957,0.1590768420768532,2,0,0,6,1.0,2,141,1.0,2,0,,1.6621177481385283,4.383140733004336,0.188259757717061,15.815219006481628,1.003565073696199,2.220446049250313e-16,1.1456145992356381,-0.023102642299236358,0.021333573542512686,0.0,0.0,0.0090442816482601,0.002732628726730124,1.0071428571428571,2.220446049250313e-16,0.01655716263009279,1.7105847941621735,1.0499862335062218,0.6647006577654611,-0.013932062220430197,anisotropic
anisotropic_028,0.02857142857142857,0.9023003529325134,0.12216256667546242,0.0,0.48385770253186133,0.2753015201911256,0.4885101804408217,0.2779486501929635,1.009615384615385,0.9329723969502814,0.2,0.0,,,2.396943234091538,,,35.0,1.6236649422288156,0.17370328511610938,-1.07284292554803,0.2675686586575442,94.17804566046898,1.1892528063322994,0.08826765468318785,1.6900379804211643,0.042571123166395754,-2.925349556948825e-17,2.825994998562483e-17,0.11570024122176294,0.1231489792679237,-2.0932342194443883,0.20075249673788195,3,0,0,5,0.6666666666666666,3,105,0.0,3,0,,2.472285166099888,3.7832721998655523,0.23619370247036936,83.68361551946793,1.0047961905856255,0.0,1.1456145992356381,-0.22352945492097118,0.031299189851056536,0.0,0.0,0.060058083476400674,0.0074387032613356455,1.0096153846153848,0.0,0.00048759010154082597,2.2026247054943733,1.098242557196786,-0.08249816570305461,-0.551334011710999,anisotropic
anisotropic_029,0.004333694474539545,0.791267870625416,0.32900791318041206,0.0,0.36678802647289793,0.30624711590424686,0.36718584428902923,0.30657927112757044,1.0010845986984815,0.923365912627291,0.2,0.0005934155552602056,,,2.202258295968776,,,230.75,1.3336534056635472,0.17420794573121198,-0.6579176627127333,0.32804181433850627,48.129335645886265,0.9544148542947961,0.20228209058217897,2.2032348984635393,0.4436493927448894,-4.691083202641507e-17,2.3042297639810234e-16,-0.059212478279529315,0.2888726476177569,-2.0948955321229823,0.2771778860888014,4,0,0,5,0.3333333333333333,4,923,0.0,4,2,,2.8291579931423096,4.2981304305865216,0.1746805913961442,31.11204652531932,1.000542152384637,3.3917873657517345e-16,1.007977552402963,0.19417734649317991,0.7323247459101547,0.0,0.0,-0.04511190295398903,0.1994284830128657,1.001084598698482,6.409875621278547e-16,0.0003434948415352058,2.5469320003763123,1.2336183263258407,-0.16631081069051432,-1.0707208287039016,anisotropic
anisotropic_030,0.005366726296958855,0.9669142901943087,0.020414722117517544,0.0,0.6153965263079132,0.09569804980328195,0.6164993874661712,0.09586955168464992,1.0017921146953406,1.0763811713881493,0.3333333333333333,0.0010328269574054196,,,3.4862834302548626,,,186.33333333333334,1.7940606050204344,0.14735400805262672,-1.0607605729633256,0.19762769832083057,35.83926982268698,1.0769185247607036,0.235811239264437,2.2154269870519867,0.19680577117911432,1.3664283380001927e-16,5.753289855777461e-16,-0.05836540211325524,0.3050679243842412,-2.187448984332528,0.5018794006155518,3,0,0,3,1.0,2,559,0.0,3,0,,1.8702632500430632,4.402875971384515,0.6535005059921115,26.06154275667511,1.0008956562476135,2.220446049250313e-16,1.1456145992356381,0.025356284592054763,0.4550711580977263,0.0,0.0,-0.009252784670055747,0.12211703992424695,1.0017921146953406,3.8459253727671276e-16,0.003428627205674872,2.172833614652798,1.1355821287810492,0.07485855209387215,-0.8651575260264659,anisotropic
anisotropic_031,0.0102880658436214,0.9791180665906261,0.01308505993220729,0.0,0.43945244381455206,0.3746780183170213,0.44035853132757186,0.3754505503135513,1.0020618556701024,1.2664565532829166,0.25,0.0011879635168510925,,,4.137474738253771,,,97.2,1.5773712253968408,0.01659170181164272,-0.9901021086326308,0.2460431092394594,96.289108613114,0.8838630248176189,0.2928085127359489,1.9822969925470506,0.3073033465173714,1.7324961766990097e-16,3.1627951278741543e-16,-0.11267256423860612,0.2825112545333269,-1.6960263753081748,0.37318216313136243,5,0,0,4,0.4,3,486,0.0,5,0,,2.876359002559356,3.678323367855225,0.16466130826244582,57.6556909459921,1.0010303969760874,4.1540741810552243e-16,1.0220563020172806,0.21921864656656745,0.6492388074393272,0.0,0.0,-0.06893007267544823,0.17845675150005827,1.0020618556701033,7.850462293418876e-16,4.472316632883984e-05,2.7973885876729137,1.4816327636288196,-0.35060722553300905,-1.109183068176415,anisotropic
anisotropic_032,0.026392961876832845,0.9317561502059203,0.057993057364988325,0.0,0.48389266681561544,0.24390401315976604,0.4853158805415435,0.24462137790435354,1.0029411764705878,1.6258475319877899,0.16666666666666666,0.0011972090629438787,,,4.663689214738628,,,37.888888888888886,1.4089816813200038,0.2766588328559496,-0.5667760584979931,0.48002793180786035,58.661018593643384,0.9804131293534739,0.21784594762839152,2.110440133810768,0.36933978326946837,1.2039173105091303e-16,2.587636043649701e-16,-0.05419343291505691,0.19799646376473048,-2.1927930103973483,0.4288223891203999,9,0,0,6,0.5277777777777778,5,341,1.0,9,4,,4.354300396042942,4.303233144208116,0.38542961624109906,23.880106807670792,1.001469508507667,2.7194799110210365e-16,1.0679440880406066,-0.03229494271870102,0.638759131205327,0.0,0.0,-0.00015976297464754941,0.15147571505594049,1.0029411764705882,5.438959822042073e-16,9.754388645964336e-06,3.905570666929373,1.6731583732843214,0.18676184189879122,-0.3487496825554266,anisotropic
anisotropic_033,0.018604651162790697,0.867919568911285,0.127225559668002,0.0,0.35587754808102556,0.2132469910382841,0.3567070994751539,0.21374407027147352,1.0023310023310021,1.1706231526603028,0.14285714285714285,0.0012430755437787292,,,5.179076709377414,,,53.75,1.3623306599051448,0.2898057352776343,-0.37206110731175146,0.40328845375023903,44.01446324921546,0.8578971729674578,0.12950979581746727,2.3780294827592083,0.4813935926148157,6.454785026890445e-17,1.3104442726973818e-16,0.030606770163091535,0.21174184423067627,-2.369523877332375,0.290613347344259,8,0,0,7,0.25,6,430,0.0,8,5,,4.600637983759086,4.747553360091583,0.43760249267799295,17.07397346849065,1.0011648227594705,3.025957901444651e-16,1.0783931252410563,-0.13024439597552373,0.5489450473556918,0.0,0.0,0.027778933247631116,0.12657224649620114,1.002331002331002,6.971331758162561e-16,1.9684499568205346e-05,3.7741098946785647,1.339175320929036,-0.00597077603195361,-0.3106819696245564,anisotropic
anisotropic_034,0.0054288816503800215,0.9768041907150676,0.015091543846121316,0.0,0.43370091478677814,0.3278679639944556,0.4341723288245897,0.3282243422161887,1.001086956521739,1.1947043735960214,0.3333333333333333,0.0,,,3.601059152340243,,,184.2,1.7655802578303277,0.19546222000120864,-1.025012821070457,0.2607636771154516,53.19128286310634,1.0060993796742026,0.11416149332577159,2.104350755316175,0.3581885074685228,-2.565205859285921e-16,9.787530147960564e-16,0.11327771340671973,0.2851204954129483,-2.322240178364608,0.3128544693144489,5,0,0,3,0.5,2,921,0.0,5,0,,1.9085206086926958,4.426590933680783,0.5446732134785108,39.173404355412906,1.0005433306567681,0.0,1.007815566890384,-0.1687052138655347,0.3833068203119675,0.0,0.0,0.0413876183029249,0.0982383954514703,1.001086956521739,1.5700924586837752e-16,0.001657497100297614,2.8722057808982013,1.327141106812815,-0.34668116959264017,-1.1048838760309156,anisotropic
anisotropic_035,0.0103359173126615,0.9902786781833847,0.098501234040481,0.0,0.6805778512736965,0.3388736882071043,0.6814582883387341,0.33931207590206847,1.0012936610608025,2.1455184958357005,0.5,0.0,,,4.8904829728962245,,,96.75,1.7835504419994048,0.2138182547569894,-1.3067937541618577,0.6547502871041596,50.68455593221219,1.3240166858715332,0.15211459573875438,2.0877594577589638,0.5684087405509132,2.617773927572236e-16,3.8299949086795605e-16,0.005837125179618095,0.046197004160701625,-2.1224976565937217,0.5547451943021251,8,0,0,2,0.75,1,774,1.0,8,1,,0.9806518604646315,4.210257114352685,1.1210081743258637,50.68455593221219,1.0006466214707381,3.025957901444651e-16,1.0049797662388895,-0.01618289663879251,0.03738014568234363,0.0,0.0,0.004566260637837931,0.011654930999731652,1.0012936610608025,5.934391687221749e-16,0.019348139535368517,3.5507705552684365,1.8473567713929864,-0.00942980245244346,-1.4872509179328826,anisotropic
anisotropic_036,0.007075471698113208,0.9896196743689519,0.098501234040481,0.0,0.9649684578606609,0.024838511212869476,0.9672497071700246,0.024897231097533428,1.002364066193853,1.6756955965491287,0.5,0.0,,,3.3712155553415997,,,141.33333333333334,1.9438148971844924,0.015824632923656174,-1.8006174801692563,0.08075021314603086,47.4193500702842,1.4291351540782211,0.01609432748720425,1.6328107832351286,0.07991379269811232,-2.5137125085852605e-17,7.41201901237112e-17,0.033843996186947556,0.021662342694737418,-1.5610320148955148,0.12646068174408734,3,0,0,2,1.0,1,424,0.0,3,0,,0.9793470998981104,3.193842798130643,0.1981024617256796,47.4193500702842,1.0011813353203574,2.7194799110210365e-16,1.1456145992356381,-0.02166210379122215,0.026703933646741132,0.0,0.0,0.012980287540108687,0.012976716586921443,1.0023640661938538,5.438959822042073e-16,0.020652900101889582,1.9472187237388165,1.4908130798608181,0.06538791620312835,-1.787722551898771,anisotropic
anisotropic_037,0.0196078431372549,0.9768072040941037,0.01014531881408923,0.0,0.4755980294270496,0.2116016192951058,0.47663645307208685,0.21206363156430913,1.002183406113537,1.5614534524302623,0.25,0.0010893246187363703,,,3.9229392699655268,,,51.0,1.4906916019337764,0.23555601365669743,-0.8107061913039951,0.4483035191283379,69.76904695124924,1.0136489865501934,0.24073371160797075,2.3085388088873255,0.36312234795092596,5.912589334726085e-18,4.710898235748547e-16,-0.0053779333052340105,0.19454670867440313,-2.1806877409922514,0.4334210650444477,9,0,0,4,0.5,3,459,1.0,9,3,,2.862662796898099,4.489226549879577,0.6554005222310049,28.265073936039286,1.0010911077986546,4.644396126208125e-16,1.0373598785166698,0.02773732303159647,0.4896439772188765,0.0,0.0,-0.0041989928810799325,0.12875556041430833,1.0021834061135373,8.599750569898517e-16,8.103288909413643e-05,3.961248023735129,1.532258269515362,-0.1151139765645746,-0.30374833943073476,anisotropic
anisotropic_038,0.002336448598130841,0.7023741555680423,0.35681319910938236,0.0,0.8458219585184982,0.23365407246948083,0.8468112239670583,0.23424660373197154,1.0011695906432756,1.1975719177039743,0.25,0.0,,,0.9837444640597206,,,428.0,1.4204765646214805,0.010753042722922714,-0.5879482921902588,0.21313532993367387,10.542271838014779,0.8610663478336713,0.1458704048084672,2.429516894150062,0.03537333681829323,-1.0894711923891723e-16,2.8613834527414593e-16,-0.0392911969315663,0.30107442037502646,-2.577928279016685,0.9980021773632916,2,0,0,4,1.0,2,856,0.0,2,1,,1.1139745678785125,5.007445173166747,1.033375514181585,10.288255513164524,1.0005846244287764,0.0,1.1456145992356381,0.08220272406533405,0.759176737530858,0.0,0.0,-0.02751014562472185,0.18783626513790672,1.0011695906432756,0.0,0.07064313734900916,1.6602886493997582,1.1171928943774343,0.7328525240747028,-0.31506278652744735,anisotropic
anisotropic_039,0.03146853146853147,0.9770926715717434,0.012637012924208917,0.0,0.3706477020030572,0.2430286654651685,0.3719482202556995,0.2438813976246954,1.0035087719298248,1.3287373697996048,0.19999999999999998,0.0015636839003495002,,,4.407739736575686,,,31.77777777777778,1.3999514281766794,0.2815174268114406,-0.74906258109035,0.3978272999977201,113.47761899276952,1.0053220419303375,0.21484142204257659,1.8779872197061072,0.33347508042924795,-8.626441527778974e-19,7.227887336363297e-17,0.06919637243779125,0.19501771516261665,-2.2407892956472306,0.280694554323845,9,0,0,5,0.38888888888888884,4,286,0.0,9,3,,3.8193194376437676,4.118776515353337,0.30980558468276537,56.05870176865347,1.001752849723835,2.603703785810335e-16,1.0777220082364842,-0.27909508452596193,0.5256902829200372,0.0,0.0,0.07287265202807529,0.1417904442504262,1.0035087719298248,5.768888059150692e-16,2.456873090728914e-06,3.954658580630212,1.556866534223369,-0.7743482215467193,-0.5898425414710049,anisotropic
anisotropic_040,0.020151133501259445,0.9648038099006159,0.03606622249724752,0.0,0.5044926851223923,0.28518519725661,0.5057666565494692,0.28590536189614696,1.002525252525253,1.6361477540254212,0.3333333333333333,0.0014542827939285417,,,5.227872364280064,,,49.625,1.768546035237439,0.2864869436162187,-0.9178038840757983,0.582125197375002,58.32728135925268,1.025757552073956,0.26837385393856195,2.123855065619904,0.694968481989179,2.335103842725455e-16,5.326797084072837e-16,0.11183195950869301,0.2697968043761124,-2.2809483837019857,0.5834916375678648,8,0,0,3,0.46428571428571425,2,397,2.0,8,2,,1.8629935556027084,4.404803449321891,1.2362110871021292,50.83206960821443,1.0012618301549563,2.3737566748887e-16,1.024253922939922,-0.1316410631032145,0.3746410962038796,0.0,0.0,0.037077102070109086,0.09720927168354414,1.0025252525252526,4.7475133497774e-16,0.0022710528522147345,3.687908744353446,1.561964511032639,-0.09067187435703025,-0.8663233450181433,anisotropic
anisotropic_041,0.011532125205930808,0.9614607335636116,0.03893280019331678,0.0,0.41982841897439643,0.2630592676603986,0.4205212051443211,0.26349335886115843,1.0016501650165015,1.30411844640679,0.2,0.000902343587323173,,,4.55574591322406,,,86.71428571428571,1.422942526225093,0.4522572879991287,-0.8939008315668239,0.5556867072054958,144.89091386042497,0.976822204073465,0.2842420005425943,1.8302469388705986,0.27216346760552695,2.1363105317334146e-16,2.3372264974515656e-16,0.15592620001659777,0.27753132597663405,-2.1633588257734027,0.42160216781217524,7,0,0,5,0.3333333333333333,4,607,0.0,7,2,,3.7021742575313907,3.9936057646440015,0.49980788843933704,104.49123790809779,1.0008247424082308,3.1401849173675503e-16,1.1456145992356381,-0.313759099868746,0.5179683202646289,0.0,0.0,0.08252334525303213,0.132744332106696,1.001650165016502,6.280369834735101e-16,4.886728426322717e-06,3.439378919127298,1.4811397506291453,-0.4719138061577265,-0.6642058032457783,anisotropic
anisotropic_042,0.008130081300813009,0.9660607157984777,0.017315437971934154,0.0,0.9370143982743526,0.23365407246948083,0.9408389468387374,0.23424660373197154,1.004081632653061,1.3305471986281618,0.3333333333333333,0.0,,,2.8217378077747783,,,123.0,1.9417085121440598,0.004967192174614278,-1.2990139641050895,0.04175544258715148,32.38144914837126,0.694440958206927,0.11947568347165813,1.7411082705485441,0.5152228073905522,-3.610481380894816e-18,4.5953925620012934e-17,0.03614220493199044,0.6173803001164903,-1.762554527503335,0.38895139097020864,2,0,0,3,1.0,2,246,0.0,2,0,,1.8668464376102945,3.503662798051879,0.12627141642034334,22.299079851685303,1.0020387381000102,2.220446049250313e-16,1.1456145992356381,-0.029138740341064173,0.8099098356587526,0.0,0.0,0.008504033146437301,0.2247904332731743,1.004081632653061,3.1401849173675503e-16,0.0038728315905210598,1.5851731471988972,1.2261943663268837,0.3387666275784432,-1.4835381079067618,anisotropic
anisotropic_043,0.015517241379310345,0.9093349265480103,0.09890357468152991,0.0,0.42230659152464034,0.23145074262469245,0.4230359638761509,0.23185048483993376,1.001727115716753,1.4425629985023538,0.14285714285714285,0.000651662884498669,,,5.778954508002612,,,64.44444444444444,1.3580114563852241,0.34649598235927437,-0.35368367548757057,0.7560894113947679,62.13298096274941,0.91699104922108,0.2226165767731582,2.410046272671844,0.35457552030790984,9.44327630140938e-18,2.078363261252109e-16,-0.09822822271293465,0.22777116819760848,-2.340535587172468,0.5192959721677722,9,0,0,7,0.41666666666666663,6,580,0.0,9,3,,5.010249637264377,4.750581859844313,0.3610430391378531,22.271059489286458,1.0008631853139334,2.830524433501838e-16,1.0610767184436192,0.06738805727583978,0.6829588880252425,0.0,0.0,-0.029934012241076773,0.13737906133890113,1.001727115716753,5.324442579404919e-16,2.383360841677461e-06,3.9546617007402545,1.5465247866102119,0.05211630007180466,-0.3906363465527263,anisotropic
anisotropic_044,0.021505376344086023,0.9905210155080814,0.012106522832189503,0.0,0.7306099555180826,0.26090576841804664,0.7345591985208831,0.262316069868955,1.0054054054054051,1.5452102120957143,0.3333333333333333,0.0,,,2.8354453133094752,,,46.5,2.1280503793500847,0.1876217112587934,-1.4189914203011504,0.09319635066051331,570.6560918427948,1.1674421186096906,0.2428833397874977,1.620282674330043,0.2422263170839455,4.797536322808976e-17,1.4422526367888194e-16,-0.128447208943657,0.286431278782721,-1.5294209251965323,0.3473837279411596,4,0,0,3,0.6666666666666666,2,186,0.0,4,0,,1.962410332221408,3.1497035995265747,0.49235342099896656,543.6869984734965,1.0026990602396142,3.3917873657517345e-16,1.039339501874733,0.16577157881518872,0.38196596747029327,0.0,0.0,-0.03836815399117391,0.09277475465410052,1.0054054054054054,6.148136713008272e-16,6.564091138475347e-05,2.40041491876318,1.5103812303595407,-0.13249635801223428,-1.2635665062323074,anisotropic
anisotropic_045,0.016129032258064516,0.9256574382192033,0.05880383239506978,0.0,0.44822982963438446,0.21613896250250694,0.4490345510520402,0.2165270037278256,1.0017953321364454,1.4916174967466957,0.16666666666666666,0.0,,,2.3362141774842673,,,62.0,1.4821574241714754,0.2633158552768084,-0.6249350994587716,0.42619735992210583,51.06183032684648,1.0635885211511773,0.18426684373269234,2.5292232604385263,0.3017313120395957,9.7271630990655e-19,7.020017992006204e-17,-0.09603103058546471,0.13104612215682726,-2.2308192284238837,0.24681939599912786,9,0,0,6,0.41666666666666663,5,558,0.0,9,3,,4.298040027470081,4.76004248886241,0.2892957228840702,21.403545147691517,1.000897263527304,3.6821932062951477e-16,1.0506727320392641,0.2953237504941599,0.37156988530734786,0.0,0.0,-0.0664447555810723,0.08687660415863482,1.001795332136445,7.065416064076988e-16,1.682262935200952e-05,3.9550308187177996,1.545977749338076,-0.022604692305303757,-0.6987688312363285,anisotropic
anisotropic_046,0.011126564673157162,0.9711626958471422,0.018990665193722518,0.0,0.5163380821833854,0.25203815511450645,0.5170572160025823,0.25238918318569653,1.001392757660167,1.621785321681582,0.25,0.0006954102920723182,,,4.0131060159181775,,,89.875,1.4781652078963414,0.1773442983020476,-0.7043299043167871,0.246556704985898,76.78648502463695,0.9267864166078414,0.2674622426677956,2.4552409048743495,0.25927598224216886,8.168400278535571e-17,8.428119685179144e-16,-0.07675590001184586,0.23715998557990497,-2.1809040534625153,0.5118873880603031,8,0,0,4,0.5,3,719,0.0,8,2,,2.8301922361442666,4.636144958336866,0.5087678310230661,50.58910669539232,1.0006961365270515,3.1401849173675503e-16,1.0183990428020777,0.19254891280240055,0.5767310573757692,0.0,0.0,-0.05072820121845533,0.15218435783087522,1.0013927576601669,4.596760034896314e-16,0.00010340698926288334,3.65519677416436,1.6315087081291137,-0.010090060155375365,-0.7807270183773798,anisotropic
anisotropic_047,0.025477707006369428,0.9977686459627689,0.0018681929706393023,0.0,0.4962283023939328,0.2798056984296871,0.4978136963312934,0.2806996463479927,1.0031948881789132,1.6094639040516103,0.25,0.001838695124807725,,,4.955930868620709,,,39.25,1.5643194141164656,0.49985896166425353,-1.0555362571974447,0.2686210672301892,1010.0206913371612,0.8046290668489369,0.23468558565505535,1.5607445865156924,0.34179829669466605,-2.2169103071336726e-16,1.8807755300894346e-16,-0.023035441186382885,0.3573599462850265,-1.5142240428076423,0.3709769161511711,8,0,0,4,0.39285714285714285,3,314,0.0,8,2,,2.9866337928890827,3.074968629323335,0.24722254078880596,539.0929550513921,1.0015961702097873,3.9364301171037323e-16,1.0463199058636907,0.02440644481929395,0.760813109068514,0.0,0.0,-0.008899456780338186,0.21083682150296368,1.0031948881789132,8.049800534370684e-16,4.50804609858107e-08,3.512709605417316,1.9266523918111278,-0.7570671220354518,-1.0390627670204344,anisotropic
anisotropic_048,0.006587615283267457,0.7697257681519785,0.4264953110138748,0.0,0.3621551628355747,0.28386229249567513,0.3626329400952523,0.28423678100820254,1.0013192612137207,1.0104804356152604,0.16666666666666666,0.000721637098162265,,,4.0453317720592405,,,151.8,1.4363855071691993,0.3479505832541794,-0.6910986886367146,0.5445088921234462,68.36604050785716,1.03441556190867,0.23459037362328822,2.0499745431653755,0.5174725373037556,-7.758396472479356e-17,3.799685484600514e-16,0.053289637126857095,0.1944157174982825,-2.149164964607871,0.2095162892162454,5,0,0,6,0.4,5,759,0.0,5,2,,3.6899817920530533,4.199139507773247,0.319195107157472,33.393132546132286,1.00065941319398,1.5700924586837752e-16,1.0175619139360583,-0.01088731693938014,0.6881479857944227,0.0,0.0,0.005331862422529857,0.16378746338382577,1.001319261213721,2.9373740229761033e-16,1.878786719695457e-05,2.8929592627073726,1.2821775682224459,-0.2562479221450216,-0.7491844059978154,anisotropic
anisotropic_049,0.0035650623885918,0.9939226893147777,0.0046785000106404654,0.0,0.09152932979401857,0.23365407246948083,0.0916927750257936,0.23424660373197154,1.0017857142857143,0.1296731660131024,0.16666666666666666,0.0009763325445724976,,,0.5412740132486091,,,280.5,1.8724185051997226,0.07986515911421548,-1.3107416357361026,0.08676998468762866,232.3384623901082,1.3905502642793865,0.0715836823049735,1.6326292431091072,0.13731991980455313,2.2164880349022733e-17,3.134587439796485e-17,0.03497013863901946,0.04312169254854701,-1.7371396695371817,0.15848444894827166,2,0,0,6,0.0,2,561,0.0,2,0,,1.9757865130317893,3.369768912646289,0.02116452914371869,179.81367229119238,1.0008924589014119,2.220446049250313e-16,1.1456145992356381,-0.003878137313997304,0.23734496484148662,0.0,0.0,0.0032372014701853996,0.06937298732886582,1.0017857142857143,3.1401849173675503e-16,0.00010332698576771344,1.7525074961984026,0.9673987455601042,-0.545301263184239,-1.0606094049790618,anisotropic
anisotropic_050,0.016483516483516484,0.9795212739357755,0.022666078064149282,0.0,0.3934942796330058,0.2846159325225927,0.39421628748554344,0.28513816359144156,1.0018348623853202,1.4526067395591207,0.14285714285714282,2.997944808332385e-17,,,5.822190787123136,,,60.666666666666664,1.5054456276088093,0.6124497235929184,-0.7763760114461205,0.7723956000481572,454.15708117354274,0.9299737224967318,0.4158935586286467,1.8168822586297537,0.3580818140445649,-8.946852213096494e-18,1.3285459970191729e-16,-0.01149668291598058,0.23702672156396337,-1.8059661825757383,0.2264091592299366,9,0,0,7,0.3611111111111111,6,546,0.0,9,2,,5.759340312030638,3.622848441205492,0.5067598502179292,238.53930112629314,1.0009170107383136,3.236828524569469e-16,1.0513557338514345,0.04158558708243592,0.45459059414220676,0.0,0.0,-0.00185618630500937,0.09721332119391628,1.001834862385321,4.079219866531555e-16,1.3699259476322016e-10,3.8633554112534196,1.7628137988099304,-0.6683073367428733,-0.40154091581920337,anisotropic
anisotropic_051,0.020618556701030927,0.9828563838402027,0.00618255441279639,0.0,0.322139725067058,0.23421197681601078,0.3232505517052203,0.23501960432227292,1.003448275862069,0.9676038010440241,0.25,0.001718213058419238,,,3.508392802408506,,,48.5,1.656555534496384,0.15561476753323164,-0.9604105788741627,0.6427124182652649,93.76629983784767,1.173286514841194,0.13991621620689873,2.153246500407501,0.8151386128599318,-3.052159517869846e-17,1.6542591960658708e-16,0.09916733285132634,0.14392677886541713,-2.117360625987289,0.4093477584511785,6,0,0,4,0.26666666666666666,3,291,1.0,6,1,,2.898096461724454,4.27060712639479,1.2089353452992442,44.343430930302226,1.0017226541623532,3.293453726225543e-16,1.1456145992356381,-0.09878881397924567,0.258441641789874,0.0,0.0,0.029309336678680672,0.08012761080627041,1.003448275862069,6.358389842764979e-16,3.424539749059482e-05,3.237874550317689,1.248017510594244,-0.6874084312801315,-0.3923856787051574,anisotropic
anisotropic_052,0.018018018018018018,0.7319309486896569,0.37016797701424714,0.0,0.3217219548520392,0.2575594192673332,0.3231777103038586,0.25872484650383715,1.0045248868778285,0.8005646863789914,0.16666666666666666,0.0,,,3.570852400200246,,,55.5,1.3644430248478487,0.409313105179623,-0.4392408319479178,0.42044970206244336,31.377417827450653,0.8537652065725565,0.17838743511271699,2.28950999568295,0.45158847704846466,-1.7103435784765925e-16,4.3212847180189805e-16,0.05685293186261558,0.23032650119306033,-2.4156913772258357,0.3877688256694477,4,0,0,6,0.3333333333333333,4,222,2.0,4,2,,2.553964648219425,4.705201372908785,0.7154172491104643,18.23099112749176,1.0022598898877617,2.5639502485114184e-16,1.068162755654943,-0.017411369824703565,0.4799401763448208,0.0,0.0,0.002810355698844788,0.11222202154341769,1.0045248868778283,3.8459253727671276e-16,0.0014255749368454515,2.606088682178862,1.1155719948268095,0.1663736205860835,-0.6036901530815433,anisotropic
anisotropic_053,0.0031120331950207467,0.8097522843873315,0.16321932743064707,0.0,0.437476800874624,0.4348565481132004,0.4379310862337878,0.4353081125453015,1.0010384215991694,0.9769018448980541,0.3333333333333333,0.0005989110676240909,,,2.442611316221484,,,321.3333333333333,1.5068056155221923,0.15075854529892596,-0.40918679993050633,0.5273682002021544,6.87205138008874,1.028697478411405,0.031023027418789442,3.141648490784552,0.502106919707895,3.187860303073064e-16,2.245592905726961e-16,0.12046233848765876,0.17170206765033202,-2.8264485853248456,0.30121761953511217,3,0,0,3,0.3333333333333333,2,964,0.0,3,1,,1.3380380729879162,5.968097076109397,0.8022990886078136,5.94115299334644,1.0005190760795966,6.843874359417885e-16,1.1456145992356381,-0.14882529338900358,0.3506401126875535,0.0,0.0,0.04703045935677827,0.08109330728381486,1.0010384215991694,1.2658490090568385e-15,0.07461204840378897,2.178325639468903,1.1229995271715003,0.48696124464014495,-0.2663881065979772,anisotropic
anisotropic_054,0.008342022940563087,0.9564167026628332,0.04692289812826061,0.0,0.47399511540371736,0.28122232398205416,0.47448989109829315,0.28151587546846546,1.0010438413361162,1.553219740587377,0.2,0.00046633325912404317,,,4.104845795006731,,,119.875,1.6320188375998055,0.2216150432347945,-0.9509259809121877,0.565658979430189,120.3413988146019,1.1175431335536612,0.28954442735831176,2.2868384761003884,0.6589478050318417,2.0606850717755773e-17,4.71335070035701e-16,0.017798589928796064,0.28467136992632924,-2.2407967628867462,0.45608943459952334,8,0,0,5,0.5,4,959,1.0,8,1,,3.6655369116360506,4.527635238987134,1.0405464087686798,70.14405337010992,1.0005217845385062,4.2793507033930545e-16,1.0175560228544214,-0.06796144455948766,0.3265513975700824,0.0,0.0,0.02323812629438798,0.09842837545454111,1.001043841336117,8.049800534370684e-16,6.808088479774325e-06,3.714069915918752,1.4907669573226876,-0.05912546562400998,-0.6398776450919885,anisotropic
anisotropic_055,0.0021008403361344537,0.8882153754838996,0.098501234040481,0.0,0.1247710914022015,0.23365407246948083,0.12490229128800814,0.23424660373197154,1.0010515247108303,0.17663851431097605,0.5,0.0,,,1.8032530692329238,,,476.0,1.59851117484942,0.23283007089596264,-0.8500762558516407,0.5569515946603966,3.7376873565981694,1.1913946288819048,0.19331281180776005,2.3994715132998525,0.28805331512440385,-1.8659210497901792e-17,3.6943351969030004e-17,0.03450770498311755,0.040686636699474116,-2.4617281427097732,0.35195885160886564,2,0,0,2,0.0,1,952,0.0,2,0,,0.7889265532460048,4.861199656009626,0.6400121667332699,3.7376873565981694,1.0005256242150073,0.0,1.1456145992356381,-0.017120103809781486,0.04446250219134966,0.0,0.0,0.00017239876738240787,0.006557536371966407,1.0010515247108303,2.220446049250313e-16,0.21107344675399523,1.7941079412063698,0.8862182542373871,0.327308879065297,-0.33924187485230695,anisotropic
anisotropic_056,0.03111111111111111,0.9084503882703295,0.08103132422987741,0.0,0.6341693227821543,0.29394256246718603,0.6370004358302888,0.2952548060496287,1.0044642857142858,1.8497449076485846,0.25,0.0022222222222222365,,,3.1004107391343965,,,32.142857142857146,1.55128371065862,0.19879597437422122,-0.8376708214267893,0.4355298628203021,31.326295153518505,1.0656853949302416,0.13245019055650809,2.2591383982196165,0.6357320571733911,3.115673504027423e-17,1.9368872320240005e-16,0.004387510749975545,0.16749346665801554,-2.0646997964453173,0.42408365286625865,7,0,0,4,0.6666666666666666,3,225,1.0,7,2,,2.488978474858433,4.323838194664934,0.764924949681048,23.24171305592969,1.0022296571715914,2.398355846665908e-16,1.1456145992356381,0.03242443956931724,0.40262671215574036,0.0,0.0,-0.002666314209826986,0.10558285511834213,1.0044642857142858,4.532466518368395e-16,0.001921606052122232,3.3791550493058704,1.625980059149139,0.3844919260268518,-0.5863786795478418,anisotropic
anisotropic_057,0.005758157389635317,0.8492279647326644,0.10638776728499168,0.0,0.368135721776941,0.46547936886459046,0.36884367508805044,0.4663745214970224,1.0019230769230765,0.9182305584985347,0.2,0.0008583754232244865,,,1.9819620385110857,,,173.66666666666666,1.5761988628623012,0.22441479433939696,-0.8089537140874646,0.4396053837608356,12.851180309221968,1.15801719339258,0.16314922112645294,2.36121362754654,0.45445067177012977,3.750465495854654e-17,1.6941545797359432e-16,-0.1271781091924555,0.023511053936114867,-2.2473879144406683,0.1590971340666507,3,0,0,5,0.3333333333333333,3,521,0.0,3,1,,2.186201122307721,4.608601541987208,0.4090739824972143,8.708646622420584,1.0009610766273964,3.510833468576701e-16,1.1456145992356381,0.2573009393096775,0.3079453581817627,0.0,0.0,-0.05838495988571346,0.06757721197040524,1.0019230769230767,6.843874359417885e-16,0.011919002235679108,2.20192799645205,1.0784486821259134,0.22655522743438722,-0.6988387893069263,anisotropic
anisotropic_058,0.024922118380062305,0.9961038056782175,0.0009099713951993129,0.0,0.44162811369116367,0.32376164152778014,0.4430082015464487,0.3247733966575545,1.003125,1.5439351359073927,0.25,0.0015576323987538804,,,3.2232683899153662,,,40.125,1.1563313783723614,0.4596300352495474,-1.0312998578698864,0.3315608198649876,397.10200968427023,0.8176883241648885,0.41073523735617734,1.7526914278976233,0.18881977846248688,-8.058628184973877e-17,1.581912576015999e-16,-0.0842939507851483,0.3350784524265559,-1.5650683513454546,0.45801903602698163,8,0,0,4,0.42857142857142855,3,321,0.0,8,4,,2.9766700311557646,3.3177597792430777,0.34430208825586683,164.44055683580555,1.0015612812005066,2.0557335828564925e-16,1.039816214053368,0.19228320749970002,0.6671352925043819,0.0,0.0,-0.06369134328314179,0.1937070407863974,1.003125,4.024900267185342e-16,4.4524418110231476e-07,3.570347161944544,1.8173115151768955,-0.7596385413698604,-0.9269601436905024,anisotropic
anisotropic_059,0.06818181818181818,0.9770797629864211,0.022411353614327726,0.0,0.383418234204305,0.2905599209279078,0.3863450909539561,0.2927779355914796,1.0076335877862594,1.4468598100605883,0.2,0.004149413314433088,,,5.799278150725569,,,14.666666666666666,1.331588606129463,0.352748605112614,-0.6658896677425301,0.46128712628216356,157.3980365770955,0.9939109530070971,0.3215988487076231,2.1255297894424268,0.36487037555233637,-3.4764559356949354e-17,1.0068023948986844e-16,-0.05148877885098988,0.22412563194612545,-1.884589607877881,0.3270007282470877,9,0,0,5,0.41666666666666663,4,132,1.0,9,4,,3.820246259262883,4.010119397320308,0.4541183843890396,82.5551812635747,1.0038095376047487,1.3597399555105182e-16,1.1932640939479116,0.13773950610055588,0.6188676388644329,0.0,0.0,-0.04153706478682267,0.16213860396575636,1.0076335877862594,2.482534153247273e-16,1.1207218119215002e-06,3.9689793109739666,1.5442175394721074,-0.48734253365374663,-0.4551915452174904,anisotropic
anisotropic_060,0.008298755186721992,0.9981409883769433,0.0009026565547055809,0.0,0.6470502397761627,0.2466240951971732,0.647722150720894,0.24688019498450156,1.0010384215991688,1.956153440899973,0.25,0.0,,,3.7597399498132584,,,120.5,1.3724835435360028,0.3488905398042747,-1.1875013794958678,0.27906705411582616,962.577928142226,0.9874479923882993,0.2355901437635061,1.451488044677746,0.2517648303255556,-2.971343779598448e-17,6.386655077335812e-16,0.07222235183519254,0.19811883961121107,-1.6363309550774443,0.2615725912232336,8,0,0,4,0.8214285714285714,3,964,0.0,8,1,,2.9888579276120155,3.08781899975519,0.26079427698929436,508.1749116490378,1.0005190760795966,5.241112826866632e-16,1.0149174813779074,-0.1776040261700913,0.47897351446340597,0.0,0.0,0.052145548065203245,0.1367552338671017,1.0010384215991692,9.532044487894809e-16,3.9494606439559844e-08,3.4412974544395123,2.043058142994184,-0.29443627890370805,-0.8968356461755125,anisotropic
anisotropic_061,0.009584664536741214,0.9789333465503763,0.014236026482471768,0.0,0.5628036495931058,0.27192007259289175,0.5634036534839303,0.27220996606047493,1.001066098081023,1.872210702626578,0.3333333333333333,0.0,,,3.5168980806610106,,,104.33333333333333,1.7593006005059653,0.17957929401268075,-0.9637942463857845,0.3741560930062148,60.01890248109986,0.992777082652964,0.24294714566376538,2.199495005396443,0.4972870836778267,5.380988650887045e-17,4.688984910181094e-16,0.1515798459119037,0.2695419018827055,-2.4302629351335088,0.3721250347860299,9,0,0,3,0.6944444444444444,2,939,1.0,9,1,,1.916823658426648,4.629757940529952,0.7171464260824107,44.704843048881386,1.0005329070455522,4.1540741810552243e-16,1.0105402187703139,-0.22208311685175375,0.35872196905763865,0.0,0.0,0.059336092872454706,0.09550596522820515,1.0010660980810235,7.529898907871222e-16,0.0013411450097605292,3.8695517033774465,1.7452104114825568,-0.0856553359275594,-1.0413499212126491,anisotropic
anisotropic_062,0.007641921397379912,0.9934950190626045,0.003915504970445369,0.0,0.5198733325365555,0.30262191953239154,0.5204415001130983,0.30295265387067827,1.0010928961748635,1.5836300773418384,0.25,0.0,,,5.634983135993038,,,130.85714285714286,1.5411672610302092,0.19840792035321383,-1.1425699956071542,0.18267552051557584,315.31229958359086,1.047821726236394,0.23476722311863918,1.647343036641065,0.2246703683771744,-1.7010029622454054e-16,5.20334176454062e-16,0.037950818570034635,0.20815963763847767,-1.7522268246287314,0.23824320496193926,7,0,0,4,0.38095238095238093,3,916,0.0,7,0,,2.9611277210649614,3.3995698612697964,0.22864237576866753,191.83418607346042,1.0005462988662062,5.20740757162067e-16,1.1456145992356381,-0.10955150445675389,0.4765761888172769,0.0,0.0,0.029658177862768604,0.13655287509729436,1.0010928961748637,1.0725773414758066e-15,1.392206243795877e-06,3.2928655157706315,1.7811056233409346,-0.5536626173774415,-0.956655048230596,anisotropic
anisotropic_063,0.004004004004004004,0.7347983856694977,0.39789340403868523,0.0,0.4753010345070173,0.3174154464974558,0.4757772880486075,0.3177334980470525,1.0010020040080163,1.1144376895527204,0.2,0.000447661256756717,,,1.248863948598951,,,249.75,1.1615820970489792,0.36938444445080415,-0.42523744860747337,0.30870118744650193,37.428188059242345,0.8401927978965735,0.2759288603574497,2.3540829988403877,0.06086639510643134,1.675892213348084e-16,1.4360297756253339e-16,-0.05055822069857528,0.2467286583005193,-2.2079146770161877,0.7338543790234893,4,0,0,5,0.5,4,999,0.0,4,3,,2.6346721532624775,4.561997675856576,0.72817302975553,27.624451603281575,1.0005008765653414,1.2819751242557092e-16,1.0101176731914112,0.20786060360031652,0.7686016867986731,0.0,0.0,-0.06389152287112723,0.20468169023551533,1.0010020040080163,1.8129866073473578e-16,0.0010176308706310493,2.490318697124904,1.343997328425266,0.20261671761057387,-1.0637852729655712,anisotropic
anisotropic_064,0.015734265734265736,0.9824372414252581,0.010867051149486252,0.0,0.5889078081507702,0.27594498350260616,0.5899391703366736,0.27642824967336393,1.0017513134851144,1.949580486394612,0.19999999999999998,0.0009575569187153234,,,2.5911414471487975,,,63.55555555555556,1.3401728681473082,0.31665949345515976,-0.8043435806938625,0.38496574761985447,141.16936033924446,0.9786838297325278,0.2818413947179596,2.0541753506770943,0.38680265202445313,9.972166406112517e-17,2.2089303524133944e-16,0.01300667579023957,0.27869734884408354,-1.9814015583416504,0.3435566997608756,9,0,0,5,0.611111111111111,4,572,0.0,9,3,,3.8610860117591397,4.035576909018745,0.4033521078481065,54.53004876774457,1.0008752736905404,4.1540741810552243e-16,1.039644004269647,0.03774632558584149,0.636544005291561,0.0,0.0,-0.009866146367106799,0.18240877228741886,1.0017513134851144,7.928578270080922e-16,8.801299398447064e-07,3.798854527899549,1.897426656972321,-0.07083432171457732,-0.9104717719399642,anisotropic
anisotropic_065,0.004509582863585118,0.80808149088868,0.21460550744762882,0.0,0.7880121818724052,0.08932981153700138,0.7889015861408838,0.08943063525205434,1.0011286681715574,1.5862289595770935,0.2,0.0006175000648310835,,,0.9582313790767916,,,221.75,1.427678343934956,0.2119991362564926,-0.6030703193787499,0.2637068749607529,19.949176213555656,1.0328566789946505,0.17779972431960114,2.4473312976084713,0.17595390544625583,2.615970824652287e-17,3.7735793383430676e-16,-0.04680604944696835,0.16911291438325723,-2.549086658629609,0.26587383616107446,4,0,0,5,1.0,4,887,0.0,4,2,,2.7501493551480496,4.99641795623808,0.21771472168704806,11.672442301176364,1.0005641749390977,2.5639502485114184e-16,1.0150105723815435,0.22516600584638422,0.3845777276736452,0.0,0.0,-0.05802502187298886,0.09427304495986301,1.0011286681715574,4.053961296325412e-16,0.002476476154002339,2.4640746534626503,1.3918927571962507,0.7852073432609564,0.1456273530419403,anisotropic
anisotropic_066,0.007751937984496124,0.9782416198475132,0.014060015056576405,0.0,0.909743237682632,0.04473061298771989,0.9121000854486491,0.04484649540478676,1.0025906735751295,1.5810762517748733,0.3333333333333333,0.0,,,3.37393957954429,,,129.0,2.002896045095355,0.08349369601076677,-1.354834662039358,0.08857123159064388,56.59212704504624,0.7941996254417704,0.416962508077691,1.76746948525516,0.46559178786753724,-1.080578826723882e-16,1.0333445133002532e-16,-0.027226790742151657,0.5229724192368002,-1.6044651987609762,0.20234514715188212,3,0,0,3,1.0,2,387,0.0,3,0,,1.9141110176271643,3.371934684016136,0.3044365561351503,41.565385335458885,1.0012944989238328,3.510833468576701e-16,1.1456145992356381,0.0759463567958869,0.6611831411009556,0.0,0.0,-0.010362683968314515,0.18691029497917394,1.0025906735751293,5.874748045952207e-16,0.001465879235051553,1.9656455489124889,1.4668952305775955,0.24119213155790598,-1.676223646888033,anisotropic
anisotropic_067,0.003694581280788177,0.883464948588433,0.18253132602837085,0.0,0.903960948623682,0.08166407783965757,0.9050755737144637,0.08176477337336861,1.0012330456226883,1.571895778584984,0.25,0.0,,,4.051745560797944,,,270.6666666666667,1.360357629343197,0.08935561093121726,-0.8609016542044637,0.08212801170879575,94.38420015119762,0.6752390999030401,0.05673199816163187,1.8337712872392935,0.5894708066305421,-1.4292526294025004e-16,2.0718307061734734e-16,-0.10728184282811043,0.4242231634473709,-1.5676590213233752,0.3440892583141692,3,0,0,4,1.0,3,812,0.0,3,0,,2.4081663161164384,3.4014303085626687,0.36936412365277427,58.17338349078498,1.0006163328782356,3.510833468576701e-16,1.1456145992356381,0.2404690673027686,0.9725765206821596,0.0,0.0,-0.06672075644846233,0.27353620205036544,1.0012330456226881,5.661048867003676e-16,0.00025427602666329365,1.9143201821914064,1.5306131169537227,0.47913143004765424,-1.4374564790651327,anisotropic
anisotropic_068,0.010263929618768328,0.9624458435475649,0.018166613134923234,0.0,0.41978341665344426,0.3127587808160392,0.4203998387043306,0.31321804481136384,1.0014684287812046,1.375205122147752,0.3333333333333333,0.0008465546469056088,,,3.9901724318384795,,,97.42857142857143,1.6821308931341465,0.2009655484264723,-0.8749858748042835,0.37329733660579567,28.666262054874473,0.9787796751054387,0.1639140716641023,2.481442142548865,0.3591425305157434,-1.0325492730070582e-16,3.3148503507554876e-16,-0.2353391298600212,0.15439683412537286,-2.310860323799787,0.672775916127398,7,0,0,3,0.42857142857142855,2,682,1.0,7,1,,1.8529340293567613,4.792302466348652,1.0083383061391948,19.48914298467382,1.0007339450529318,4.347389161430119e-16,1.1456145992356381,0.33070143348508346,0.21081573086603847,0.0,0.0,-0.09008279481227022,0.05405774305945435,1.0014684287812043,8.208645989907719e-16,0.00479569275120905,3.472825360274078,1.400015007053168,-0.19565371961201256,-1.0073580464035676,anisotropic
anisotropic_069,0.0069124423963133645,0.6586748304259508,0.41707180191386195,0.0,0.3574214760829584,0.26862954849294285,0.35824692983834644,0.2692499400599012,1.0023094688221716,0.7280203628060997,0.3333333333333333,0.0013303001594230951,,,2.676631691450867,,,144.66666666666666,1.5161419293947003,0.1760361613275698,-0.65999533138821,0.37536111681213574,10.181778269409707,1.1220255303796944,0.12198896264599317,2.388451074546666,0.008462289433331396,-8.816978551938646e-17,1.1848954629109676e-16,0.0014006981077075986,0.0795623196272116,-2.550463068367879,0.5090309840570683,3,0,0,3,0.3333333333333333,2,434,0.0,3,1,,1.0416539524249857,4.938914142914546,0.5163823669406274,10.029277362560991,1.0011540684740643,1.5700924586837752e-16,1.1456145992356381,-0.102399082937377,0.15937915511143766,0.0,0.0,0.01572473025113481,0.03202341201212134,1.002309468822171,3.510833468576701e-16,0.07867045569049365,2.2429312951318376,0.9915220714897084,0.46352356139803863,-0.019859829479270008,anisotropic
anisotropic_070,0.0049261083743842365,0.9331843543815208,0.06676389682676896,0.0,0.9483761233387953,0.036483422629372216,0.9495455143663398,0.03652840835394605,1.001233045622688,1.9002616883302825,0.3333333333333333,0.0007110224990020173,,,3.1874485665224555,,,203.0,1.9277638013297564,0.12956309193849727,-1.2514481827897397,0.12877103834133174,28.40442201915816,1.041577880432848,0.25069603379716243,1.857586321210274,0.2514146015908571,-5.0452253212645676e-17,6.072560097841227e-16,0.2979158147121663,0.10540200177128,-2.051009925110182,0.1546525241018733,4,0,0,3,1.0,2,812,0.0,4,0,,1.7461234964444072,3.9085962463204558,0.3964695043030207,24.754298114450776,1.0006163328782356,1.8129866073473578e-16,1.0041896445446679,-0.38049514990828603,0.13473550004049628,0.0,0.0,0.09880772623630152,0.03750186726796563,1.0012330456226881,3.8459253727671276e-16,0.008349986176208924,2.32599419134568,1.6123322817606993,0.4305311509959714,-1.1198726729602795,anisotropic
anisotropic_071,0.05555555555555555,0.9461970848458527,0.03520959439495241,0.0,0.3180652689815701,0.21150839397605267,0.3202895016317909,0.21298747365420695,1.0069930069930073,1.0819571079645296,0.25,0.0,,,4.223185242249513,,,18.0,1.4048626453076385,0.13955906929089856,-0.4686292240881296,0.5935365228401389,33.17712822657344,1.0071188093602594,0.10243123183739199,2.239748277252544,0.41834258479127184,1.360794193377362e-16,2.644834737712052e-16,0.02969342298431646,0.14716082338517683,-2.4882996301079663,0.6192739482085517,8,0,0,4,0.2857142857142857,3,144,3.0,8,3,,2.688346201187284,4.72804790736051,0.8955351755023968,15.844372411113277,1.0034904120085089,1.6784994417006302e-16,1.1068587890008066,-0.08915699687165018,0.3302281621352089,0.0,0.0,0.013210742437843686,0.07393517288087784,1.006993006993007,2.7834764294710043e-16,0.000774722039975366,3.8145335427624727,1.2494886806322374,-0.09380803153991345,-0.38989699489796115,anisotropic
anisotropic_072,0.00234192037470726,0.9749563180249927,0.098501234040481,0.0,0.9424999068436555,0.23365407246948083,0.943604830532804,0.23424660373197154,1.0011723329425557,1.3344587488602573,0.5,0.0,,,0.8457431625023862,,,427.0,1.3289892071258165,0.028869891261394998,-0.19898129679110776,0.000892678495860797,19.218285529611805,0.997571164022296,0.020744102179872506,3.137936143027815,0.07654445854726755,-2.2256461570939906e-16,2.9122089631792735e-16,0.015969580141673614,0.0008014552118650426,-2.6208542553980534,0.0799827363924375,2,0,0,2,1.0,1,854,2.0,2,2,,0.9505398220568507,5.7587903984258695,0.15652719493970504,19.218285529611805,1.000585994776339,0.0,1.1456145992356381,0.03602767882298537,0.017151977690910872,0.0,0.0,0.00017641444576593248,0.0029359528732881756,1.0011723329425557,2.220446049250313e-16,0.049460177943149275,1.642303789560545,1.1434717288001903,1.0102116258846718,0.8121195279260509,anisotropic
anisotropic_073,0.015202702702702704,0.9744240896762344,0.098501234040481,0.0,0.6562183452009311,0.18612802285210334,0.6573286977308821,0.18644296028501733,1.0016920473773268,2.047654195498792,0.5,0.0,,,4.735067504348894,,,65.77777777777777,1.627811962802369,0.15495738183513835,-0.8616728787900981,0.46712666632679833,18.80288467668351,1.2010464995587717,0.11742058010159645,2.4978231370101245,0.44168989903035716,-7.459831884681045e-17,1.1140750003321661e-15,0.007426154430514666,0.047134889816515146,-2.5912004654875913,0.6130956929730808,9,0,0,2,0.7777777777777777,1,592,1.0,9,1,,0.9495023065413581,5.089023602497717,1.0349309313645543,18.80288467668351,1.0008456661130758,2.9373740229761033e-16,1.0099303734464598,-0.007099545238626494,0.0364604200527606,0.0,0.0,0.0016695478740801528,0.010394357892324247,1.0016920473773263,6.131407058289218e-16,0.050497693458641864,3.8841456901075304,1.7157707046138093,0.31978924989995505,-0.899988046149391,anisotropic
anisotropic_074,0.0020898641588296763,0.9954773055796116,0.0033263541129250076,0.0,0.9724014126196969,0.23365407246948083,0.9734185689090479,0.23424660373197154,1.0010460251046025,1.3766217420169848,0.16666666666666666,0.0005723328709562844,,,3.216192262410174,,,478.5,1.9618638627351714,0.016989758548306415,-1.3604350903796325,0.03641726664010864,301.5810390525371,0.680482120103026,0.3444508463708149,1.602735953838501,0.2594340065874683,-2.4501473646900006e-16,4.725043135850861e-17,-0.09063733695116341,0.6480718488506801,-1.3944913974255841,0.4908869980788435,2,0,0,6,1.0,2,957,0.0,2,0,,1.9819611964797712,2.9972273512640855,0.2314529914913751,229.60059751001833,1.0005228758527225,0.0,1.1456145992356381,0.12656757058457271,0.7857863154191045,0.0,0.0,-0.055534174465124986,0.23970670957079934,1.0010460251046025,0.0,5.94200598842634e-05,1.5590236411671319,1.2544438555393331,0.31517453216776187,-1.501812026012992,anisotropic
anisotropic_075,0.014285714285714285,0.9927764410585066,0.006669073679155633,0.0,0.5488077477183194,0.2325647188834948,0.5503802627547614,0.23323109343616952,1.0028653295128938,1.3264152861771619,0.25,0.001649572197684649,,,3.3882138761567937,,,70.0,1.5210080130473453,0.5073223977185147,-1.2337307193829337,0.39830515703058367,440.7227526916693,0.9452509959338297,0.22792519225473773,1.636128421328283,0.2583604849597091,-3.27357188975189e-17,1.7032167898827383e-16,0.11050477070190437,0.38973148163335786,-1.540011479916453,0.34432288901390407,5,0,0,4,0.7000000000000001,3,350,0.0,5,1,,2.95690413884986,3.1761399012447358,0.41218208309687115,317.3358599452675,1.0014316399599594,2.7194799110210365e-16,1.035976626535993,0.06661636751233661,0.5971848784285121,0.0,0.0,-0.023654390784174383,0.16534715676553563,1.0028653295128938,4.710277376051325e-16,1.0009866054290106e-06,2.773853199976194,1.5278716307696671,-0.40883868819222347,-0.8976468739654413,anisotropic
anisotropic_076,0.01644736842105263,0.7770899493444461,0.3384907122201174,0.0,0.61808823694294,0.24142931933755907,0.6201281321143688,0.2422261157710163,1.0033003300330035,1.4787918080058107,0.16666666666666666,0.0016986769062313143,,,0.8795387114567577,,,60.8,1.1738904679697613,0.4376284590417388,-0.39269619330020256,0.6170512598833038,90.98545157373513,0.7948585948048912,0.21585956988920604,1.8701698138030107,0.43086903276313465,2.775557561562892e-17,1.771752172221422e-16,0.05922569487981342,0.29665775112125636,-2.0215942523549675,0.4354750163433626,5,0,0,6,0.7000000000000001,5,304,0.0,5,2,,3.4776477958978975,3.891764066157978,0.31340317624726455,56.6758958830169,1.0016488057363235,1.1102230246251565e-16,1.0672007667598784,-0.1467364136247674,0.8685878430180325,0.0,0.0,0.03621823773679246,0.19754500661465918,1.003300330033003,2.220446049250313e-16,3.2224859650776584e-05,2.762894370180632,1.549005487257615,0.1374898421574478,-0.7837114909271894,anisotropic
anisotropic_077,0.020242914979757085,0.9939329165194174,0.098501234040481,0.0,0.7453645319354358,0.269102767647835,0.7483944690571246,0.27019668133746033,1.0040650406504061,1.7688978252862635,0.5,0.0028627804906337837,,,3.9860100315902582,,,49.4,1.7951232667263852,0.29613625225512663,-1.3639060031842436,0.8776698044145087,81.662680950963,1.2908622795605225,0.1916444459478671,1.8395028068288721,0.5786435034701087,2.5530634736319383e-17,3.5744136670523284e-16,0.2637058716057223,0.2454643835005404,-1.9607762651540805,0.709984022096316,5,0,0,2,0.7000000000000001,1,247,1.0,5,1,,0.9879026425407952,3.8002790719829527,1.2699143840699116,81.662680950963,1.0020304589434426,4.1540741810552243e-16,1.0103197744763146,-0.009239165129824046,0.02982956763916886,0.0,0.0,-0.003794911564358558,0.003267333149516187,1.0040650406504064,6.473657049138938e-16,0.01209735745920482,2.738548884607454,1.5940515716623889,-0.05228980837085766,-1.5393118803302819,anisotropic
anisotropic_078,0.008484848484848486,0.9861629003289383,0.002860755832949991,0.0,0.5444452788921236,0.24718597260795733,0.5451060134538859,0.24748595558442335,1.0012135922330097,1.5774386251352805,0.3333333333333333,0.0,,,4.343383901503002,,,117.85714285714286,1.8457570672126686,0.30178560110347585,-1.0201524575827159,0.4945510952323529,72.3512244552228,1.16402483055051,0.33708951527993797,2.153155037887385,0.43655244970935064,-7.782134724991573e-17,3.4155573510472415e-16,0.07675637367340947,0.23542102239216386,-2.23193510315268,0.6175251464628706,7,0,0,3,0.42857142857142855,2,825,1.0,7,1,,1.9450427158943027,4.385090141040065,1.015007172484632,41.57329445053885,1.0006066121273685,6.599370864641318e-16,1.1456145992356381,-0.12289880492593948,0.31179745937796816,0.0,0.0,0.032350563169668674,0.08447608444118289,1.0012135922330097,1.2979008917057966e-15,0.0007391577544065161,3.4029384586551608,1.5610894073908053,-0.24299578359396942,-1.188331404606251,anisotropic
anisotropic_079,0.0136986301369863,0.9141807668397988,0.06644601989291456,0.0,0.34410918274959634,0.23583996957156728,0.3446994214850159,0.2362444978212612,1.0017152658662092,1.175196621493134,0.25,0.0,,,4.253577486833796,,,73.0,1.4128494472168105,0.09987046642786683,-0.3245434967135442,0.3651967677234775,22.559313150978227,0.984402771718206,0.15490499098044294,2.6958363109937764,0.48043191175408695,-7.917943317746194e-17,3.46234964343597e-16,0.04322839088545222,0.15276832119195327,-2.838195150907187,0.39982438447238555,8,0,0,4,0.3214285714285714,3,584,2.0,8,5,,2.5160095704986265,5.5340314619009625,0.730704951867291,12.140441744922581,1.0008572654810521,2.9072463135014863e-16,1.0218780877756817,-0.1048574736837072,0.3839128059072133,0.0,0.0,0.026879655092061645,0.0948562883128721,1.0017152658662092,5.503328451013557e-16,0.0024994843202678953,3.7787793151082565,1.3222220469986565,0.14450262173581077,-0.4006835542921019,anisotropic
anisotropic_080,0.009230769230769232,0.8981597665611668,0.22811586922265864,0.0,0.41595834359869216,0.2467379308131811,0.4165992655456853,0.24711811252475757,1.0015408320493062,1.176140685858159,0.14285714285714285,0.0005814838046295825,,,4.709401271237045,,,108.33333333333333,1.8493995822305054,0.39296518265062397,-1.0990898291771016,0.7122629653026191,616.0792678716334,1.1665580706403986,0.43064853793547947,1.5897236899227574,0.2586646953633669,2.8285066596603983e-16,4.633380988050612e-16,0.023415902058570134,0.20497799550930332,-1.747295204499179,0.3375921213611859,6,0,0,7,0.4,6,650,0.0,6,1,,5.100330046571305,3.337018894421936,0.3477987356539281,297.95337202695185,1.0007701194826444,5.438959822042073e-16,1.1456145992356381,-0.18271461823317536,0.43902856660063067,0.0,0.0,0.027784741876257135,0.08697032979694581,1.001540832049306,9.830333712014763e-16,1.942170256493582e-10,3.1532044563482824,1.4407607855077829,-0.5720009774275602,-0.13889241018746912,anisotropic
anisotropic_081,0.012526096033402923,0.7487641189942423,0.3766047194927141,0.0,0.3687998864329543,0.2345219902525867,0.36957143431252093,0.2350126220313577,1.0020920502092048,1.0624459950687304,0.14285714285714285,0.0011159133274005104,,,3.43534084961688,,,79.83333333333333,1.5733762041622397,0.12287536542161827,-0.7834467138020083,0.2516090874265624,40.336658407791504,1.092221554485839,0.1731597501804482,2.1354721026033014,0.3015458510549783,1.0198290831629831e-16,1.4121430734782715e-16,0.11767991512309255,0.16501330923894722,-2.514753533438967,0.13929842195664568,6,0,0,7,0.2,6,479,0.0,6,0,,4.073041809080273,4.650225636042268,0.26436034439386114,16.99616688328344,1.0010454785918592,2.6272671962866383e-16,1.1456145992356381,-0.29338092352121087,0.2623919121209683,0.0,0.0,0.07046532763506606,0.061639756677281915,1.0020920502092048,3.1401849173675503e-16,5.0447723615184144e-05,3.237980832861076,1.2412029360804575,-0.27039663904098865,-0.534483019140013,anisotropic
anisotropic_082,0.005605381165919282,0.8494824152741908,0.16353139678351422,0.0,0.40937814626664115,0.22591342982122833,0.40983760546559367,0.22616698024751472,1.0011223344556683,1.0344158146331277,0.14285714285714285,0.0005992404527184421,,,2.321067817416147,,,178.4,1.618464691796758,0.15881054849415535,-0.9072524971005936,0.2926548194946031,55.32805831702054,1.1314258238800479,0.08836432548454812,2.4402420036077226,0.164105104607587,-6.452237847148891e-17,2.0134814601280584e-16,-0.08176790272882042,0.24625009565918676,-2.0435478109727994,0.12122016517903178,5,0,0,7,0.4,5,892,0.0,5,0,,3.715071940236232,4.483789814580523,0.09109747139365547,30.464447518429026,1.0005610098618014,2.9373740229761033e-16,1.018423104737707,0.22788536978363544,0.3763506365484669,0.0,0.0,-0.05286680337662146,0.09350314867422566,1.0011223344556681,4.965068306494546e-16,6.088773126315881e-05,2.9156110041421552,1.2289978914065938,-0.14624026578255717,-0.6435769260270026,anisotropic
anisotropic_083,0.011095700416088766,0.9793901632449954,0.014386075253209136,0.0,0.36867666253288833,0.303946546853271,0.3691887134530729,0.3043686948350117,1.001388888888889,1.343523803461005,0.16666666666666666,0.0005662250907959263,,,3.0816095366567047,,,90.125,1.46828877492836,0.2589995733577145,-0.8504488054088398,0.42964432908858935,191.61061370159996,1.0513271991948518,0.18534375910856404,2.0465801620299646,0.25547173017224967,1.3427385263150297e-16,5.502401310232467e-16,-0.08595766801338273,0.1962544746773447,-1.926177228248661,0.33842951968881635,8,0,0,6,0.3214285714285714,5,721,0.0,8,1,,4.796853295950058,3.972757390278626,0.3433676147944405,88.15471683631024,1.0006942034852049,4.893624750040534e-16,1.033825035197174,0.10058375311297785,0.4852680792667752,0.0,0.0,-0.030118109276234126,0.11165407054722404,1.0013888888888889,8.558701406786109e-16,3.6510180292742546e-08,3.671770686194343,1.5938388407320678,-0.48560524278130046,-0.5146292590692503,anisotropic
anisotropic_084,0.011009174311926606,0.977880849130988,0.028558615205476513,0.0,0.297686460009145,0.25631913038116905,0.29823367776651477,0.25679030525319335,1.0018382352941184,0.9502268256622763,0.2,0.0,,,3.718831732131578,,,90.83333333333333,1.5776670723153086,0.5295729045287948,-1.1798074300722943,0.5303573252977607,238.43821997557563,0.8264761554765627,0.34314100891691285,1.7592574131992158,0.4114171583402651,-3.172453804922771e-16,7.197075487879335e-16,0.24599716243983652,0.3885041045834941,-1.8771321052257885,0.29088754298952607,6,0,0,5,0.26666666666666666,4,545,0.0,6,1,,3.8274506038959326,3.636389518425004,0.5668880598590311,114.03144867090857,1.0009186956462135,3.9720546451956367e-16,1.1456145992356381,-0.14879782012706586,0.5027435375656398,0.0,0.0,0.04780733776953925,0.13582608541288907,1.0018382352941178,6.661338147750939e-16,3.5407385746090955e-07,3.19070309321802,1.3570086935824601,-0.9535788552648713,-0.2942597788573451,anisotropic
anisotropic_085,0.033210332103321034,0.9880365642337704,0.098501234040481,0.0,0.5603919137391907,0.2909681362001695,0.5624674393456321,0.2920457959638737,1.0037037037037033,1.895684736089522,0.5,0.002609250115079476,,,4.649207589414071,,,30.11111111111111,1.6577948074745912,0.22458932378937363,-1.015156203485767,0.5456878118004762,41.045518269561654,1.2233213583697635,0.16450235880075229,2.1473801594545807,0.2837557527761771,1.8517372956847632e-16,5.610873795108731e-16,0.03408854703981121,0.06853386935548922,-2.254845844718115,0.5398924863430385,9,0,0,2,0.6666666666666666,1,271,3.0,9,1,,0.9762162522628735,4.402226004172696,0.7757155568851367,41.045518269561654,1.0018501403422089,2.7194799110210365e-16,1.0268579980732944,-0.01623706395202328,0.08441128220677,0.0,0.0,0.00032727313980847653,0.0161645921566039,1.0037037037037035,5.495323605393213e-16,0.02378374773712655,3.9196716467199413,1.6440318879408784,0.12996844190477225,-0.9257448642328936,anisotropic
anisotropic_086,0.02608695652173913,0.968605138055076,0.015127520160148162,0.0,0.4086141344832142,0.2630341049278617,0.4098019662695027,0.26379873895381484,1.0029069767441863,1.4561419547624324,0.3333333333333333,0.0,,,3.7178959954439,,,38.333333333333336,1.6441305122864993,0.21488383785026463,-0.8279955803048197,0.3987982023627507,34.543652468316544,1.1111623023720159,0.17050862074090556,2.303242610131677,0.31228656364530094,-1.015469690800465e-17,2.0231037798412116e-16,-0.05256972982186366,0.19478519396355146,-2.3170028217533303,0.3677314092766654,9,0,0,3,0.41666666666666663,2,345,2.0,9,2,,1.8766206687995814,4.6202454318850075,0.5746805993763288,23.40943281808495,1.0014524335904258,1.5700924586837752e-16,1.0339628127806966,0.06916139878176278,0.28204534743507315,0.0,0.0,-0.017609412425481787,0.07258640052461829,1.0029069767441863,4.079219866531555e-16,0.0033762178344758755,3.9920842535657126,1.4545064090020503,-0.2768162515531181,-0.8963710811601726,anisotropic
anisotropic_087,0.003009027081243731,0.9957733008488173,0.0036449623739415737,0.0,0.4376865788367786,0.40132938371876914,0.43812602319304067,0.4017323248670813,1.0010040160642575,0.9479667495661792,0.14285714285714282,0.0005361308764542164,,,3.596409252735365,,,332.3333333333333,1.6890146853214407,0.2540629937716425,-1.005788480690867,0.3003405753481841,592.6205091897515,1.2413820321605167,0.17301073094581595,1.8963735382781362,0.21438492301910544,7.423758105149827e-18,5.529259690719369e-17,-0.20218145311760768,0.3351238950705619,-1.4264448567119936,0.10501775380194583,3,0,0,7,0.6666666666666666,3,997,0.0,3,0,,2.974719971551463,3.3228183949901298,0.12393304934777667,366.9476821891448,1.0005018820893132,3.510833468576701e-16,1.1456145992356381,0.46607722354775766,0.08019939721987114,0.0,0.0,-0.11938867680712234,0.018459736849060607,1.0010040160642577,4.710277376051325e-16,2.693302598367753e-07,2.150578498732178,1.175174973004615,-0.16767187133902017,-0.7521276108782873,anisotropic
anisotropic_088,0.016597510373443983,0.9095991750386981,0.12001787186133572,0.0,0.5350983757741234,0.40232336538630403,0.5373279523398488,0.4039997127420801,1.0041666666666664,1.3034331103340966,0.16666666666666666,0.0016939763089786903,,,1.4712054196728785,,,60.25,1.7029305464289635,0.2891510526051323,-1.1325452957334559,0.27034959575987055,79.7840586696484,1.0753778175866302,0.08269861185198536,1.8847843517322402,0.21400483187219774,-1.497188726154257e-17,9.418303250962291e-17,-0.03556909190397998,0.2655708876710642,-1.8104460380350578,0.07914925458362294,4,0,0,6,0.5,4,241,0.0,4,0,,3.3526955056226924,3.695230389767298,0.2042812461629303,44.83585598286082,1.0020811677038273,1.8129866073473578e-16,1.043090661640143,0.09583280661839902,0.33409130719664304,0.0,0.0,-0.027406213284090503,0.08486770055367746,1.0041666666666664,2.220446049250313e-16,4.6008498997505666e-05,2.497978774681883,1.3391920603752578,0.013035423871457175,-0.9701406966302577,anisotropic
anisotropic_089,0.003787878787878788,0.9570182692988388,0.04688095348228281,0.0,0.717355824786826,0.22623232058645687,0.7182627221632951,0.22651832857708437,1.001264222503161,1.2846498046203072,0.16666666666666666,0.0,,,4.034712340529864,,,264.0,1.3837622619397079,0.35513024441523877,-0.6847010333431913,0.45929946849774855,81.8190189664,1.03149668956483,0.2562941015060535,2.0844973066926897,0.4427152786982116,-3.738124662037563e-18,5.311854099676887e-16,-0.053930595668037366,0.09870990918281689,-2.071649216428101,0.1502955280365471,3,0,0,6,0.6666666666666666,3,792,0.0,3,1,,2.75204755091405,4.156146523120791,0.41408967095272836,57.22288970192913,1.0006319115954483,2.220446049250313e-16,1.1456145992356381,0.0657899747280879,0.5922286316069405,0.0,0.0,-0.0020817833596585567,0.13768599471663523,1.001264222503161,5.661048867003676e-16,0.00014903232273768055,2.113546103650447,1.2411721084374165,0.3725502151862205,-0.465193234425612,anisotropic
anisotropic_090,0.008447729672650475,0.913171023687096,0.07911918296782743,0.0,0.3967743601934534,0.22614830607088235,0.39719378340718864,0.22638736347687696,1.0010570824524316,1.2874276322961873,0.2,0.0005783765126770595,,,3.895831494623939,,,118.375,1.5406904700802802,0.20625580170303393,-0.7728535438345175,0.4275824644407399,34.024471169824636,1.1064028673176178,0.1264306071256755,2.3991426431365612,0.36671480777923804,-2.3107176151385253e-16,2.1650812022481667e-16,0.05268578424013853,0.17150071914863096,-2.494271529658652,0.4054833741528006,8,0,0,5,0.3571428571428571,4,947,0.0,8,2,,3.354304809347446,4.893414172795214,0.6960470007195481,15.732514693520066,1.0005284016220788,3.8459253727671276e-16,1.0241167629918284,0.024767978945112346,0.32030587680144096,0.0,0.0,-0.006334846823367936,0.07894182920357791,1.0010570824524314,7.872860234207465e-16,0.0002593726658313748,3.7499394405906887,1.3981657666890965,-0.19536997825882346,-0.5787584320190926,anisotropic
anisotropic_091,0.012326656394453005,0.9628279631056513,0.05721955215569934,0.0,0.4771264989665048,0.26653539858947484,0.4778628052920705,0.26694671864902647,1.0015432098765435,1.5416053752238779,0.16666666666666666,0.0006290420500213641,,,5.7451337990078155,,,81.125,1.5177999725729512,0.3973897847946949,-0.8269430320283658,0.6499196119075349,205.94785382333018,0.8881756689426274,0.37899104233069064,1.8899140074867868,0.3466813942154636,1.1102230246251563e-16,4.1297302515793196e-16,0.043116981421134945,0.3445924671609605,-1.897798449808485,0.44672057594505205,8,0,0,6,0.46428571428571425,5,649,0.0,8,3,,4.648284741286481,3.787712457295272,0.3299691767625154,82.67820675671548,1.0007713074806568,3.7532388518380547e-16,1.029551480042583,-0.0385400764905994,0.7363056745396132,0.0,0.0,0.011962471495551533,0.1830404464818878,1.0015432098765433,6.500800384324989e-16,5.213341672807532e-08,3.6499775902434877,1.6438841044140056,-0.5475757566146155,-0.8467658685396016,anisotropic
anisotropic_092,0.023178807947019868,0.9453425972725176,0.098501234040481,0.0,0.3903351115584872,0.281129394723961,0.3916319059490468,0.2820633794240405,1.0033222591362123,1.2665019469843108,0.5,0.0,,,3.4324034183616545,,,43.142857142857146,1.50206968496256,0.19005090307795425,-0.46728528362125027,0.6004514965898304,8.40491582205157,1.1200618337219852,0.14504718080564324,2.5744726897362407,0.5575196009437504,-3.121648845019835e-16,5.190550484036609e-16,-0.02437396223973121,0.030752279764551686,-2.627794135652753,0.37205278483295157,7,0,0,2,0.3333333333333333,1,302,4.0,7,3,,0.8936726262179493,5.202266825388995,0.7789580739301504,8.40491582205157,1.0016597521794577,2.5639502485114184e-16,1.1456145992356381,-0.015367452788192156,0.061206590781976315,0.0,0.0,0.0014107778857471137,0.011921076436244394,1.0033222591362125,4.2518304777254294e-16,0.1063273737820507,3.515288403581339,1.2997149947405915,0.3335160014561678,-0.21923374239980165,anisotropic
anisotropic_093,0.008293838862559242,0.922694020457126,0.05804398714442346,0.0,0.32391758838621854,0.2319759835456524,0.3243018322633079,0.2322511626483165,1.0011862396204037,1.0468074158484626,0.25,0.0,,,3.3153902564881323,,,120.57142857142857,1.5273281679501982,0.19497597195118882,-0.6715376927284907,0.4018661174665203,27.643213472692672,1.0765771641120374,0.235964822218649,2.6187404279935076,0.23048126947001848,-4.2597385785719444e-16,9.092215389540047e-16,-0.04453587869251464,0.14999740223871877,-2.5791626252434257,0.6363925966516233,7,0,0,4,0.19047619047619047,3,844,1.0,7,3,,2.5608309750492495,5.197903053236933,0.7227577481441816,17.7632895723506,1.0005929440188972,6.536816174520396e-16,1.1456145992356381,0.08005548065076774,0.3862518049688293,0.0,0.0,-0.025369888601512198,0.09892087001160775,1.0011862396204034,1.2527986707152795e-15,0.0017311004792227621,3.544947333002471,1.2041410884627755,-0.1418739649538946,-0.31719186096326135,anisotropic
anisotropic_094,0.006045949214026602,0.8923678200393251,0.22300956866803998,0.0,0.6087574490807075,0.25727662399698187,0.6094944435711203,0.25758809690738993,1.0012106537530265,1.468332288083326,0.14285714285714285,0.00045703080170402487,,,2.5481347213830863,,,165.4,1.8448434615842175,0.32541694031734403,-0.8162353348725837,0.537074657359383,645.7352322672872,1.055557061000439,0.41695303683978335,1.7702215313749143,0.47337993818725993,-6.207583150987573e-17,2.4524596798329803e-16,0.032469506914179116,0.36463018853168133,-1.4674947592380758,0.286371041152826,5,0,0,7,0.6000000000000001,5,827,0.0,5,0,,4.180534702078707,3.2377162906129904,0.3038249587691927,367.58119215800616,1.0006051437770178,4.965068306494546e-16,1.0223102752227269,0.3164765835088453,0.7002916634034357,0.0,0.0,-0.06519414907067941,0.1842712108322273,1.0012106537530265,9.42055475210265e-16,6.180831636735374e-09,2.728348081702811,1.6025677154488227,0.11506751881415613,-0.7659011023057047,anisotropic
anisotropic_095,0.0031545741324921135,0.8072753630614878,0.22693580366534633,0.0,0.926444366200491,0.06149292513154258,0.9274195707964915,0.06155765452641843,1.0010526315789476,1.6086950831498907,0.25,0.000525762355415349,,,1.6157419224683651,,,317.0,1.6344587382420432,0.19349467122695468,-1.0202552994536507,0.3004737970692697,20.642583062699345,1.1166648721815406,0.12233941759319326,2.0291611049815312,0.20484024941991014,3.3248319391508374e-16,5.625026951446076e-16,0.05224759805339516,0.1551204769539414,-2.221866135234347,0.3659598300761114,3,0,0,4,1.0,3,951,0.0,3,0,,2.058080253388644,4.251027240215879,0.4218852568112848,15.731800170742025,1.0005261773581677,6.473657049138938e-16,1.1456145992356381,-0.14752612020178776,0.30113384753324257,0.0,0.0,0.039294328564950826,0.08664728297448647,1.0010526315789474,1.1749496091904413e-15,0.007629114827657921,2.0550823063289227,1.3352724454909863,0.6419681997556911,-0.31731020119256304,anisotropic
anisotropic_096,0.009297520661157025,0.9910331403934964,0.008901728651190014,0.0,0.4443305333806936,0.26920652923696037,0.44479002721045635,0.26948492275220015,1.001034126163391,1.55434458733321,0.16666666666666666,0.0005334687804693394,,,5.25860559242035,,,107.55555555555556,1.651176912151471,0.42910454745056764,-0.9837705653221452,0.6645208659183162,658.8810403003555,1.1768638928996837,0.33944879082833496,1.802454709029165,0.37333573912657064,-6.820378360644901e-17,2.3158927154906315e-16,-0.028820201681372132,0.2152300572227065,-1.6631598106645444,0.3364609499326565,9,0,0,6,0.4444444444444444,5,968,0.0,9,1,,4.911050389882896,3.4656145196937094,0.32685515732944065,301.1231152002951,1.0005169294736551,4.002966042486721e-16,1.028132828186383,0.13021710132414557,0.6152631350210149,0.0,0.0,-0.023614453197489806,0.15207681050583816,1.0010341261633915,6.329245045284193e-16,2.0015313776759354e-10,3.8743740941759035,1.7343124428198333,-0.6334841987048887,0.2892031943611957,anisotropic
anisotropic_097,0.01366742596810934,0.8232074409992766,0.19738925498176457,0.0,0.4065181895671431,0.22985620880393526,0.40744631328761577,0.2303809946687844,1.002283105022831,1.1372322737311225,0.2,0.0010187097847379441,,,3.3493406997702033,,,73.16666666666667,1.6597262993754933,0.11835097263773396,-0.9637703517577781,0.25727671380719574,24.53141288077207,1.2350950492354038,0.10891774426142811,2.3116709903984574,0.24090138025850938,-3.540574566002778e-17,2.630755771472146e-16,-0.027601932955071882,0.08341358538799613,-2.3458907629982737,0.28451579862695786,6,0,0,5,0.3333333333333333,4,439,0.0,6,0,,2.827569517613078,4.657561753396731,0.476054705456015,15.36119647611629,1.0011409016830903,2.220446049250313e-16,1.1456145992356381,0.07261369329000471,0.08068790965695484,0.0,0.0,-0.02119552237332042,0.02109489531028066,1.0022831050228314,4.440892098500626e-16,0.0016076303003292665,3.245436277070276,1.2225140619846457,-0.08025637656089456,-0.4535943190183289,anisotropic
anisotropic_098,0.006191950464396285,0.49349478182107454,0.6935969305460754,0.0,0.9815236887192872,0.23365407246948083,0.9845718989327016,0.23424660373197154,1.0031055900621122,1.3923949326020586,0.3333333333333333,0.0017874621337140002,,,1.410028401416735,,,161.5,2.0972077173911146,0.06949577393073017,-1.3940169386106178,0.04652050048480056,30.38891798578786,1.4607862414911983,0.014380089910489322,1.7250090688049569,0.10156378169767777,-6.406983646753225e-16,2.916580418607632e-16,-0.014394977134449108,0.18469203313833618,-1.6733792025804237,0.17861251565282724,2,0,0,3,1.0,2,323,0.0,2,0,,0.9681509014321973,3.3983882713853806,0.07704873395514947,30.38890869729443,1.0015515913132544,3.1401849173675503e-16,1.1456145992356381,-0.005904755380297277,0.26881040191438793,0.0,0.0,0.002469132708741467,0.0641319960377811,1.0031055900621122,6.280369834735101e-16,0.03185809106128751,1.6302950741029973,1.1638558036131241,0.40237459605515363,-1.0032132352663468,anisotropic
anisotropic_099,0.0106951871657754,0.9327347033455751,0.11225041218452703,0.0,0.2805511348154379,0.24937761091846478,0.2810521189847512,0.2498229280808192,1.0017857142857134,0.9074393289505405,0.14285714285714285,0.000673733463474554,,,3.9919047907609233,,,93.5,1.4621595886690688,0.483702042306074,-0.6060583498917363,0.5244628709882885,212.4824722643643,1.0553211283981943,0.33472270075598287,1.8512674754960896,0.22075666974451424,1.7125008745852086e-16,5.780174804249728e-16,0.04060397069031398,0.06085520741269815,-2.200105350650507,0.2798699717035633,6,0,0,7,0.26666666666666666,6,561,0.0,6,3,,5.282964936128929,4.051372826146596,0.3897145613436883,97.0699821481149,1.0008924589014119,6.661338147750939e-16,1.1456145992356381,-0.3720050201402613,0.20759843702957675,0.0,0.0,0.07593151213816161,0.03970456830932514,1.0017857142857143,1.2362920382602608e-15,1.5197435989385536e-08,3.202269204429774,1.3292481009161814,-0.6538879678581027,-0.3891094083086588,anisotropic
varied_variance_000,0.046511627906976744,0.8728581437059054,0.14358855137386664,0.0,0.29197954024639056,0.229387385453934,0.2936870229378899,0.23072883215249498,1.005847953216374,1.049139011082576,0.14285714285714285,0.003107688859446801,,,4.1742856440211105,,,21.5,1.6929049112595795,0.23185668189791178,-0.9635183315531545,0.39832274227921105,65.08132368241961,1.1560466740853617,0.21840618389145192,2.076909697222887,0.4481230525262604,8.068481283613101e-19,8.715616015539386e-17,-0.06007015564541361,0.2288521576852338,-1.982993789087768,0.3036850198888271,8,0,0,7,0.17857142857142855,6,172,1.0,8,1,,4.674376394630543,4.059903486310655,0.5017892097345197,34.14262590560865,1.002919714242558,1.8766194259190274e-16,1.5096998538657782,0.002512762468044105,0.3855422827786788,0.0,0.0,-8.717072245846211e-05,0.09973230476400968,1.0058479532163744,4.111467165712985e-16,6.58792771136898e-06,3.803450556764289,1.2756688887448049,-0.7520427656109849,0.2574567250944413,varied_variance
varied_variance_001,0.004106776180698152,0.9767512961592326,0.098501234040481,0.0,0.6365808824756285,0.16630127543239817,0.6372351279869083,0.16647219144003694,1.0010277492291877,1.310210314582406,0.5,0.0,,,3.257664057302438,,,243.5,1.6390437035710796,0.2865118355927282,-0.7510438595610516,1.0112653471868902,20.759515576186452,1.095450026397601,0.20610945826210605,2.4121774717437945,0.9810955071279798,9.123434383059294e-16,1.861318446625626e-15,0.061017181532854126,0.2907141922481166,-2.4766330013331124,0.8402461495685013,4,0,0,2,0.8333333333333333,1,974,0.0,4,2,,0.9540430945487409,4.888810473076907,1.3438260563214282,20.759515576186452,1.000513742648839,3.8459253727671276e-16,1.320481951635473,-0.020004076584108493,0.6054346935452586,0.0,0.0,0.01148163267266275,0.12678908273914327,1.0010277492291877,8.005932084973442e-16,0.04595690545125908,2.494914741973676,1.3355232772647307,0.034170093675962486,-1.1385435785033673,varied_variance
varied_variance_002,0.00903954802259887,0.9462996075670819,0.04563048831285462,0.0,0.27874966375025567,0.21047812907525984,0.2790649914241813,0.21071622650634045,1.0011312217194566,0.9826203166363933,0.14285714285714285,0.0006039802077116939,,,4.0834958077133,,,110.625,1.64516778572017,0.3058781952938597,-0.7268561581653292,0.48837015108541354,103.59050359899705,0.9641170376387216,0.2063962477776309,2.4545811700049947,0.42784979764304504,1.1992917644538414e-16,3.62991445067691e-16,0.12182706207741026,0.23234210580351705,-2.217041191291707,0.268993647857346,8,0,0,7,0.21428571428571427,6,885,0.0,8,2,,5.383308391008027,4.671622361296702,0.5531152489505107,46.472848420122226,1.000565450992316,4.596760034896314e-16,1.520272919960582,-0.02050235814033373,0.43765564284781044,0.0,0.0,0.022529479776792476,0.10095032048670735,1.001131221719457,9.532044487894809e-16,1.83705346399908e-07,3.7693388291561023,1.3454309118373227,-0.9671843118363062,0.6229017775162591,varied_variance
varied_variance_003,0.006165228113440197,0.8582241722556274,0.12788977011048117,0.0,0.19738976113048515,0.16419634981783468,0.19763345219360925,0.1643990613608197,1.0012345679012344,0.5629534957021329,0.2,0.0005514347663377976,,,1.7155598073986795,,,162.2,1.2209011703219617,0.2385134347061096,0.06311303400396957,1.0888814882362132,28.57091502956082,0.8738340807309705,0.1275123610352449,2.5304542621980497,1.0152728637695767,5.573292204505471e-16,1.3994909722719541e-15,0.1415081786317845,0.23790733504593664,-2.972494873104689,0.5430296461275004,5,0,0,5,0.1,4,811,0.0,5,4,,2.9952622992721625,5.502949135302739,1.284888632079992,19.29725217195713,1.0006170935483936,4.710277376051325e-16,1.5666957132952133,-0.3673166382117225,0.5788513981654201,0.0,0.0,0.09675173342222956,0.1181235942153725,1.0012345679012344,9.019494489765868e-16,0.0010645861725114617,2.9416028495271584,1.1658980893140032,-0.10909118244625511,-0.06011438074206099,varied_variance
varied_variance_004,0.014462809917355372,0.8806114576784428,0.15061027461528267,0.0,0.45737804375800967,0.26523364320904114,0.4583249962295583,0.2657827811866994,1.0020703933747408,1.393330252913507,0.2,0.0009239950320247034,,,2.7556225875519034,,,69.14285714285714,1.5977970994660406,0.34124287450076407,-1.0000143115680953,0.49827511835398464,53.64838871375577,1.0549764145763503,0.19477106848993594,2.2082567284822767,0.49090275239699893,-1.415632664220979e-16,2.163200533453897e-16,-0.04479801021674789,0.3043977928736136,-2.1122627321199436,0.3046726460699763,7,0,0,5,0.47619047619047616,4,484,0.0,7,1,,3.16995652203728,4.320519460602221,0.5148359271417573,33.243436021841404,1.0010346614252381,2.7194799110210365e-16,1.1456145992356381,0.11210387577463099,0.4392785106438675,0.0,0.0,-0.027488072311485295,0.11807222187980485,1.002070393374741,4.622227044373279e-16,0.00018017291400880032,3.432512217778367,1.4989480918459472,-0.45515488858656283,-0.8739725487279437,varied_variance
varied_variance_005,0.012626262626262626,0.9306785762763418,0.06934301561504434,0.0,0.41415622180722356,0.24529507714551674,0.4152047185712924,0.2459160773408218,1.0025316455696203,1.0649464862355609,0.25,0.0,,,3.146116200281466,,,79.2,1.5769107381819794,0.42184096515821706,-1.0242048830188555,0.6670439636438257,51.423246587066735,0.9845292454214759,0.36677431225576723,2.102551538927326,0.4633919103486342,5.831474472778588e-18,6.753243499230152e-16,0.08421548263508125,0.2983203390804207,-2.0887386422901493,0.616319657283485,5,0,0,4,0.5,3,396,0.0,5,1,,2.608104744648452,4.191290181217475,0.8899326020779409,39.256725987371745,1.0012650226436657,3.1401849173675503e-16,1.7094822025975618,-0.1543342186634721,0.3560178807935932,0.0,0.0,0.032194242294168944,0.10398547377268326,1.0025316455696205,5.551115123125783e-16,0.0006436193963302857,2.882218539231956,1.3107756283223346,-0.6089201708666615,-0.7459534261757619,varied_variance
varied_variance_006,0.018306636155606407,0.841781875159905,0.1711459561350542,0.0,0.34620128799442085,0.21242307168699315,0.3469953276457843,0.21291028056700922,1.0022935779816513,1.1458362475682429,0.14285714285714285,0.0012231635785465756,,,4.238144918908567,,,54.625,1.5973572025138267,0.3192414049149132,-0.7346187865602998,0.5707098323646622,50.171277017371594,1.116954858160136,0.19533518438944306,2.1450348117068043,0.42795953869898157,5.208140046868584e-17,1.1236596498517242e-16,0.047797970258531636,0.18871971104801394,-2.468044435174061,0.38299645742208194,8,0,0,7,0.3214285714285714,6,437,0.0,8,2,,4.398035043593263,4.613079246880866,0.6412903415845218,26.98940617055564,1.0011461321813373,2.5177491625509456e-16,1.3794806498745635,-0.16015169520740435,0.4583105745923203,0.0,0.0,0.0340901037776952,0.10113319349776308,1.0022935779816515,4.519498061120574e-16,2.441429379054553e-05,3.7833419232008034,1.3126389982998614,-0.46131743479798526,-0.048063552478308846,varied_variance
varied_variance_007,0.014492753623188406,0.9096680158079236,0.07523098161188009,0.0,0.4800406241317007,0.23365407246948083,0.4835445702932458,0.23424660373197154,1.0072992700729926,0.6838352893205785,0.25,0.004183697602823377,,,3.2511034979461795,,,69.0,1.7398808819167817,0.1419620557168457,-1.1980582480441315,0.2804601646929582,15.471843038251594,1.1106483979154287,0.20594483183228277,2.1315946881700474,0.14005282002400626,1.5285679324549257e-17,1.0353508242045183e-16,-0.334495119389431,0.05752555375346476,-1.5558489821431194,0.08766778122278134,2,0,0,4,0.0,2,138,0.0,2,0,,1.6606514985621361,3.6874436703131668,0.05238503880122507,12.718881912049454,1.0036429993144935,2.220446049250313e-16,1.1456145992356381,0.3616012524854253,0.23099194102925433,0.0,0.0,-0.09811051301975555,0.06601001040546918,1.0072992700729926,4.965068306494546e-16,0.01942259329453216,1.77104156406826,0.9447797937268885,0.2309010177972154,-0.5659955184619507,varied_variance
varied_variance_008,0.0070921985815602835,0.8371424765915948,0.16323774033343094,0.0,0.5651773552683138,0.23365407246948083,0.5671886625824358,0.23424660373197154,1.0035587188612096,0.8021258990483379,0.25,0.0020473413801050428,,,0.672850681348338,,,141.0,1.5831268475906328,0.024102991612358095,-0.8430825366943422,0.03312415222429306,10.884832866665304,1.0507444180492627,0.15883701375942996,2.064699224165896,0.10048252867134849,1.2598275456739365e-17,1.781665201343291e-17,0.11047219809071729,0.15944303121821798,-2.303986088108556,0.20421998579766473,2,0,0,4,1.0,2,282,0.0,2,0,,1.4282616120969822,4.368685312274453,0.10373745712631575,9.797699507419372,1.0017777791811964,3.1401849173675503e-16,1.1456145992356381,-0.3271880449474488,0.18884917480818394,0.0,0.0,0.0905644107810741,0.056751458856074834,1.0035587188612098,6.280369834735101e-16,0.04437297664777457,1.7346753557551446,1.0025648535534253,0.3541172612137816,-0.8306953000293511,varied_variance
varied_variance_009,0.01646090534979424,0.9437627866666581,0.098501234040481,0.0,0.17235917420163704,0.19483669112577448,0.172714553942259,0.1952384162621163,1.002061855670103,0.7298602484624458,0.5,0.0,,,3.007246974701633,,,60.75,1.2256383986171817,0.3165010240106452,0.8685080642579575,1.3130091846618412,8.148142991886651,0.8123001882965859,0.12122125375636557,3.2172680866374423,1.0759399541580148,-4.573387850410624e-16,2.3734989300706675e-15,0.05667943818529929,0.24977825916868662,-3.1113780346856585,0.6046582180766352,8,0,0,2,0.07142857142857142,1,486,0.0,8,6,,0.890688197496816,6.3286461213231,1.424389519036795,8.148142991886651,1.0010303969760874,2.220446049250313e-16,1.6013288002734283,0.007545395097419708,0.6950642755417877,0.0,0.0,0.014601573651975992,0.1377195944073927,1.002061855670103,4.440892098500626e-16,0.10931180250318398,3.690670252891903,1.5530430693127826,-0.12205164509183258,-0.7739340083914548,varied_variance
varied_variance_010,0.01020408163265306,0.9325770647869479,0.05458370791650118,0.0,0.2937801124483066,0.2409180181786429,0.2941135745509719,0.24119147790415765,1.001135073779795,1.1346989827638334,0.14285714285714282,2.997944808332385e-17,,,5.39410345090152,,,98.0,1.5228242676243189,0.25370377150638307,-0.7319204847814011,0.38532770111417364,92.86963478384486,0.9579812937399872,0.20276796081281329,2.3427705419557565,0.42850690360103394,5.325937613722092e-17,1.7825282566960675e-16,-0.1637389315073878,0.191992208222861,-2.168378794670221,0.41359464322657824,9,0,0,7,0.1388888888888889,6,882,0.0,9,2,,5.233096796449405,4.5111493366259765,0.486589912129576,37.22844023135463,1.0005673759321734,3.925231146709438e-16,1.7058511921324555,0.17764140346502197,0.4943584407331075,0.0,0.0,-0.050167678506398264,0.12485674047566553,1.0011350737797953,7.691850745534255e-16,5.420903093099648e-07,3.9852129920293193,1.4623640915302298,-0.799804642127749,0.1462550784284371,varied_variance
varied_variance_011,0.005208333333333333,0.9719845889794888,0.0128310440748107,0.0,0.48186307788282273,0.2758237485119651,0.4824913217914053,0.2761833622649142,1.001303780964798,1.0887832663372048,0.3333333333333333,0.0,,,2.9015679208162455,,,192.0,1.7973407333243292,0.37831172096442045,-0.8190692029207708,0.8727712986321313,38.384125135964034,1.0498272232854386,0.46122583071296813,1.8887743980145184,0.4218929537976201,-6.250786925103096e-16,1.2613702323080465e-15,0.1152105703915606,0.299456045928144,-2.512085092476311,1.0404677271516707,4,0,0,3,0.6666666666666666,2,768,0.0,4,1,,1.8896727181193014,4.400859490490829,1.2159269293331672,25.648071670960352,1.0006516781402,4.053961296325412e-16,1.2533050032445723,-0.2879350789899602,0.5523763368021022,0.0,0.0,0.060648404969236396,0.13332620370373865,1.0013037809647982,7.902625407419788e-16,0.0027319468110118036,2.5354929449740187,1.257658846311417,-0.19362391295431594,-0.8511792006482062,varied_variance
varied_variance_012,0.023017902813299233,0.9841472716365974,0.00609618977692932,0.0,0.369239030073326,0.24579722105005616,0.370185796817104,0.24642747033480014,1.0025641025641032,1.3284180728116448,0.25,0.0012787723785166183,,,3.9570871233865437,,,43.44444444444444,1.665195960957686,0.2802553590218608,-0.9709642186452202,0.5954117223628239,103.20121682798509,1.065296661971368,0.29366765098507414,2.0340324870940782,0.42133555294020786,5.90604575759674e-17,2.6750646995408073e-16,-0.0004201296668737574,0.24936116973791342,-1.9865278250712517,0.5532014818293272,9,0,0,4,0.2777777777777778,3,391,0.0,9,1,,2.9057118838688685,4.02056031216533,0.6715101453428926,50.21700641761383,1.0012812305062466,2.482534153247273e-16,1.1979410791605392,0.09686296418632757,0.49915058276435936,0.0,0.0,-0.02818539449314022,0.12703362329946977,1.0025641025641032,5.026748538604307e-16,2.6548291502639502e-05,3.961177246221634,1.534675428281123,-0.8987559243624942,-0.4907562677561188,varied_variance
varied_variance_013,0.004552352048558422,0.9301009520161863,0.09159406872350224,0.0,0.9099473698778082,0.049656469303637006,0.9113302686162238,0.049731935062456815,1.0015197568389052,1.5800364255986212,0.3333333333333333,0.0008761005602270488,,,2.755239534713658,,,219.66666666666666,2.0742523362529774,0.06031535022776917,-1.37752192207446,0.10660210755062798,99.65453697271373,1.0527534490846635,0.6085970642551647,1.5642497898921395,0.17120588248944915,-7.727197176956073e-17,1.9276994037278666e-16,0.28180020577724596,0.2608527810548525,-1.7561881991247714,0.260913536572606,3,0,0,3,1.0,2,659,0.0,3,0,,1.7385650353081579,3.3204379890169107,0.15209910619441133,96.67359427166595,1.000759589931021,3.8459253727671276e-16,1.1456145992356381,-0.3521066518084872,0.2276966871867998,0.0,0.0,0.0863140266115933,0.06460442755986365,1.0015197568389054,8.455206652451151e-16,0.002571798293292278,1.9893665615765619,1.4323195260536237,0.19674211825906718,-1.2945278788376853,varied_variance
varied_variance_014,0.025906735751295335,0.9441346250926981,0.042364299507102195,0.0,0.47424220579653087,0.27799768689853904,0.47671221728505453,0.2794455915178023,1.0052083333333335,1.2197036379090087,0.3333333333333333,0.0029914521719669514,,,3.261155531518944,,,38.6,1.6850720865661752,0.16475616097129073,-0.8577214574456751,0.47876660016196393,23.638634815296133,0.9779962418972789,0.18411797796105261,2.0665534131930663,0.5600556779093337,1.1159754755299497e-17,1.888712814978665e-16,-0.003999407654031428,0.3674393863001835,-2.049907693440833,0.24313266474575868,5,0,0,3,0.5,2,193,0.0,5,1,,1.7845751144705866,4.116461106633899,0.5059580079120217,18.551377414449888,1.0026007846263303,1.9229626863835638e-16,1.1030014851200765,0.02614420719134276,0.5899858626746094,0.0,0.0,0.0027175734191268452,0.14236203821427787,1.0052083333333335,4.002966042486721e-16,0.008402353989647296,2.894752932456958,1.2932473828951572,-0.14146589401610266,-0.9986475961222618,varied_variance
varied_variance_015,0.019867549668874173,0.7458392182318017,0.30845861635838745,0.0,0.32581396776477134,0.15409305828509104,0.3279860608832031,0.15512034534032496,1.0066666666666668,0.6089739004900325,0.25,0.0033112582781456984,,,2.792797653470095,,,50.333333333333336,1.3545396390359414,0.41244721346340985,-0.48522731100629324,0.9036976645273712,13.795335485662061,0.9948253584162213,0.2960486531370802,2.0782619911868534,0.14244917682179692,-1.5293138352452487e-16,1.386949554181077e-16,0.04394135694811598,0.20069275557869004,-2.4331481110071445,0.6444936913649217,3,0,0,4,0.0,3,151,0.0,3,2,,1.859121854369337,4.511410102193998,0.7861373983303911,9.604881779053539,1.003327796219494,0.0,1.1456145992356381,-0.3563718408220624,0.49642896193666936,0.0,0.0,0.06858460874774586,0.1192174246435637,1.0066666666666666,1.5700924586837752e-16,0.015942077973666473,2.2180831070576836,1.0583512319572046,-0.008733274548500291,-0.6851322804567417,varied_variance
varied_variance_016,0.028268551236749116,0.9798645130828617,0.098501234040481,0.0,0.31668466362188424,0.31934571101171993,0.3178076588829547,0.3204781426110522,1.0035460992907796,1.2650371312810442,0.5,0.002498610534228101,,,3.8589467551572167,,,35.375,1.5751074252610158,0.2719045765668512,-0.7104937398910998,0.790269197761176,24.084323461191282,1.1741897686215166,0.20044071693631982,2.2452385355358615,0.5615600681063684,-5.099964424073159e-17,1.572564077629388e-15,0.026214501297838123,0.10027505337828808,-2.5184777044214233,0.5576208583841273,8,0,0,2,0.2857142857142857,1,283,2.0,8,3,,0.9601344639991136,4.763716239957285,1.0209543124786233,24.084323461191282,1.0017714805736784,1.8766194259190274e-16,1.0659447742866381,-0.11572816855732793,0.22626684651066284,0.0,0.0,0.02304074678499965,0.040716956054342834,1.00354609929078,2.7834764294710043e-16,0.03986553600088639,3.780757086969861,1.3276345272625472,-0.07959266628116866,-0.8708765794676903,varied_variance
varied_variance_017,0.005952380952380952,0.8032540751688207,0.31779069751097433,0.0,0.42216568394535237,0.20404842604908305,0.4226688611610202,0.20429163037095321,1.0011918951132301,1.0397368162444134,0.14285714285714282,2.997944808332385e-17,,,2.532285038256378,,,168.0,1.744546880443125,0.18669789276914284,-1.0818296992209242,0.1272073230689942,58.74157218278634,1.1342302895918626,0.14696072190623308,1.9537586132456444,0.2135085496977253,-2.6201263381153693e-16,7.058503326165842e-16,-0.02376739913713881,0.20429740499451807,-2.1465543333077575,0.35809147145960574,5,0,0,7,0.4,5,840,0.0,5,0,,3.6300492560746336,4.1003129465534025,0.43084020923554994,33.08150784517689,1.0005957700856174,4.2998752849492583e-16,1.6094457753328955,0.035710235721703586,0.3523366511474074,0.0,0.0,-0.01054451050536616,0.09852257829816387,1.00119189511323,7.771561172376096e-16,4.486274091040739e-05,2.9095984233271155,1.2434452002821297,-0.3630439844703486,-0.40204861750038834,varied_variance
varied_variance_018,0.00881057268722467,0.8914611089636619,0.14145692750991423,0.0,0.3410135515222198,0.23881822734357422,0.3413895311821119,0.23908153299665427,1.0011025358324146,1.1718886076222186,0.16666666666666666,0.0005687200214695222,,,4.073298717254538,,,113.5,1.6768014767310904,0.3436892148750555,-0.9485399605981557,0.5355283058019835,84.91469947413037,1.1906079160673328,0.2504245185826862,2.273464704965103,0.5646283135302874,5.716181321720933e-17,4.1874472258983194e-16,-0.029057068217092773,0.14870680836417544,-2.163282547936565,0.2616541003203602,8,0,0,6,0.3214285714285714,5,908,0.0,8,1,,4.05355479333579,4.436747252901668,0.683920387603257,36.903294723324734,1.000551116051756,6.109830192338294e-16,1.2665958179501617,0.14095258305513503,0.2815417364431003,0.0,0.0,-0.03548055600124122,0.07364084327983594,1.0011025358324144,1.2588745812754728e-15,7.6155419709517e-06,3.7325174737813778,1.444283172108335,-0.7465510951904242,-0.32417178606907004,varied_variance
varied_variance_019,0.0065005417118093175,0.9919219513332511,0.098501234040481,0.0,0.7327527452205261,0.1352956721102068,0.7335474878943007,0.13544241362008758,1.0010845986984813,1.8251798616730222,0.5,0.0007660961876343618,,,4.240675771452105,,,153.83333333333334,1.741195168135536,0.23009082739633466,-1.1671340771131922,0.7101278416978618,61.1471499882503,1.207997404890426,0.1384155468113639,2.138091260968914,0.7140605065993986,3.258899510347877e-16,5.106380770277363e-16,-0.044231543697959445,0.2899886292529744,-2.223516363722793,0.6565254126929903,6,0,0,2,1.0,1,923,0.0,6,2,,0.9839091575367646,4.361607624691707,1.1669984038841539,61.1471499882503,1.0005421523846365,4.864753555590494e-16,1.1456145992356381,-0.04893696730284589,0.3191922669505438,0.0,0.0,0.010457607189579707,0.0690436654698843,1.0010845986984809,8.484312441289355e-16,0.016090842463235444,3.066487164006506,1.615447819449799,-0.011100509235415923,-1.4649166805760834,varied_variance
varied_variance_020,0.00423728813559322,0.9451797007128114,0.026179025404339643,0.0,0.07800385226554608,0.08540141590668666,0.07811418303254125,0.08552220998859153,1.0014144271570018,0.1814760964292254,0.16666666666666666,0.0,,,2.8749271669148,,,236.0,1.3758199229195822,0.5103391741726648,-0.5307332203845532,0.7961057345194746,31.130969502978584,0.8658141689515784,0.2548701808777197,2.2286432164192145,0.5766593218392552,-3.2114925910061025e-16,9.96983612367728e-17,0.07385088698419727,0.2675132265952066,-2.2060534749388827,0.1928694363521928,3,0,0,6,0.0,3,708,0.0,3,1,,2.681464682660922,4.434696691358096,0.41456749021171707,17.711261116705554,1.0007069636796786,5.874748045952207e-16,1.1456145992356381,0.08231247452522587,0.9003602778275089,0.0,0.0,0.0018342116920092761,0.21283012502998166,1.0014144271570018,1.1749496091904413e-15,0.0009187909093189128,2.2466080888578777,0.9804277933740786,-0.5282668686794176,-0.6630851555994091,varied_variance
varied_variance_021,0.008583690987124463,0.9888917436463901,0.00923312757584352,0.0,0.7186422667654421,0.1881659120337322,0.7194141703817316,0.18836802364708727,1.0010741138560686,2.1009941043143048,0.3333333333333333,0.0006194745377571217,,,5.673970609253986,,,116.5,1.998076407556184,0.2047555885731829,-1.2587932133005308,0.29056965740866425,136.03562401483833,1.2357086444964076,0.2583788176367638,1.9358159053342932,0.5709394266790553,-4.9316773840645364e-17,2.5405368460437894e-16,0.023557135605265282,0.2331911756902097,-1.871352159931294,0.30676912384611327,8,0,0,3,0.8571428571428571,2,932,0.0,8,1,,1.9558990119488273,3.8071680652655866,0.7207903648878566,108.43400925024662,1.0005369127903623,4.2793507033930545e-16,1.2319588536421835,0.0032359619386896216,0.30515604929879203,0.0,0.0,2.11495943680598e-05,0.06922902857893627,1.0010741138560686,8.22293433142597e-16,0.0003194899024503415,3.4996359135997768,1.9415803598975117,-0.11698233477256205,-1.4379524128569354,varied_variance
varied_variance_022,0.0035502958579881655,0.9400720912339965,0.04724493050359716,0.0,0.2167999737258225,0.3017851919519198,0.21705684573260664,0.3021427573452277,1.0011848341232232,0.5691410321445117,0.14285714285714285,0.0005774556644665825,,,3.3585881132687616,,,281.6666666666667,1.022929123289681,0.0646508581970211,0.36030430706694494,0.608346682203542,33.18732500947817,0.7290844075495232,0.07326701568334795,2.48349440121056,0.6325377862718053,-2.5419070749208715e-16,4.516901339349513e-16,-0.15261594821842964,0.17927574414619715,-2.225961837986086,0.4469917643789515,3,0,0,7,0.3333333333333333,3,845,0.0,3,3,,2.6556707770677574,4.709456239196647,0.4980651824740025,16.7669871303681,1.000592241686504,4.710277376051325e-16,1.1456145992356381,0.6957776942893572,0.9122511096267932,0.0,0.0,-0.14200030606378974,0.1675716056198339,1.0011848341232232,8.005932084973442e-16,0.0008801345130228559,2.1895909727833045,1.1012721628395066,-0.01113168593050317,-0.8650803776705445,varied_variance
varied_variance_023,0.013513513513513514,0.8376103702858355,0.20983096832156628,0.0,0.3782396560824927,0.2109310919798547,0.3792646958008735,0.2115027209554098,1.0027100271002714,0.9594315253193347,0.16666666666666666,0.0013956696743089793,,,2.793204875850664,,,74.0,1.4885230004590273,0.3701847437179355,-0.6736077097453876,0.3797291009689773,40.86234135963416,0.9801487002262812,0.2062550573075885,2.0725074406254,0.19281594393020354,5.761157316973786e-18,9.668610762611824e-17,0.16118427128056495,0.09282749746975658,-2.476918048412248,0.372131784523782,5,0,0,6,0.30000000000000004,5,370,0.0,5,3,,3.6840718031189366,4.549425489037649,0.43891939646348765,20.445335490626647,1.001354096761116,2.482534153247273e-16,1.4973415054263588,-0.26638467578263014,0.10438964734580698,0.0,0.0,0.056285579908819015,0.03162160868380175,1.002710027100271,3.510833468576701e-16,0.00011194725653801852,2.9408671606786188,1.174053071306739,-0.29008252084421715,0.10715997143575118,varied_variance
varied_variance_024,0.0076726342710997444,0.9499616951553894,0.04252099608724852,0.0,0.42367203513408663,0.37458815880997576,0.4247583736857128,0.3755486412684631,1.0025641025641037,0.9073767640652769,0.3333333333333333,0.001476599153937655,,,3.082838756605295,,,130.33333333333334,1.9267270971832968,0.22586852606378338,-1.236851150036036,0.27565540996325627,29.790521315101742,1.0662883960950587,0.48128781233980006,1.8299113139585774,0.4243906632626109,1.7793855808144026e-16,3.379532928701138e-16,-0.2855500405685509,0.20054542880497309,-2.0103695063229488,0.40268454116144803,3,0,0,3,0.3333333333333333,2,391,0.0,3,0,,1.8066624796332538,3.840280820281526,0.740351993593169,24.288297520403027,1.0012812305062464,1.5700924586837752e-16,1.1456145992356381,0.2527042903091907,0.28314614676655303,0.0,0.0,-0.06766997931579855,0.0920647589183002,1.0025641025641032,2.220446049250313e-16,0.006081608994404983,2.1600510300054125,1.1617074344072928,-0.3620601465530109,-1.2795268747399626,varied_variance
varied_variance_025,0.0078125,0.7328231279320456,0.37029796694317835,0.0,0.2353106823512883,0.18493583242823586,0.23561747593975144,0.18517694824626477,1.001303780964797,0.7246519039617539,0.14285714285714285,0.0006353516099925256,,,3.6042990103850467,,,128.0,1.5022395895985194,0.24673844717110505,-0.6396606116134758,0.4562907576280641,30.352017405811637,0.9936070934004868,0.2703576350897919,2.52695782595103,0.6840681550516924,4.240435163498862e-17,2.469166032599505e-16,-0.07334287811226299,0.2468094432580656,-2.2837949598783287,0.3038585160004089,6,0,0,7,0.13333333333333333,6,768,0.0,6,2,,3.9077813426038994,4.81075278582936,0.44279973784105064,12.73280988898325,1.0006516781401995,4.094300213216723e-16,1.1456145992356381,0.17685763201970575,0.5439040137244413,0.0,0.0,-0.038250327218372196,0.13846052038539855,1.0013037809647976,8.067281120720504e-16,0.00015037925470278232,3.2703145158763345,1.149212051288232,-0.6363706957046054,-0.054049498900662574,varied_variance
varied_variance_026,0.06956521739130435,0.9551233469689553,0.03897810184974308,0.0,0.4366094504394031,0.2729027898174628,0.44043935789939803,0.27529667393866863,1.0087719298245614,1.4616931638184016,0.25,0.0043478260869565105,,,3.109560658991443,,,14.375,1.5902259966712078,0.1708026700757911,-1.0250729277932815,0.30194544539534607,64.94748011026212,1.2173013410307079,0.17274243904562375,2.0304890616774753,0.1805069535906855,-6.11376891142087e-17,2.223315781707956e-16,0.030592048421026967,0.159732928892368,-1.8104202752331897,0.3664693249097479,8,0,0,4,0.46428571428571425,3,115,1.0,8,0,,2.739820408623156,3.8409093369106646,0.373677121472087,47.18747852038515,1.0043763885240242,1.8766194259190274e-16,1.4713332421483682,0.14955364304712113,0.2799029386869515,0.0,0.0,-0.04970976638652584,0.07389726146790027,1.0087719298245617,3.4603152453359856e-16,0.00025145050573971607,3.722412601427408,1.511289284659763,-0.4235333384885572,-0.45723091571200225,varied_variance
varied_variance_027,0.0063371356147021544,0.9888075205829929,0.098501234040481,0.0,0.8105184773582967,0.08250668746970206,0.8115470541062135,0.08261139138781101,1.0012690355329954,1.8231165607508495,0.5,0.0008962063132909686,,,4.034506340696861,,,157.8,1.7996933016347623,0.1687122633623303,-1.2800827219243451,0.5649154166563133,43.924261032283795,1.289683800973496,0.18961071151939538,1.9862237487852117,0.6034172749432601,-3.224008864412115e-16,6.805894333291363e-16,0.008952520821219813,0.21560766129854453,-2.069562988838528,0.49341345915062723,5,0,0,2,1.0,1,789,0.0,5,0,,0.977740312761486,4.055786737623739,0.8337292639017222,43.924261032283795,1.0006343165877307,4.2998752849492583e-16,1.1961009171413068,-0.00964042091417562,0.3543775233401071,0.0,0.0,0.006898390844383037,0.08417419628907916,1.0012690355329952,8.005932084973442e-16,0.022259687238514014,2.7221940888100384,1.6131799955918242,0.01891099311988159,-1.5480463731255991,varied_variance
varied_variance_028,0.008064516129032258,0.9914507536861099,0.098501234040481,0.0,0.9077040104281141,0.04684531166661711,0.9101506519656563,0.04697157935305009,1.0026954177897573,1.577826126781518,0.5,0.0,,,3.308138666862263,,,124.0,1.925098958178143,0.06171510760058867,-1.6984847925625122,0.27291925782412185,57.73576085714964,1.434596715995531,0.03195064442744542,1.677561362069449,0.24513305757443213,-4.05887987497369e-17,4.877030252960853e-17,-0.01776569241977877,0.06468884807042924,-1.7729295440356287,0.3849981262005439,3,0,0,2,1.0,1,372,0.0,3,0,,0.9829745969847554,3.4504909061050775,0.6237140142144381,57.73576085714964,1.0013468019571228,0.0,1.1456145992356381,0.0008211835775331957,0.023998573861021655,0.0,0.0,-0.003501492063575661,0.007993982442326457,1.0026954177897573,0.0,0.017025403015244574,2.01146315907508,1.4036340215391765,0.03306335803757641,-1.7613845665809496,varied_variance
varied_variance_029,0.008958566629339306,0.9595747775676681,0.02508068532898884,0.0,0.3701747450891063,0.257530366068693,0.37058973919795035,0.25781907724141573,1.0011210762331841,1.2694360280158326,0.25,0.0005599104143337169,,,3.503632915116944,,,111.625,1.5526181194240245,0.2631223634054454,-0.8866472717984086,0.32324257749990265,46.22284056863125,1.0536490767911495,0.2617069535855112,2.16897111543983,0.4003974711101809,-8.391943355229348e-17,3.963048971444933e-16,0.06256815900834801,0.21152634805382783,-2.3409117801553636,0.22692684038611827,8,0,0,4,0.2857142857142857,3,893,0.0,8,2,,2.7636093427852626,4.509882895595194,0.5049819124750349,25.89874549289795,1.0005603811031016,3.1401849173675503e-16,1.0714979870042083,-0.19037415093353105,0.3699875222782822,0.0,0.0,0.05111159784993269,0.10288721759859826,1.0011210762331837,5.566952858942009e-16,0.00033175265517372055,3.750661716780344,1.3965936796395957,-0.6380473842920944,-0.7528469293492579,varied_variance
varied_variance_030,0.016241299303944315,0.9226182275347261,0.058323100474139015,0.0,0.37489925458505513,0.19901986874230956,0.3757711133166482,0.19948270564636134,1.0023255813953484,1.1196948272792535,0.25,0.001160092807424587,,,3.905533498815053,,,61.57142857142857,1.3277928210389014,0.2799787235638362,-0.33848458037857426,0.6627071754565409,29.146229764209945,0.8554894209937789,0.3046038202158626,2.566033346879982,0.5071938216267827,-2.362489830325988e-16,5.181152221998784e-16,0.03948576376474372,0.2635229693160762,-2.499466734582714,0.5862499774157811,7,0,0,4,0.2857142857142857,3,431,0.0,7,4,,2.5604763494357923,5.065500081462695,0.8894420577151558,19.66098056117474,1.001162115441525,3.951312703709894e-16,1.1456145992356381,-0.09615855064849799,0.6540036544284124,0.0,0.0,0.02774580923420536,0.16715147533305497,1.0023255813953487,5.944274111531574e-16,0.001648246897184121,3.4824578129685717,1.380233936848762,-0.0894310230959231,-0.5682013091872755,varied_variance
varied_variance_031,0.012987012987012988,0.9737093465120193,0.013361755498056202,0.0,0.34525626738949405,0.268632247554604,0.3457551926313864,0.2690204444441337,1.0014450867052023,1.307354150550702,0.25,0.0007215007215007202,,,5.051481458186649,,,77.0,1.5402139036961857,0.29792543723364207,-0.7774643535281442,0.5919189251439038,64.34429300495026,0.9320647913084196,0.3049438851281704,2.187992665170289,0.5857417119249576,3.6847228811513133e-17,5.129334263153247e-16,0.05758721030937023,0.2641840501863307,-2.3763174058932197,0.5783577481690075,9,0,0,4,0.3055555555555555,3,693,0.0,9,2,,2.8446867474745714,4.564310071063509,0.8181559176771339,30.434165376184627,1.0007222825065913,4.965068306494546e-16,1.3438145901587506,-0.18744658937183425,0.5108922627297773,0.0,0.0,0.05239246655474917,0.13779689297741118,1.0014450867052023,9.42055475210265e-16,0.00010940839646074556,3.954825212018904,1.5444640180571612,-0.9453043341727088,-0.42102733175830664,varied_variance
varied_variance_032,0.010101010101010102,0.949224260232806,0.0407484473376861,0.0,0.34928514688930096,0.21377718658228417,0.3497898942113955,0.2140861131524899,1.001445086705203,1.077971806810614,0.25,0.0007215007215007202,,,3.3933756846876153,,,99.0,1.5279988078013633,0.25902550745123926,-0.5250658731751026,0.8277269829064474,40.11430244936371,0.8779277890484035,0.20204984497916423,2.453080819226814,0.5137700632778296,-3.0283387058008805e-16,8.282984840382496e-16,0.10587554433494491,0.29485662676747526,-2.469507361550908,0.8974496634185138,7,0,0,4,0.23809523809523808,3,693,0.0,7,2,,2.7064009605644186,4.922588180777723,1.1217707082353199,20.325341273906382,1.0007222825065916,3.510833468576701e-16,1.1456145992356381,-0.18892896877180476,0.6050295854886728,0.0,0.0,0.04257041522146886,0.15204802096043413,1.001445086705203,6.148136713008272e-16,0.0005309431572501395,3.500272805529037,1.3297825012936209,-0.6548484337306753,-0.39179298333691825,varied_variance
varied_variance_033,0.026755852842809364,0.9333870344252667,0.06794919827608314,0.0,0.44102002607916757,0.22846318358059234,0.4424999590525877,0.2292298385590508,1.0033557046979862,1.404210464001542,0.2,0.0014956976438125673,,,5.535276723261111,,,37.375,1.34509326539248,0.2745768880008187,-0.700124153119306,0.3389603265871156,62.497958672189945,0.9918018528628639,0.1819970192033815,2.0548524231602014,0.40114081644179117,2.2093066877992243e-17,7.874892410444945e-17,0.03952642738003856,0.1779682866224013,-2.2583100687570807,0.2952773983086677,8,0,0,5,0.42857142857142855,4,299,0.0,8,2,,3.4986967047718633,4.313162491917283,0.5525280435685802,38.13309859535138,1.0016764471115345,1.8766194259190274e-16,1.306171483979088,-0.13492205247254377,0.43875531564560666,0.0,0.0,0.03634381104935478,0.1124031036847877,1.0033557046979868,3.9364301171037323e-16,5.5450009405120135e-05,3.6727934930359076,1.601336701846581,-0.12042148275094364,-0.7980269899312482,varied_variance
varied_variance_034,0.004076086956521739,0.9407625240413872,0.02757696643951554,0.0,0.18574392696580513,0.1402153703912324,0.18599663979160894,0.14040613960264903,1.0013605442176867,0.3784336376665607,0.19999999999999998,0.0006076271677988585,,,2.6044142168722773,,,245.33333333333334,1.5176694140026648,0.4579468860560644,-0.7471173784171409,0.7334913708425451,27.10113828414177,1.0465306088246584,0.319656710705876,2.3075421657821455,0.5666340289726929,-4.947733044525154e-17,6.933382574458001e-17,-0.15754511479328828,0.2835993818822964,-2.3796341483800894,0.5445162973758682,3,0,0,5,0.0,3,736,0.0,3,1,,2.656623358078177,4.687176314162235,0.10722389713006514,13.741695242274643,1.0006800408810432,6.661338147750939e-16,1.1456145992356381,0.3033409649682526,0.6908930784857734,0.0,0.0,-0.07180466128339118,0.17369535693308938,1.0013605442176867,1.1537776118301384e-15,0.0012169273595526978,2.2172175919443746,1.0450403893048859,-0.2416499519835263,-0.8087673314245052,varied_variance
varied_variance_035,0.01090909090909091,0.977595464015256,0.098501234040481,0.0,0.5381101451185837,0.2316198832116085,0.5390903093173425,0.23204177735224896,1.0018214936247718,1.4301164755519862,0.5,0.0,,,3.7988286297432503,,,91.66666666666667,1.6202569262628446,0.25604623555721406,-0.6305326222491429,1.0741644442424505,21.569741707599086,1.1782961117868567,0.18387137617236715,2.4073477351915904,0.6813450767904955,4.610453433170651e-16,4.607625836806269e-16,0.0042678731320099595,0.15971977491107855,-2.507061469420047,0.8468648696932776,6,0,0,2,0.4,1,550,0.0,6,2,,0.9556928912632037,4.914409204611637,1.4273486157243342,21.569741707599086,1.0009103324597923,2.9790409838967276e-16,1.1456145992356381,0.028660553446779865,0.37132364164958986,0.0,0.0,-0.0017070825918615677,0.06826769074816469,1.001821493624772,5.704429186199679e-16,0.04430710873679633,3.1748525877620617,1.393617224878412,-0.009066923233046227,-1.0956906030091902,varied_variance
varied_variance_036,0.012280701754385965,0.8844341118483328,0.15091652968849087,0.0,0.3127034539227969,0.2654644710538137,0.3132530206256489,0.2659310166971421,1.0017574692442885,1.076268657040684,0.2,0.0,,,3.2563548252305172,,,81.42857142857143,1.579156687423646,0.305384796574189,-0.8691418732870945,0.5431091492638851,46.037759028941025,0.9432582605266857,0.09987898375184996,2.3448071936539314,0.3792267790239674,-7.434876996988518e-17,1.711209970531756e-16,-0.15074726086155968,0.3273597523526665,-2.053458354215969,0.41292092716275053,7,0,0,5,0.2857142857142857,4,570,0.0,7,2,,3.197222189603448,4.3982655478699,0.713515434493423,21.86041549353385,1.0008783488737723,4.710277376051325e-16,1.1456145992356381,0.29010969748115273,0.36120418072008836,0.0,0.0,-0.08020863750008211,0.09707719050161953,1.0017574692442885,8.406473066991232e-16,0.00018972408198723121,3.4999638973336533,1.3322376990541391,-0.6769378901935029,-0.32905572663261795,varied_variance
varied_variance_037,0.03461538461538462,0.9766151360932296,0.098501234040481,0.0,0.3417046815561416,0.2378427412303867,0.343024004650953,0.23876105297258904,1.0038610038610039,1.2481182089634233,0.5,0.0,,,3.9282849310380494,,,28.88888888888889,1.5730104857691156,0.21143372395921198,-0.6838585070022081,0.6339329716062252,20.6343094056669,1.152777531087523,0.1553933942671854,2.3517179359377667,0.37214969573647183,1.5562100516113307e-16,3.346610301947199e-16,-0.02815443789963567,0.08625709135621264,-2.6179950384870505,0.4894098335645663,9,0,0,2,0.16666666666666666,1,260,5.0,9,4,,0.9537771240463974,4.969712974424817,0.8160542586502564,20.6343094056669,1.0019286421003262,2.7194799110210365e-16,1.026807804074857,-0.017780622208595175,0.08337870230815311,0.0,0.0,-0.004102811770336135,0.023191059425824015,1.0038610038610036,5.495323605393213e-16,0.04622287595360264,4.0576105300794145,1.2670023108450608,-0.00048206831488783374,-0.7130496156514283,varied_variance
varied_variance_038,0.007425742574257425,0.9315152542797538,0.07426573079892398,0.0,0.1894855391824788,0.15450402997685203,0.18995572662461901,0.15488741466662093,1.0024813895781641,0.3952591006879925,0.14285714285714285,0.0012077971199858095,,,2.1278620501269976,,,134.66666666666666,1.7610851052030236,0.28654090812516886,-1.18082142435,0.47897666660990973,41.2170036628948,1.12114306947265,0.20519767528680055,1.7601444587391317,0.0856320784056545,-2.1544922062032743e-16,3.316399295668541e-16,0.2140938970012307,0.25560341234833783,-1.977346192496449,0.3256588845803955,3,0,0,7,0.0,3,404,0.0,3,0,,2.6141928044098197,3.7374906512355808,0.36818110612893096,22.917031406881588,1.0012399260807392,3.510833468576701e-16,1.1456145992356381,-0.26996422921911006,0.3752243757581617,0.0,0.0,0.07666024072473819,0.10477848764525317,1.0024813895781641,7.021666937153402e-16,0.0007085176237728143,2.2241162013596987,1.0335354180279896,-0.15252181469034443,-0.7754919591351093,varied_variance
varied_variance_039,0.03137254901960784,0.8411279194496784,0.16760315321810534,0.0,0.4989379937216695,0.19308933896504663,0.5009023165315972,0.19384953321294043,1.0039370078740153,1.5156218884870598,0.16666666666666666,0.0021479315980594826,,,6.643959338286941,,,31.875,1.3538087539233077,0.29576114685648003,-0.3538117355857776,0.6750611923664586,48.06003449345525,0.9883196607031695,0.21654620156682772,2.40446843112559,0.5375506569412336,8.990629591572346e-17,3.7223753666135345e-16,-0.015448276275558864,0.20914362439592418,-2.1747446189653794,0.4115127564415177,8,0,0,6,0.5357142857142857,5,255,0.0,8,5,,3.6498441522633303,4.579213050090969,0.5987332183068905,33.00658865236156,1.0019665702377578,2.0557335828564925e-16,1.4296224752200402,0.14212559624067395,0.6058951268940553,0.0,0.0,-0.021464633602595824,0.12723946038596776,1.0039370078740157,4.111467165712985e-16,0.00013963842905625722,3.665826395492704,1.620095356481594,0.30442211476730513,-0.15629543133757018,varied_variance
varied_variance_040,0.008241758241758242,0.9676423538697393,0.013301744072418527,0.0,0.4936219980627163,0.30207768587205164,0.4943009829293773,0.3024931985073639,1.0013755158184314,1.4065606020188741,0.3333333333333333,0.0007930635565791534,,,3.148355647145924,,,121.33333333333333,1.7227401555437496,0.15655734010940067,-0.9826108369241173,0.23548844216492035,32.26513528975827,1.0865771947568825,0.17660314295455243,2.23195763741429,0.3536624091033599,-3.3652364574260696e-16,3.419941506255188e-16,0.14277419875645306,0.20923429005255761,-2.369166525707213,0.3507428002396142,6,0,0,3,0.6,2,728,0.0,6,0,,1.8728403864005077,4.6011241631215025,0.32247614064480673,21.037598075902086,1.000687521566264,2.432376777795247e-16,1.1456145992356381,-0.15072560461380394,0.33343895795146145,0.0,0.0,0.039598169405460786,0.08534367256518494,1.001375515818432,4.440892098500626e-16,0.0037110495121115096,3.1477090882907954,1.4520446567901102,-0.2796133682044597,-1.147669065909663,varied_variance
varied_variance_041,0.008391608391608392,0.7895641739129545,0.3076218590985268,0.0,0.3043988773487227,0.23212058353941398,0.30482520630859483,0.2324456823959117,1.001400560224089,0.9274071446175465,0.16666666666666666,0.0005709766300193899,,,3.713419277447383,,,119.16666666666667,1.491630694491776,0.4846738565621102,-0.6845816379418045,0.725226044536859,44.85644361610555,1.076789419484845,0.3200479638632309,2.2231989951590916,0.37363181417138774,-6.252444819334214e-17,2.2841176675426536e-16,-0.010215767022575506,0.22341713143894815,-2.4047892478247332,0.44223279506243807,6,0,0,6,0.2,5,715,0.0,6,1,,3.495582756415167,4.627988242983825,0.22811131937773024,21.76770049990222,1.000700035087483,3.293453726225543e-16,1.1456145992356381,-0.06413202589292491,0.6697450057451754,0.0,0.0,0.00513581152726503,0.15129134640216924,1.0014005602240894,4.657646926676369e-16,0.00011017117739276917,3.2059165869144337,1.3186756843272662,-0.48939745465720086,-0.48560327215433086,varied_variance
varied_variance_042,0.008484848484848486,0.8707676088766579,0.16497418606606593,0.0,0.4171267473511245,0.22694301482396656,0.4176329691318902,0.22721843110409254,1.001213592233009,1.2510432371548137,0.25,0.00060606060606061,,,2.3890268881646826,,,117.85714285714286,1.5855734876541465,0.19014391464791142,-0.7069437502779508,0.3402152894095202,31.184697369844677,0.9560621367338784,0.19004702703269621,2.446705013432582,0.3279659265629135,1.5533510024192678e-17,4.342928563218046e-16,-0.0016855675965116684,0.24007125083821199,-2.2965419483507215,0.5724897400827391,7,0,0,4,0.38095238095238093,3,825,0.0,7,1,,2.3291416501426387,4.743246961783305,0.7985914900087892,19.643332666460854,1.0006066121273685,4.965068306494546e-16,1.1456145992356381,0.07768545385904149,0.48756063413459033,0.0,0.0,-0.016936583553841474,0.13423271975348688,1.0012135922330099,9.721057689603554e-16,0.0022265830170601747,3.4858670807026773,1.365913974939685,-0.31827817606360564,-0.8782227239425504,varied_variance
varied_variance_043,0.007113821138211382,0.9678961888638902,0.026894358077559678,0.0,0.48415249015736783,0.2733936331534134,0.48464501557970474,0.2736717548555022,1.0010172939979651,1.4640607002176176,0.3333333333333333,0.0,,,3.8587183869765576,,,140.57142857142858,1.7850099393863157,0.2446931046435761,-0.9411039000143931,0.6534747343421865,46.495860509690736,1.0255932242455115,0.24002297978069312,2.1033435798924875,0.48751483790042266,-4.025686739697722e-16,9.01111708481882e-16,0.117199041388939,0.281227866134686,-2.4218397487330483,0.722498889049052,7,0,0,3,0.38095238095238093,2,984,0.0,7,1,,1.8743693713308904,4.525183328625536,1.1208219203459102,37.45858529937319,1.0005085177038548,2.220446049250313e-16,1.1456145992356381,-0.2492319785085478,0.3913220763559559,0.0,0.0,0.05765669497583507,0.1011018436848797,1.0010172939979651,3.510833468576701e-16,0.0025905433442923505,3.4350362368093457,1.488209719017518,-0.39201823269689545,-1.1170390482135788,varied_variance
varied_variance_044,0.011378002528445006,0.9701824197517079,0.01545855028364847,0.0,0.3279024345256911,0.22444251897443965,0.32831750089850853,0.2247266234288377,1.0012658227848108,1.1882863359671723,0.24999999999999997,0.0006321112515802751,,,4.929506076858876,,,87.88888888888889,1.4731901263902747,0.19257320410446738,-0.5016024701997543,0.784499933903374,60.64865237859218,0.9724442682861844,0.19712439111467903,2.3160335147221844,0.7484320588820016,2.3417767857524026e-16,1.0086100812428533e-15,0.03448874527720045,0.21760064901005138,-2.533556664809397,0.8178502424594624,9,0,0,4,0.2222222222222222,3,791,0.0,9,3,,2.824239716339582,4.849590179531581,1.3029708285445334,34.4686542431623,1.0006327112306548,3.510833468576701e-16,1.135271205195574,-0.08243422381169435,0.5475913493238099,0.0,0.0,0.021492090135532597,0.1345310439636738,1.0012658227848106,6.843874359417885e-16,0.00014763921859405033,4.007170799750923,1.4019154723984442,-0.6560437344879894,-0.4486346457049537,varied_variance
varied_variance_045,0.009259259259259259,0.9786023569407964,0.098501234040481,0.0,0.7528950510290584,0.0660250414142511,0.7542918878584258,0.06614753685286738,1.001855287569573,1.6924748137824082,0.5,0.0,,,3.877066214607786,,,108.0,1.7174990168365725,0.17006757548734247,-1.0883359550585863,0.4491544137040199,22.619763200020003,1.2543853030419718,0.112821171668075,2.430375694339841,0.75929714017909,5.131697536045169e-16,1.1431078719801398e-15,-0.013426551654013102,0.10356863377303278,-2.271832138434438,0.4350462839096916,5,0,0,2,1.0,1,540,0.0,5,1,,0.957662573010082,4.7022078327742785,1.0317109074616986,22.619763200020003,1.0009272139219578,4.002966042486721e-16,1.029013944042758,0.03614569109409948,0.1702341747486935,0.0,0.0,-0.005564729829705371,0.037027051713881695,1.0018552875695728,8.08254562088053e-16,0.04233742698991805,2.8072341888545522,1.4621864055659428,0.14564381006769686,-1.3512810142380638,varied_variance
varied_variance_046,0.01141552511415525,0.8872463185529025,0.08341106363219265,0.0,0.33992863266822326,0.19225624352325404,0.3407065013928645,0.192696189160607,1.0022883295194505,0.8645795489042181,0.2,0.0012505081221579133,,,3.9228002743964923,,,87.6,1.1948460274958197,0.1330227563519308,-0.26926931889935357,0.3931342104087205,23.47048100027483,0.7261458283853541,0.17647413095555844,2.2134392004229726,0.6247531853804937,8.151774536973751e-17,2.722111496061293e-16,0.11313021768983007,0.3185133107168516,-2.3560050444947827,0.6084413363972035,5,0,0,5,0.2,4,438,0.0,5,4,,3.1696963357514756,4.569444244917755,0.4729929562412184,12.416412798498264,1.0011435109510778,2.7194799110210365e-16,1.3010757281952134,-0.20901326793986108,0.871614574184378,0.0,0.0,0.054763868560746755,0.2223372266375524,1.002288329519451,6.377745716588144e-16,0.0009095192947849912,2.936566140936019,1.1829888398047756,-0.22460509223701486,-0.3816698458655021,varied_variance
varied_variance_047,0.013071895424836602,0.9888643606428922,0.006436288129143,0.0,0.5785402083700503,0.25778117662666855,0.5794870826881683,0.2582030770794128,1.0016366612111298,1.7890624995412636,0.3333333333333333,0.0,,,4.837190546752145,,,76.5,1.93797590294453,0.23855594158464086,-1.2132601191024994,0.35181504788169543,106.31272213223009,1.1170939163745919,0.3190512753491418,1.812018499007372,0.2101740690436024,9.07044954759115e-18,2.122258808450464e-16,0.06055909874006697,0.29550656138742976,-1.9813006193388685,0.4187909825095928,8,0,0,3,0.6071428571428571,2,612,0.0,8,0,,1.9557468733042331,3.7933191183462402,0.44506341833071683,75.18677767433572,1.0008179960467984,4.2793507033930545e-16,1.1538294408026208,-0.14355971690684205,0.40290750431820316,0.0,0.0,0.029493702213800307,0.10310992311355861,1.0016366612111294,8.179994433066354e-16,0.0004085681333144029,3.5802371272485276,1.7911138132595812,-0.4842008452387479,-1.3604352176295607,varied_variance
varied_variance_048,0.011627906976744186,0.9944092957747056,0.098501234040481,0.0,0.43612626919509573,0.3789463799977031,0.4369731163197464,0.3796821982112908,1.0019417475728152,1.3974838201185258,0.5,0.0,,,3.7896418392096742,,,86.0,1.6301188193746003,0.38937555718717454,-0.6208799354750557,1.4855536638805489,88.68487220922259,1.115240581014587,0.24373919805426353,2.3260917031206954,1.1988108524485364,1.0970265752368472e-15,1.410868390596356e-15,0.035434982397338825,0.2134885191583604,-2.4776640004336437,1.09119491139583,6,0,0,2,0.4,1,516,0.0,6,3,,0.988849847523146,4.80375570355434,2.212472811843023,88.68487220922259,1.0009704029454696,3.293453726225543e-16,1.1456145992356381,-0.061236433429543664,0.40689808942939254,0.0,0.0,0.016160949357897445,0.08451230947857907,1.0019417475728156,6.040266291023252e-16,0.011150152476854022,3.1271338541171163,1.4981104195981088,-0.19691793044724124,-1.1772830165792836,varied_variance
varied_variance_049,0.017167381974248927,0.9344394210284699,0.07208561542048832,0.0,0.3234522449049203,0.2390866592085035,0.32414784113052236,0.23960082406701635,1.0021505376344084,1.1328903645852324,0.16666666666666666,0.0011081497414041188,,,4.515066403269503,,,58.25,1.685100749283076,0.3376095772365619,-1.0696159432247336,0.41874995295800876,81.40866646471132,1.1616742850608133,0.22380323869128577,2.0135494956448454,0.24118526149370123,7.183095320267911e-17,1.676294613325733e-16,-0.12548130042794692,0.16567951042012438,-2.071792005849927,0.184391633140976,8,0,0,6,0.2857142857142857,5,466,0.0,8,1,,4.386670501662312,4.0853415014947725,0.33750740764106363,31.719740654826055,1.0010746913364699,2.5177491625509456e-16,1.3672731447681326,0.21047756673854504,0.21306823836359623,0.0,0.0,-0.051909318010138705,0.04368291225628768,1.0021505376344084,5.692068545052604e-16,3.4144229518092326e-06,3.757595425379779,1.3837937784639356,-0.8905306437277741,-0.0843258252939032,varied_variance
varied_variance_050,0.005822416302765648,0.8764680349603695,0.147224998491808,0.0,0.246614037835166,0.20542287786191563,0.24697353351714146,0.20572232812118954,1.0014577259475215,0.620528773969248,0.14285714285714282,0.0005501666273787925,,,1.8763765813297548,,,171.75,1.6203562561526783,0.29691555072781495,-0.8372621123365814,0.5228057720144568,36.269095373191455,0.9680996601440057,0.253687557485282,2.3350223469986675,0.6931786781948636,2.0879303461655055e-16,6.939672498383699e-16,0.0948674230567772,0.2953189343957286,-2.1103108079631254,0.2265149753850005,4,0,0,7,0.16666666666666666,4,687,0.0,4,2,,3.137810465771904,4.4453331549617925,0.7678809161506928,19.776504178376882,1.0007285975465687,4.965068306494546e-16,1.3026301518732624,-0.15054464496140046,0.4897448182414648,0.0,0.0,0.04000899114431743,0.11136814094275911,1.001457725947522,9.42055475210265e-16,0.0003812579655233689,2.6278823051296714,1.0516160886780606,-0.43175280194008114,-0.5798112026967104,varied_variance
varied_variance_051,0.005383580080753701,0.7884648599249786,0.14232008903382146,0.0,0.19262742489903253,0.19259111674417803,0.19288703059296652,0.19285067350528878,1.0013477088948783,0.5222957979172657,0.16666666666666666,0.000549459341135749,,,2.7372872358326696,,,185.75,1.5760519662675505,0.32844419613711684,-0.5761446962224777,0.7034981304721669,13.29453540703938,1.0924184599712476,0.1767120468791594,2.8930578328422145,0.6351183032428636,3.3411287793564606e-16,5.940503359261717e-16,-0.02650948258317515,0.1429070521872751,-2.627936069638611,0.7889692990339634,4,0,0,6,0.0,4,743,0.0,4,2,,2.5474723645738497,5.520993902480826,1.1274471660408165,8.825637644479638,1.0006736275603942,2.220446049250313e-16,1.2980956406450996,0.020576642944008433,0.17733780780042938,0.0,0.0,-0.00887799200386303,0.03880276517448518,1.0013477088948783,2.8665835232995054e-16,0.00788489003752977,2.6398036602505854,1.0208909376062856,0.0064247859213233515,-0.175696099791812,varied_variance
varied_variance_052,0.009485094850948509,0.8775895291053408,0.10531110074178684,0.0,0.37219219672148685,0.22535656286234507,0.3726972064863735,0.22566233838861693,1.0013568521031206,1.1453437884929356,0.2,0.0007421714871343755,,,3.8509097732689543,,,105.42857142857143,1.5945255733150798,0.19627990386157548,-0.8435392372250979,0.37917946792333007,34.30154759942167,1.0245563134091042,0.13618070332019463,2.3848202296874845,0.39540322432508945,1.0057769561064136e-16,4.645163111023981e-16,-0.02654988662347319,0.3068201368171519,-2.4082974651267293,0.5165868451488896,7,0,0,5,0.3333333333333333,4,738,0.0,7,2,,3.113924810199676,4.793117694814214,0.6982054946098821,20.07048982580503,1.0006781960766014,3.268408087260198e-16,1.1456145992356381,-0.048196388209946886,0.4468461194085296,0.0,0.0,0.009377730403770034,0.11873337418234277,1.0013568521031206,6.536816174520396e-16,0.0005617942774547607,3.526690015220129,1.2575585338227162,-0.37476782539706927,-0.45553571031969486,varied_variance
varied_variance_053,0.018329938900203666,0.8409923993714483,0.17541295568261958,0.0,0.2983855888154602,0.2044763420508658,0.2989945389967162,0.20489364070811242,1.0020408163265304,1.0825511046466578,0.14285714285714285,0.0007697850774118697,,,4.575007402429357,,,54.55555555555556,1.6177562345153313,0.21782525731201186,-0.8031342334697433,0.5542486868199805,60.8433168200427,1.1689635603518602,0.16290862232682338,2.383857707372874,0.47371147696552895,-2.5751948410065295e-16,6.454657439347314e-16,0.07769108050072387,0.1072600802349465,-2.308353890052238,0.47984641757758656,9,0,0,7,0.16666666666666666,6,491,0.0,9,2,,4.397457819909837,4.692211597425112,0.8864890460691449,30.03347511823901,1.00101988807742,2.3551386880256624e-16,1.4051507207541851,-0.10853001539257236,0.20362060169223672,0.0,0.0,0.01877941218193484,0.041543130295101316,1.0020408163265302,5.026748538604307e-16,1.3969140852312388e-05,4.021284832570151,1.366017199459363,-0.5772572485702318,-0.12483257689033067,varied_variance
varied_variance_054,0.02666666666666667,0.9743979497871935,0.006656136650958213,0.0,0.39989681382868664,0.22422130705347393,0.4012342613665752,0.2249712110904421,1.0033444816053512,1.2955104175540983,0.3333333333333333,0.0,,,4.109475649482457,,,37.5,1.5791216364620628,0.3666061287143038,-0.5148792722010593,0.8530918275161987,38.932080610234316,0.9865838621979577,0.2620600785739348,1.9483436070183968,0.6067196573929199,-1.2675046197803872e-16,2.915804038171077e-16,0.11754983856022529,0.23483790254469195,-2.462334892557215,0.4934678466511009,8,0,0,3,0.3214285714285714,2,300,0.0,8,3,,1.8989470332540885,4.410678499575612,0.8521351025659109,23.18129285862432,1.0016708449412666,2.7834764294710043e-16,1.2778587205551228,-0.3139053198274832,0.46764916445356797,0.0,0.0,0.06937012138239051,0.09346800726530295,1.003344481605351,4.519498061120574e-16,0.0024687962409769343,3.7238737521096064,1.4786060949538729,-0.5198471489218023,-0.8196062665992607,varied_variance
varied_variance_055,0.010037641154328732,0.993283403413717,0.002685394038000371,0.0,0.4796406387604608,0.3479966047265212,0.4802432023769939,0.3484337863907504,1.0012562814070352,1.667821824200891,0.3333333333333333,0.0007244043528100759,,,4.096433875575556,,,99.625,1.9785134704344236,0.2642271457707743,-1.1856571345053055,0.5566861023488564,160.32009484514924,0.9360338419972332,0.3519257244021279,1.711814425597628,0.545868900110072,-3.5034013888736126e-16,4.4184286429568085e-16,0.11327752217355952,0.36139043497269946,-2.0267849437636944,0.6556722305781082,8,0,0,3,0.5,2,797,0.0,8,1,,1.9732310503354131,3.738599369361322,1.0911103192397402,103.03378603355198,1.0006279435469685,3.7532388518380547e-16,1.2166104681427028,-0.19277018490932452,0.4770191694515053,0.0,0.0,0.05013655116615299,0.128743054596666,1.0012562814070352,6.766247564682849e-16,0.00016491457628905416,3.5969991980279743,1.7554763660894661,-0.62638940288857,-1.1790549537309878,varied_variance
varied_variance_056,0.009584664536741214,0.9801203400220119,0.098501234040481,0.0,0.606852626759422,0.16017890828655823,0.6078235909622371,0.16043519453981678,1.0016,1.5365018827208559,0.5,0.0,,,3.908110689509867,,,104.33333333333333,1.6438824714968814,0.21578900946667487,-0.8890950631956015,0.6616844794953085,24.403845519602797,1.2085064800249128,0.16101260872883624,2.5030634734462205,0.5823985852796378,-3.719660953642963e-16,1.4249406260958853e-15,0.03529697425989512,0.04906690903748208,-2.3194425116919297,0.43094607771232146,6,0,0,2,0.7333333333333333,1,626,1.0,6,1,,0.9606358809248642,4.822505985138149,0.954799541829128,24.403845519602797,1.0007996802557444,5.15985034193911e-16,1.1456145992356381,-0.009820083671000202,0.04264909964551021,0.0,0.0,0.00562094168009997,0.010213097728678849,1.0016,9.979663786127904e-16,0.03936411907513581,3.178468430420674,1.3843909985329792,0.09979651662533265,-1.1280384374155048,varied_variance
varied_variance_057,0.014492753623188406,0.8989700048887965,0.09678139234015415,0.0,0.4813597505271337,0.19996452639068943,0.4831101496199597,0.20069167012301922,1.0036363636363634,1.0333628702054123,0.16666666666666666,0.0,,,2.7058725741888785,,,69.0,1.361298211784765,0.2721803216752247,-0.6737553847365835,0.3797708029595508,52.661709360818676,0.677435850454298,0.23671200294786157,1.7703852507913216,0.3727113475588392,-7.642839662274631e-18,6.88110362149431e-17,0.21063139129070452,0.3683051666102022,-2.131724041673698,0.40233849718989995,4,0,0,6,0.3333333333333333,4,276,0.0,4,1,,3.2606881924689475,3.902109292465019,0.5650377429512775,39.524938253195266,1.0018165319240664,2.8665835232995054e-16,1.4008123321469759,-0.38766709024403334,0.6575450729949309,0.0,0.0,0.10402683251147953,0.18440359693609476,1.0036363636363637,3.3917873657517345e-16,0.00022195943563714868,2.5642008410081467,1.2058046923378678,-0.20677542367385704,-0.8235215507408147,varied_variance
varied_variance_058,0.009153318077803204,0.946881407582328,0.05757613291547335,0.0,0.35978870974598914,0.24747782115189393,0.36020083885222726,0.24776130090120876,1.0011454753722793,1.2294322639484279,0.2,0.0005116860360411401,,,4.966639171850581,,,109.25,1.4946687845335849,0.44282927200113986,-0.7914778161732277,0.7575521823627133,74.83580194149582,1.045001111468512,0.3444791684582994,2.0538662505837486,0.7499578148468783,5.938549931490397e-17,2.7523839928394603e-16,0.10305703268330431,0.23111330191292892,-2.1486061537037964,0.445536474895024,8,0,0,5,0.25,4,874,0.0,8,2,,3.596282633344863,4.202472404287546,0.685339492846403,39.85493307820833,1.0005725737657811,5.814492627002973e-16,1.463556369035935,-0.157416030774639,0.6209071054128052,0.0,0.0,0.054750731984960124,0.15333421500129124,1.0011454753722793,1.1290950225931699e-15,2.253856187551756e-05,3.7222945301869443,1.4706634681315836,-0.7986583556202081,-0.2535266384088595,varied_variance
varied_variance_059,0.012121212121212121,0.956923640614275,0.024781835892073195,0.0,0.4033263784494265,0.23365407246948083,0.40578568563509376,0.23424660373197154,1.0060975609756098,0.5738676200420147,0.2,0.0,,,2.3513245580288804,,,82.5,1.6114804093376196,0.4743423150716257,-0.9455723398303459,0.608342810572477,26.329112822267902,1.2339695612968877,0.1405329753602226,1.9720074024407621,0.15070669838457193,4.5754645863339784e-17,4.186913223156734e-17,0.0628950953670466,0.01926609650148039,-1.9954657330318328,0.5762043220192056,2,0,0,5,0.0,2,165,0.0,2,1,,1.8320198473231382,3.967473135472595,0.42549762363463345,18.820443889689763,1.0030441470721065,2.220446049250313e-16,1.1456145992356381,-0.32315604967092726,0.49988435588101104,0.0,0.0,0.09212080167319928,0.1378219484012077,1.0060975609756095,3.1401849173675503e-16,0.005929594538690327,1.7451688169208306,0.9893311095632167,0.27331339667705407,-0.6937238319689616,varied_variance
varied_variance_060,0.018711018711018712,0.8544259470566675,0.20627042632608683,0.0,0.2865805635017266,0.20683572139423573,0.2871776063423551,0.20726662914714036,1.0020833333333334,1.0574185710461972,0.16666666666666666,0.0008487490446234161,,,4.354775428378806,,,53.44444444444444,1.5231121162099428,0.20790076878135577,-0.6560393627278519,0.43327877516093327,43.498569123825646,1.0949291905073433,0.10185453001710265,2.391002748757172,0.41792432088201703,1.2264002087681907e-16,3.1632130293786616e-16,0.03630159877477722,0.18720100426929914,-2.5904989100370504,0.3564228322205759,9,0,0,6,0.16666666666666666,5,481,0.0,9,3,,3.820408450125398,4.981501658794222,0.6260774143621126,17.301696846944285,1.00104112469635,2.7194799110210365e-16,1.3371604463225961,-0.09880684289798519,0.3101426369923597,0.0,0.0,0.020038144275385097,0.0715342870657352,1.0020833333333334,5.551115123125783e-16,5.878734531060193e-05,4.045445940226938,1.2930070164934893,-0.6529578627866461,0.304073650340813,varied_variance
varied_variance_061,0.020202020202020204,0.7324105012751408,0.2977530960967959,0.0,0.3796845984883549,0.2741721906887853,0.38096731672649126,0.27509844808976086,1.0033783783783783,1.1378136283568183,0.16666666666666666,0.0018441836953035963,,,2.628020930369115,,,49.5,1.5341550536525188,0.24498285258238295,-0.8593757404929946,0.3678803330119107,34.41889764394448,1.0692390894828916,0.17240541272108734,2.114103499861585,0.32151678036095,-1.1812473932038703e-16,1.142629209113618e-16,0.07529160977256424,0.22374351257913333,-2.1891000417283895,0.4805673096839188,6,0,0,6,0.4,5,297,1.0,6,1,,3.0367533368314263,4.303203541589974,0.6542429515842254,23.499764073130933,1.0016877649139868,2.808666774861361e-16,1.1456145992356381,-0.010263559320507402,0.4395066440465223,0.0,0.0,-0.00028075567934678834,0.11833531027595368,1.0033783783783783,4.3284461991572713e-16,0.0006836680293349601,3.2300615945082027,1.267770734882164,-0.21221160421809696,-0.817979878844473,varied_variance
varied_variance_062,0.0032822757111597373,0.661089186254102,0.31270118601181024,0.0,0.2168819548819578,0.25168602635966675,0.2171195035729568,0.25196169561088233,1.0010952902519175,0.5180656605156565,0.25,0.000631674255130872,,,2.8356914519435796,,,304.6666666666667,1.4339388934064192,0.10222205822233316,-0.4379718955567274,0.27667107019037535,4.978566879337837,1.020332621209474,0.05347545017693205,2.8074021155770534,0.04379625793499878,-3.329859283193759e-16,8.221485072204663e-16,-0.009249667671833392,0.14049876269614803,-2.757524871068334,0.39555812711458094,3,0,0,4,0.3333333333333333,3,914,0.0,3,1,,1.5066808000127174,5.5649269866453865,0.4370953287646989,2.6414221145782246,1.0005474952504343,1.5700924586837752e-16,1.1456145992356381,-0.007340012600074053,0.3048948093414836,0.0,0.0,-0.0037132471566602245,0.07133238509580764,1.0010952902519177,3.8459253727671276e-16,0.07716534475687888,2.2612802561918652,0.9450837764285025,0.22714069491218894,-0.3660276162292191,varied_variance
varied_variance_063,0.01098901098901099,0.7010409121068012,0.45983245939141626,0.0,0.36918603500970293,0.2438184939592917,0.37020307642846245,0.24449017025119063,1.0027548209366393,0.8645534969103489,0.2,0.0012286087788460464,,,3.454286077948923,,,91.0,1.7950637011655244,0.1891937929240009,-1.2125090151168771,0.3542499248408241,43.6873725265102,1.1789764066312765,0.2203835482808336,2.1330629066574605,0.31768644573862126,-2.9006101549959447e-16,5.813164518483077e-16,-0.1144860206066446,0.25898804543623916,-1.9615598502467426,0.597094269127614,4,0,0,5,0.3333333333333333,4,364,0.0,4,0,,2.600171113920019,4.0946227569042035,0.9022786385074213,24.222328814535132,1.0013764631429278,2.8665835232995054e-16,1.3937319170328475,0.12905962771671126,0.1787083118268778,0.0,0.0,-0.034893842432671414,0.052209310564035244,1.0027548209366395,6.409875621278547e-16,0.0006657052575730324,2.6121483803502494,1.0948604507089859,-0.34465913936872417,-0.3264976193102105,varied_variance
varied_variance_064,0.0022727272727272726,0.9656802990537695,0.02697457197348461,0.0,0.40503266186573217,0.23365407246948083,0.40549344987695646,0.23424660373197154,1.0011376564277599,0.5734543362694466,0.25,0.0,,,2.1151919849504988,,,440.0,1.7995753781061128,0.2560186231038683,-1.4050876251161533,0.5801016901943189,40.669116658420826,1.2298824600750151,0.33858893119871,1.6299592938775624,0.42305423313527823,5.652044489000798e-17,2.5692422051189043e-16,0.1743839595952258,0.18531840466449814,-2.1045194424712035,0.38445258973299207,2,0,0,4,0.0,2,880,0.0,2,0,,1.8658045074943082,3.7344787363487657,0.8075068228682707,32.04784183379434,1.0005686665230726,0.0,1.1456145992356381,-0.21964480368070566,0.2761865497022006,0.0,0.0,0.05897420526322769,0.06574385509070697,1.0011376564277596,2.220446049250313e-16,0.0031450262629050263,1.7520729652438722,0.9668458771554963,-0.24478007910119917,-0.9242802252606213,varied_variance
varied_variance_065,0.012121212121212121,0.9818970830835166,0.0064857068733356,0.0,0.4873097791258618,0.2717195524410552,0.488049247682957,0.27213187346145123,1.0015174506828526,1.573792810427587,0.3333333333333333,0.0,,,3.964321224864242,,,82.5,1.806621378533499,0.20914120431433864,-0.943655857215589,0.4522802216046524,57.532598925167704,1.0950218109058674,0.3077025662166123,2.3644157427711407,0.5668810220331044,1.611505541804394e-16,4.501644402819498e-16,0.03434998180358004,0.292973240067605,-1.7652755230559558,0.5050459396167021,8,0,0,3,0.5357142857142857,2,660,0.0,8,1,,1.9282858279294837,4.129691265827097,0.4868834428972756,36.24262386789053,1.000758437727533,3.4603152453359856e-16,2.1673080080704046,0.16370703829163502,0.5147981537064157,0.0,0.0,-0.03811455216269509,0.1331742630568973,1.0015174506828526,6.391535453155623e-16,0.0012046202142234847,3.5835136778078,1.7840148351092961,-0.6055951278592151,-0.973045926681122,varied_variance
varied_variance_066,0.017241379310344827,0.9692870078365925,0.011040247975370773,0.0,0.2022044522374432,0.23365407246948083,0.20396275182211668,0.23424660373197154,1.0086956521739132,0.2884468898457752,0.16666666666666663,0.004451704995640718,,,0.6503222329370766,,,58.0,1.9747857402105502,0.19549790361789338,-1.508521902337173,0.11570602289112421,33.31620268294598,1.0889428788021358,0.3327481228646615,1.6961665643630743,0.22150060155365342,1.7945415268725588e-19,2.9608424598023774e-18,-0.14233306501070464,0.3456077079945356,-1.4435701154115153,0.12725887601085045,2,0,0,6,0.0,2,116,0.0,2,0,,1.879156494196987,3.1397366797745896,0.09424172554280295,21.08089727960918,1.0043384151638894,0.0,1.1456145992356381,0.20904253897170316,0.38203298560712207,0.0,0.0,-0.052040239759378125,0.10325250628372995,1.008695652173913,2.220446049250313e-16,0.0034217581909327935,1.7859943432375636,0.919242522199162,-0.3022258236494768,-0.9768814678327913,varied_variance
varied_variance_067,0.008641975308641974,0.9255554965493957,0.08134185300040842,0.0,0.3395176648409556,0.217602266796239,0.3399373405700544,0.21787124364023921,1.0012360939431397,1.0608271744095978,0.16666666666666666,0.0,,,3.4534915133388497,,,115.71428571428571,1.6443888153993969,0.2632250676437171,-0.8498988089360758,0.458883840871326,74.80657493599371,1.0136224383577435,0.19148720978078587,2.200715210097889,0.4344460525630301,-4.6993567179900865e-18,2.0993516704314499e-16,-0.18565543253679365,0.19637372259843588,-2.0543345172438765,0.4315749508184498,7,0,0,6,0.23809523809523808,5,810,0.0,7,1,,4.3097308741621525,4.255049727341765,0.45220253970550156,33.6694353044264,1.0006178560984906,3.510833468576701e-16,1.1456145992356381,0.2978920673208555,0.4951610733148556,0.0,0.0,-0.07841879361204374,0.12406685664527564,1.0012360939431395,7.797950250597033e-16,5.9275351406921974e-06,3.4842769912704292,1.3700799842737068,-0.6014951444693445,-0.29460238898302116,varied_variance
varied_variance_068,0.009828009828009828,0.9042470103313989,0.1241223810727886,0.0,0.2878217426156048,0.15181936906721705,0.2885306631639192,0.152193308399895,1.0024630541871926,0.6404756967147641,0.14285714285714285,0.0009286596388433071,,,3.4424786290754588,,,101.75,1.7704791462278044,0.2842481448295404,-0.9862699176950119,0.3126746656533794,52.04489826204936,1.0543067564545958,0.25695764841845864,1.965563235403266,0.09658199411979967,1.7458052475678134e-17,7.772837210248588e-17,0.018791312098752178,0.25489930836695485,-2.201555413479721,0.4983676779518267,4,0,0,7,0.0,4,407,0.0,4,0,,3.3168697192226277,4.167118648882987,0.476045676777182,27.73368652367795,1.0012307696965732,3.3917873657517345e-16,1.501597725990163,-0.0787829543297478,0.47224892517346917,0.0,0.0,0.01268846013312061,0.12068545980597921,1.0024630541871924,7.021666937153402e-16,0.0001102262525237689,2.6152223844206754,1.0864236344642804,-0.4250312582402782,-0.37478886907351017,varied_variance
varied_variance_069,0.012232415902140673,0.8459875052690639,0.098501234040481,0.0,0.30867568034503723,0.15882088849557405,0.30962253826020586,0.1593080691351309,1.0030674846625762,0.6841500818046552,0.5,0.002162406058674431,,,2.359896109363206,,,81.75,1.4218183576593155,0.05092412173388137,-0.29806520638699263,0.30787520181536204,2.5173475820159306,1.0546056708384843,0.04071089610430659,2.6754478310778493,0.28025570472472244,-3.8840829974653795e-16,5.752014463804431e-16,0.042195384552285636,0.06459237906431703,-2.6888658327190207,0.20904600824681965,4,0,0,2,0.16666666666666666,1,327,3.0,4,2,,0.7156948590713743,5.364313663796869,0.31036375788534803,2.5173475820159306,1.0015325679490288,1.8129866073473578e-16,1.01141001377618,-0.07828762016235578,0.15811013625125564,0.0,0.0,0.021394030749932354,0.03058315015878305,1.0030674846625762,3.3917873657517345e-16,0.2843051409286257,2.640378675049712,1.0261288075301935,0.3981822850509772,-0.16687433123759998,varied_variance
varied_variance_070,0.0030303030303030303,0.9454358523012889,0.041268752312089034,0.0,0.4488991987371998,0.23365407246948083,0.44958038113285576,0.23424660373197154,1.001517450682853,0.6358026723749498,0.16666666666666666,0.0,,,2.6266703389976773,,,330.0,1.7307242245739278,0.604750020838503,-0.9298143691682939,0.8286529478953486,24.183035280928586,1.0023892176989677,0.19370955954045474,2.3401362305287248,0.8956837314766696,1.4197397466418669e-16,1.5700924586837752e-16,-0.05802683487209473,0.4698844787391501,-1.9262091559200292,0.17118319295768505,2,0,0,6,0.0,2,660,0.0,2,1,,1.7894010115507255,4.266345386448753,1.0668669244343545,18.95164398399807,1.0007584377275331,2.220446049250313e-16,1.1456145992356381,0.2285500310122044,0.7563440437808497,0.0,0.0,-0.04445994307938918,0.19110833051482912,1.001517450682853,2.220446049250313e-16,0.008043337458383686,1.7451419807618493,0.9800761550583825,0.04310857838735565,-0.9419663356456298,varied_variance
varied_variance_071,0.005509641873278237,0.802209912553542,0.2241737423536824,0.0,0.278226273229993,0.23365407246948083,0.2789948540952693,0.23424660373197154,1.0027624309392267,0.3945583064938326,0.25,0.0013774104683195454,,,1.527868955563202,,,181.5,1.5676273075199467,0.2110925985522677,-0.6249263111588899,0.44644109391888753,12.693136035773385,0.9517535544970168,0.05124089661251738,2.4633611463631655,0.5363990243030567,1.4616407258081607e-15,1.939907624572102e-15,-0.07104431056135536,0.2248463737816704,-2.389714991694582,0.24756335281737685,2,0,0,4,0.0,2,363,0.0,2,0,,1.3373353543591782,4.853076138057748,0.7839623771204339,11.985650702271403,1.0013802629067676,2.220446049250313e-16,1.1456145992356381,0.08889789086699706,0.48674351025415163,0.0,0.0,-0.024707589605849706,0.13449790096134862,1.0027624309392267,4.965068306494546e-16,0.045100286557439605,1.767954899409694,0.9409490939525719,0.29773223254612513,-0.518570420967873,varied_variance
varied_variance_072,0.006103763987792472,0.9761873995406174,0.017257730249015613,0.0,0.5210075403777158,0.28712552460337193,0.5215380979544754,0.28741791312129805,1.0010183299389006,1.447281121169154,0.3333333333333333,0.0005873349635703185,,,3.1718049835346878,,,163.83333333333334,1.77940000866637,0.19738821123771866,-0.8654889988645853,0.4235438104367106,55.456914324014534,0.9222596309415243,0.36063854944578067,1.826292579034291,0.6214942783990949,2.0962094951213543e-16,7.752542104476346e-16,0.1785309791698413,0.33585584601827356,-2.45539638112195,0.7708326260624733,6,0,0,3,0.5333333333333333,2,983,0.0,6,1,,1.9061815072970936,4.281688960156241,0.8369333066073699,42.31947940000358,1.0005090354109256,2.808666774861361e-16,1.1456145992356381,-0.35932545835512225,0.40138899035943904,0.0,0.0,0.08860959807775658,0.12118564365821849,1.0010183299389006,4.657646926676369e-16,0.0016328494804618203,3.058775275187671,1.6297588088939383,-0.40062027760655344,-1.0354992371709462,varied_variance
varied_variance_073,0.002369668246445498,0.9442973489383477,0.015066226919337998,0.0,0.12957978599241843,0.23365407246948083,0.12973349866856604,0.23424660373197154,1.0011862396204037,0.18347087331119818,0.25,0.0,,,2.48609108924412,,,422.0,1.3794783100061865,0.5544708556004949,-0.545067801405559,0.47467448267046297,17.148415692629335,0.5431828182767503,0.10774675216000285,1.6853782086627471,0.2072930842261259,-2.7887118628025264e-17,2.835095861414779e-16,0.3901360726413282,0.002758070331274568,-2.5011496531875146,0.5826498151383427,2,0,0,4,0.0,2,844,0.0,2,1,,1.7836219576175685,4.186527861850262,0.37535673091221666,10.354732257180292,1.000592944018897,2.220446049250313e-16,1.1456145992356381,-0.9161801669810452,0.18932007623585664,0.0,0.0,0.24151486788888166,0.03548037760256993,1.0011862396204032,4.965068306494546e-16,0.011300049354251298,1.7339346627389527,0.9991073735259728,-0.11673283486826125,-1.1964435980854695,varied_variance
varied_variance_074,0.008368200836820083,0.8611599531897713,0.17888278483761474,0.0,0.3450528179348564,0.35229980116962023,0.34577619910453117,0.3530383751762652,1.0020964360587001,0.9453562118547498,0.25,0.001207845751442719,,,1.4427555248756647,,,119.5,1.589980767631793,0.2798633582285821,-0.8251567628792543,0.456292430634393,29.71440046117031,1.0782030398621345,0.21115427332518122,2.1504997992620365,0.41080370667302984,-4.4130203907694505e-17,1.1712874308937615e-16,0.016226579870950872,0.21374879855686837,-2.3587452879852995,0.34895608770572195,4,0,0,4,0.5,3,478,0.0,4,0,,2.288787496355949,4.5092450872473355,0.7540151821341736,18.813008073098597,1.0010476692239487,1.8129866073473578e-16,1.5212848028569486,-0.05222259491168817,0.27606114276850674,0.0,0.0,0.022824281379970786,0.07737553244285383,1.0020964360587001,3.1401849173675503e-16,0.0025849015110179486,2.572065736458269,1.1837437796275776,-0.29460884986278707,-0.7031689106094565,varied_variance
varied_variance_075,0.06040268456375839,0.8867663137118665,0.15877134724453942,0.0,0.33724348405590737,0.25029772066821254,0.3395221562454744,0.25198892148353835,1.006756756756757,1.262176214341924,0.16666666666666666,0.002739921412509155,,,5.627747793944363,,,16.555555555555557,1.6368446136518469,0.1617289511561884,-0.9438538222197373,0.24307762292223084,61.394250712701286,1.009181541750301,0.18341046837309924,2.06240446582402,0.292710016562744,1.0580648959514914e-16,2.2495350715551573e-16,0.055947441903957666,0.2920133146669332,-2.0798687284083837,0.30702736995459906,9,0,0,6,0.3055555555555555,5,149,1.0,9,0,,4.032605838494046,4.142273194232405,0.45961848169745734,27.767453730818545,1.0033726908565712,2.7194799110210365e-16,1.440244854260265,-0.04424060070295896,0.3735693623427589,0.0,0.0,0.012426600156135394,0.09971591434112002,1.006756756756757,3.8459253727671276e-16,1.6452023660102622e-05,4.009451012371368,1.4303580674138312,-0.5792807282289738,-0.25865836933030906,varied_variance
varied_variance_076,0.008528784648187633,0.8974205003402571,0.08192615890170322,0.0,0.24873343233440046,0.18118186185340412,0.24926491402742265,0.18156900258386008,1.0021367521367517,0.5986843896896368,0.14285714285714282,2.997944808332385e-17,,,2.379989493529616,,,117.25,1.3738702289529807,0.45448531931861336,-0.3929759257282905,0.9998118441786402,34.44367432780096,0.9131423234929874,0.14613198197852625,2.3745489657784797,0.6077270892532369,-1.44400009599434e-17,2.4587131047269155e-17,0.036809655894942825,0.2929798820699106,-2.269512271732243,0.36875002025846176,4,0,0,7,0.0,4,469,0.0,4,2,,3.2415899042609913,4.644061237510723,0.9550842729525034,19.836457651744855,1.0010678059635878,6.661338147750939e-16,1.257159651212892,0.2356080363914676,0.529096954865812,0.0,0.0,-0.033634186043403805,0.09837402322204479,1.002136752136752,1.1888548223063148e-15,0.0004081394911697432,2.6194641696814305,1.0749425476969414,-0.190333408652228,-0.40872187820629735,varied_variance
varied_variance_077,0.00984251968503937,0.8838155000889908,0.13016688223873876,0.0,0.4731581932171526,0.2588375485631036,0.474091444091348,0.2593480762723009,1.0019723865877708,1.1943575251158018,0.25,0.0,,,2.262082766721672,,,101.6,1.6150153886728273,0.23489469819046244,-0.8386849341373418,0.5002961596772237,25.501439012445093,1.1063281461795387,0.2270877953654812,2.125915076761436,0.5153969497071802,1.2448484937529313e-16,1.3405319011185917e-16,-0.004313448229984357,0.24682491071273957,-2.2816849774960737,0.4827650301101941,5,0,0,4,0.6000000000000001,3,508,0.0,5,2,,2.3772763490561655,4.407600054257509,0.5802419562542859,15.368934001394202,1.0009857074842632,2.9373740229761033e-16,1.145663607521127,-0.18024895574889088,0.5290346338813509,0.0,0.0,0.04204243332401739,0.12494763753800088,1.0019723865877708,5.438959822042073e-16,0.0028280117742367516,2.8893234358821975,1.2928781646928689,-0.03833366011867218,-0.9401639800630943,varied_variance
varied_variance_078,0.0051813471502590676,0.9098884103467086,0.07367492520911446,0.0,0.5552074312206754,0.09399549908278634,0.5561679977106766,0.09415812105351797,1.0017301038062287,0.972471093942215,0.16666666666666666,0.0009459802374873318,,,2.316422231396525,,,193.0,1.5573392875419538,0.4071849959398905,-0.8710504712846001,0.5827584202555832,29.327340890701596,0.991074460079786,0.16880834328338104,1.8159813646981997,0.10770848168310883,-3.681568579067875e-17,7.712522498623757e-16,-0.0193954997620023,0.30555131706989525,-2.2402345501537524,0.5311406188897717,3,0,0,6,0.6666666666666666,3,579,0.0,3,1,,2.494546747058919,4.056215914851951,0.5643044582932943,21.52158367448443,1.0008646780690327,2.220446049250313e-16,1.1456145992356381,-0.06590186766976465,0.6216162403046539,0.0,0.0,0.02251570743370304,0.15815839130801224,1.0017301038062285,3.510833468576701e-16,0.0020877057378496204,2.190356535945757,1.101235155757875,0.23240705650349136,-0.129403971967343,varied_variance
varied_variance_079,0.008072653884964682,0.9651171781826736,0.01678226518083017,0.0,0.34709967922542956,0.21752553402922487,0.3474502849620209,0.21774525679087064,1.0010101010101011,1.153919844907313,0.24999999999999997,0.0005045408678102797,,,4.7656392121162,,,123.875,1.5117026492940748,0.2680394459433734,-0.7330734212437053,0.506674074947481,46.69456375920093,0.9867477527035486,0.3044297102690803,2.4054998111665524,0.5621944799842509,1.3846979398957553e-16,2.329777999193562e-16,0.12117160468781468,0.23392050655112392,-2.5215969320696585,0.44595297676566537,8,0,0,4,0.25,3,991,0.0,8,3,,2.794916791719059,4.927096743236212,0.8104677129246324,19.70911930924717,1.000504923031417,3.2504001921624943e-16,1.5250712691835313,-0.29208938676443247,0.43710380505348434,0.0,0.0,0.07644676035637354,0.12387132796861311,1.0010101010101011,5.173482731197488e-16,0.0002612109949374393,3.7305123365717483,1.4489442097084415,-0.6734395705239199,-0.205748690183023,varied_variance
varied_variance_080,0.03347280334728033,0.9540224689821959,0.04923701281612595,0.0,0.28245524549391793,0.23858571511504081,0.28364203223969076,0.23958817610291913,1.0042016806722687,1.042325122043496,0.2,0.0018711865920500257,,,3.074149501561591,,,29.875,1.5342899786914415,0.24665349654220076,-0.8427176302519052,0.42478104227617586,78.51681865160866,1.0449090340300462,0.14525872618451768,2.2445156958545245,0.3472449299695138,-4.087850467239066e-17,8.248155504599973e-16,0.14030148636891182,0.2558210470747291,-2.133791189952049,0.5483098131472322,8,0,0,5,0.21428571428571427,4,239,0.0,8,2,,3.647908335584706,4.378306885806574,0.7557697100957071,33.28538406266064,1.002098638194998,2.3737566748887e-16,1.4481076972051965,-0.010010787501088053,0.4429338795735983,0.0,0.0,0.0016151072689751557,0.11350633412405578,1.004201680672269,3.1401849173675503e-16,1.4790663837855038e-05,3.774722113321686,1.3485918055351551,-0.9396520776955486,0.12395538574009413,varied_variance
varied_variance_081,0.01011804384485666,0.9622878860311327,0.098501234040481,0.0,0.48376774966698305,0.31676211177992236,0.48458492491979904,0.3172971829146857,1.0016891891891893,1.4045388245102008,0.5,0.0011924229025068046,,,3.7459431297337806,,,98.83333333333333,1.6280212044402687,0.14027991594804665,-0.8880266876948882,0.3918712142747277,12.513143838138358,1.208511821390035,0.10995278261883365,2.4496054383352353,0.31451166967021793,-3.841783552328535e-16,6.914590917793349e-16,-0.013242193677997604,0.028412470831737695,-2.396797847518465,0.3162304740679415,6,0,0,2,0.6666666666666666,1,593,1.0,6,1,,0.9259979756022663,4.846403285853701,0.6289127378133724,12.513143838138358,1.0008442382255038,3.4399002279594067e-16,1.1456145992356381,-0.013711602599605069,0.05013479303472259,0.0,0.0,0.0036258669956738513,0.013584787864358983,1.0016891891891893,6.358389842764979e-16,0.07400202439773373,3.2084175806039714,1.313897598270744,0.1286778396801049,-1.0337001970423627,varied_variance
varied_variance_082,0.008213552361396304,0.9639618759709516,0.007444439337224912,0.0,0.2856511302841479,0.16498043485357086,0.28623888981148177,0.16531990076890746,1.002057613168725,0.6471731144983617,0.24999999999999997,0.0010266940451745393,,,2.979500539919767,,,121.75,1.469211056393629,0.3396443512443455,-0.7425612097346636,0.19807068586370177,40.477072170073626,0.9011011890520678,0.35738669095596753,1.634608443511444,0.35096369338738387,-3.037725216248503e-17,1.5321534649173644e-16,0.19753644197258705,0.2221393338499579,-2.407754982125193,0.21796409012965542,4,0,0,4,0.16666666666666666,3,487,0.0,4,1,,2.7877783343304,4.042363425636637,0.36433493475981005,15.329795652659566,1.0010282779066357,3.3917873657517345e-16,1.7368857852724229,-0.5633523860038607,0.22005550719226533,0.0,0.0,0.15026443936423245,0.0677376768907454,1.0020576131687249,6.536816174520396e-16,0.00034058354196687675,2.5787816619018233,1.1689080569440322,-0.8175032635734649,-0.47405383527634726,varied_variance
varied_variance_083,0.004555808656036446,0.9369877743466161,0.031803298394547035,0.0,0.3451248955272361,0.23365407246948083,0.3459128519097182,0.23424660373197154,1.0022831050228307,0.48919464656987915,0.14285714285714285,0.0011115034999413806,,,2.2140396045282364,,,219.5,1.741630647188863,0.09948852253527606,-0.915042628972084,0.5622600520883606,16.702649004450784,1.1361251837865554,0.1297566292782907,2.302198754562509,0.6711971384543003,-6.828250948719642e-17,2.0672287952601868e-16,-0.20786357816406364,0.06798108338577284,-1.9081204516202073,0.5260629009964625,2,0,0,7,0.0,2,439,0.0,2,0,,1.7569036283388226,4.210319206182716,0.1451342374578374,11.593568782806326,1.0011409016830903,2.220446049250313e-16,1.1456145992356381,0.4376047578446811,0.37016037743168256,0.0,0.0,-0.1085189679237399,0.07051532963840486,1.002283105022831,3.1401849173675503e-16,0.01299796470560541,1.737974652726951,0.9942718574765946,0.1786693843463122,-0.8821902222143971,varied_variance
varied_variance_084,0.02040816326530612,0.940321146619641,0.04521158535878099,0.0,0.28903850236571477,0.15265346600868815,0.28969540805290966,0.1530004057041625,1.0022727272727274,0.9798676958124561,0.14285714285714282,2.997944808332385e-17,,,4.075320527314351,,,49.0,1.6141224077452454,0.21938231309961004,-0.8740116820443107,0.3431754832156634,78.05908835581575,1.0049830164009763,0.2150025470120592,2.1374768588980397,0.2953050936853221,-1.9569464047058692e-16,5.867020680562403e-16,0.062121690236313004,0.265805470197113,-2.2434877791280434,0.21733813720946574,9,0,0,7,0.05555555555555555,6,441,0.0,9,1,,5.3154435899337305,4.380964638026083,0.4039452331510922,27.230534497116164,1.0011357187078722,3.8459253727671276e-16,1.7669275568181604,-0.31005722948744274,0.3365206912386693,0.0,0.0,0.08319956536597395,0.09374304402963218,1.0022727272727274,6.888752704931532e-16,5.39729969833819e-07,4.036035400936353,1.323377245269706,-1.2731329724562583,1.117435932744283,varied_variance
varied_variance_085,0.024128686327077747,0.9972736174675991,0.001048647383554804,0.0,0.5923931075293434,0.2898057009538523,0.5939855621194761,0.2905847485370616,1.002688172043011,1.9784375711095985,0.3333333333333333,0.0015478559495700431,,,5.52478339382466,,,41.44444444444444,2.0898833452761654,0.09636723758781468,-1.4104257495228694,0.07588947159153768,394.58544364952604,0.9238079232484275,0.5198845435069465,1.788785407047387,0.14264644410123592,-1.6139077629343952e-16,5.067468763321098e-16,-0.3489803580273967,0.21364101687849102,-1.4106225954574931,0.26793338431381936,9,0,0,3,0.6666666666666666,2,373,0.0,9,0,,1.9891104358551572,3.19940800250488,0.346908645231841,251.1550445573339,1.0013431839499436,3.1401849173675503e-16,1.0587533280423576,0.4292828327771946,0.21901481849093876,0.0,0.0,-0.11696597881032596,0.07064487546735537,1.002688172043011,6.131407058289218e-16,2.7458305187989155e-05,3.685318962579829,2.1134832009797777,-0.6300451864573426,-1.456267226547581,varied_variance
varied_variance_086,0.018461538461538463,0.9342756394833899,0.045470016193384664,0.0,0.2725630050958978,0.14000797403572185,0.2734042489387864,0.14044009741237531,1.0030864197530864,0.7476298933358652,0.16666666666666663,0.0012561485860426598,,,4.474974300037842,,,54.166666666666664,1.4679489500319403,0.3610945235695775,-0.7389171509254053,0.7191186393965964,52.0157594607413,1.0210345722531753,0.32732231182295607,1.8697764251503788,0.24347206230149235,-6.8549154956343e-17,1.3614568819651657e-16,-0.05617735346378397,0.32471299584190366,-2.1217273163888652,0.49122788338179474,6,0,0,6,0.0,5,325,0.0,6,1,,4.372624942150991,3.991503741539244,0.3438564544670473,19.844945790975576,1.0015420209622192,2.432376777795247e-16,1.1456145992356381,-0.07604757551032915,0.748410125271393,0.0,0.0,0.006424907449893639,0.18723962133224994,1.0030864197530864,5.063396036227355e-16,1.2535536731913752e-05,3.2525441947536877,1.2074739327253097,-0.8167666268738778,0.01709067146282628,varied_variance
varied_variance_087,0.01509433962264151,0.765827019007131,0.33311804089296587,0.0,0.3505642262268735,0.27991834327853227,0.3518921210231873,0.28097864003337525,1.0037878787878785,0.8709050349317501,0.14285714285714285,0.0014262810302234986,,,3.123732098524042,,,66.25,1.5823257262410169,0.28796059395176676,-0.7731496588589422,0.7126464583080834,28.479198110791973,0.9994756507049233,0.24231218472040741,2.4659256274732946,0.3578349695465992,0.0,2.3757895676845723e-16,-0.05052371653252574,0.36198044336115365,-1.8159657773408078,0.14413778609808803,4,0,0,7,0.3333333333333333,4,265,0.0,4,1,,2.678866979670498,4.281891404814102,0.3181024434209966,17.07112700015179,1.0018921492794914,2.5639502485114184e-16,1.4178865017838793,0.2729431719397022,0.5255644480075153,0.0,0.0,-0.056964978952575185,0.11767377496129054,1.0037878787878787,4.440892098500626e-16,0.0013028816973534173,2.6113579604253654,1.1005056259856676,0.011661776309423772,-0.4344976623693082,varied_variance
varied_variance_088,0.03535353535353535,0.9918091859027631,0.098501234040481,0.0,0.8648140317608478,0.04677374250102382,0.8692039507037963,0.0470111726660034,1.0050761421319792,2.302898657012468,0.5,0.0,,,4.927051521803991,,,28.285714285714285,1.8632912770807537,0.05964479455567637,-1.5591559489266018,0.1963751374470111,60.295021255478886,1.276715606228804,0.09256173710244955,1.6954070096042653,0.21826724514075607,7.689856447620133e-18,1.6739549532502683e-16,-0.03129846633125288,0.28111728394716,-1.7364409544516477,0.2718619341210622,7,0,0,2,1.0,1,198,0.0,7,0,,0.9836854612411018,3.4318479640559123,0.33911288116845256,60.295021255478886,1.0025348583126572,2.8665835232995054e-16,1.1456145992356381,-0.010600523637535478,0.21334233237715547,0.0,0.0,-0.004220393080123599,0.069383576053345,1.0050761421319796,5.438959822042073e-16,0.016314538758898215,3.1869620267969005,1.9784688599020972,-0.0215869774609644,-1.7750920469687794,varied_variance
varied_variance_089,0.01859504132231405,0.9541581544426708,0.04379799248173066,0.0,0.39912727980822527,0.23579410170504755,0.39995363028401854,0.23628228825102063,1.0020703933747406,1.3885865853922286,0.2,0.0009239950320247034,,,4.67616130653324,,,53.77777777777778,1.361615638419264,0.401532086680552,-0.8094577258534117,0.45366712890537303,89.56272162742253,0.9507925770008367,0.3165452656789859,2.140197544726196,0.3346144607256386,-2.1919003700129355e-17,2.6088295023518367e-16,-0.04430469147521389,0.2393018122919452,-2.176277046358827,0.2995430002103753,9,0,0,5,0.3611111111111111,4,484,0.0,9,4,,3.647425927194063,4.316474591085022,0.4117737874888025,41.33741794755486,1.0010346614252381,3.236828524569469e-16,1.1806239583010374,-0.03798654571502813,0.4962984265321925,0.0,0.0,0.017983242503131755,0.13492626582762365,1.0020703933747412,7.065416064076988e-16,1.3200298762940906e-05,3.952191518428829,1.5548148707819078,-0.6690809055682244,-0.7590138322071249,varied_variance
varied_variance_090,0.022304832713754646,0.9880496823833096,0.098501234040481,0.0,0.7633179458505154,0.10523775753178387,0.7661661471410022,0.10563043573152957,1.003731343283582,1.893289995823458,0.5,0.0026286497441878783,,,4.309774728545883,,,44.833333333333336,1.7366575415441587,0.19839983950737194,-1.216215352722781,0.5233975337294081,41.09139489885449,1.2952725964467857,0.1597275997347646,2.0470488318835964,0.24572526247379103,-3.83143881484642e-16,7.541150115502586e-16,0.04382650275868603,0.09103144561526265,-2.1903656021951634,0.39024025060831236,6,0,0,2,1.0,1,269,0.0,6,0,,0.976242174857759,4.237414434078759,0.4945392984358681,41.09139489885449,1.0018639345158515,2.6272671962866383e-16,1.1456145992356381,-0.024894400589006275,0.2242574939984111,0.0,0.0,0.00020990833886380735,0.05085438904971063,1.0037313432835822,5.15985034193911e-16,0.02375782514224101,3.06710333290223,1.624085362505006,0.03739881031792725,-1.5338841853186664,varied_variance
varied_variance_091,0.013782542113323124,0.9660424721755868,0.01918716914931522,0.0,0.3972882795041552,0.22275791626849345,0.39789761735615553,0.22309956951430407,1.0015337423312887,1.3639721521560446,0.25,0.0007656967840734968,,,4.294767245460137,,,72.55555555555556,1.457803335661409,0.20011730139833517,-0.6855708164102676,0.36627718329208353,53.4103846289284,0.8867689700232917,0.2377982036517827,2.326769590780809,0.3866553987824678,1.5203462484572502e-16,2.727015508996689e-16,0.042302174566477224,0.26518601247148055,-2.2773618105072457,0.5355714559592167,9,0,0,4,0.3611111111111111,3,653,0.0,9,3,,2.8004504690612873,4.604131401288054,0.5752068996052324,29.511949176072036,1.0007665773452312,4.440892098500626e-16,1.141012386264659,-0.04914063293887289,0.6130937336417541,0.0,0.0,0.013151773984408949,0.1601845744994099,1.0015337423312887,9.582710459383785e-16,0.00021105164099556012,3.968918025006537,1.5084087883400212,-0.5795563643518379,-0.6422469743286472,varied_variance
varied_variance_092,0.007322175732217573,0.8109805631689031,0.3209840780040486,0.0,0.4051961836820612,0.2404851812181211,0.40562047287963393,0.24073699816180508,1.0010471204188485,1.2401845795526028,0.16666666666666666,0.0005401650413120468,,,2.2721628111926124,,,136.57142857142858,1.59696910043012,0.2659978818964428,-0.8403135686588346,0.41371819287837824,63.52138293806843,1.138656557862641,0.18556500752430952,2.074116809586818,0.32892112337971885,-1.5024177691281257e-16,2.926129712768739e-16,-0.07810083157362516,0.16434785055683637,-2.266958830647896,0.4048021268778095,7,0,0,6,0.3333333333333333,5,956,0.0,7,1,,3.7005704825171923,4.341075640234714,0.49597959982180684,32.40389450669933,1.0005234232234888,2.8665835232995054e-16,1.1456145992356381,0.04562306329401879,0.5025766634614652,0.0,0.0,-0.02069165850672694,0.12726265505116516,1.0010471204188482,5.661048867003676e-16,2.718602926789485e-05,3.4862807191764738,1.3640038243942891,-0.545364269513993,-0.214684499287233,varied_variance
varied_variance_093,0.005154639175257732,0.8829285787055933,0.10930428272963952,0.0,0.23240338378141834,0.10609051035525868,0.23280338960548286,0.10627311020096482,1.0017211703958697,0.43032569356126,0.16666666666666666,0.0,,,2.644139161171186,,,194.0,1.7289998682638785,0.16256564653684932,-1.044938872971068,0.3104992309840383,21.324675229886342,1.2629268346811064,0.127841194901773,2.4122129118251543,0.1009917747093363,2.764747829937103e-16,4.766223008199796e-16,0.024373029801789736,0.10483730810422412,-2.185984375607653,0.6279089587922027,3,0,0,6,0.0,3,582,0.0,3,0,,2.3625834777313184,4.598197287432807,0.722926418035065,14.213748678337708,1.0008602152128285,1.5700924586837752e-16,1.1456145992356381,-0.03126058568241291,0.14603086576472019,0.0,0.0,0.0054664177000904035,0.0342947702954616,1.0017211703958695,2.220446049250313e-16,0.004124384589450576,2.257036446408588,0.9571381833144641,-0.19451817352640652,-0.4049044245375786,varied_variance
varied_variance_094,0.006666666666666667,0.9393883903447342,0.04920585256968762,0.0,0.43651672094369065,0.26180887579165124,0.43700227903150346,0.2621000981228989,1.0011123470522802,1.2371443470000394,0.3333333333333333,0.0,,,3.9516564302474624,,,150.0,1.6619569377662387,0.16759973740053002,-0.852344854154807,0.33411045165333614,23.123056261480304,1.0744287122237146,0.08513891480218772,2.562983151440472,0.44938739527036425,-2.0066253185817643e-17,2.890046429891258e-16,-0.07157107418460684,0.2338208758837822,-2.498092234016159,0.3090147927196905,6,0,0,3,0.4666666666666667,2,900,1.0,6,1,,1.7673223117560515,5.061075385456632,0.613815382599847,18.619739796833773,1.000556018947605,6.586907452451086e-16,1.1456145992356381,0.10203852183969776,0.31448582851483237,0.0,0.0,-0.026687589637648668,0.08256256235078369,1.00111234705228,1.3248454680138175e-15,0.009261520008642403,3.218217121831643,1.2870224245820334,-0.16179990511556272,-1.087769771893403,varied_variance
varied_variance_095,0.015113350125944584,0.8533196723401704,0.2203995904097562,0.0,0.49915680141530505,0.29405414261454477,0.5004172983885761,0.294796703580743,1.0025252525252524,1.4103805781542558,0.2,0.0013796537972422295,,,4.892388914039575,,,66.16666666666667,1.714227501067323,0.37072049183751016,-1.236632945403705,0.41202375212071995,103.9580431108497,1.0163581583786254,0.1735234958918064,1.854680158988943,0.3438425953784753,7.084546588707967e-18,8.10408916269325e-17,0.018081127161752076,0.350017497784361,-1.8828084063262687,0.4797638822655027,6,0,0,5,0.5333333333333333,4,397,0.0,6,0,,3.0583457911693075,3.737488565315212,0.47176810481047843,82.20929832841351,1.001261830154956,4.213000162292041e-16,1.1456145992356381,0.03239421174508932,0.3545372989454703,0.0,0.0,-0.00974639249546041,0.09480377058102833,1.0025252525252524,8.188600426433446e-16,7.662063286778466e-05,3.1329012087689994,1.4883658980226513,-0.3860854913832515,-0.8599306411277676,varied_variance
varied_variance_096,0.007473841554559043,0.9759288228881287,0.098501234040481,0.0,0.43019810956024485,0.338792802162507,0.43084211870629313,0.3392999770160438,1.0014970059880237,1.2025742351599473,0.5,0.0010569608089485178,,,3.3611180701104355,,,133.8,1.615425919972574,0.2409367565048102,-0.8406264180677345,0.7268670653596349,20.02477589488635,1.1981417609053,0.17597727807087385,2.5560034104041405,0.7261173761244671,5.570697532229784e-16,7.802268928254629e-16,-0.007906243522205163,0.07854209831461467,-2.3627289454838034,0.5204281471497453,5,0,0,2,0.5,1,669,2.0,5,1,,0.9524370673438084,4.918732355887943,1.2233917048733383,20.02477589488635,1.000748223075127,2.7194799110210365e-16,1.0048081459043106,0.013177246637980995,0.05009538348413043,0.0,0.0,-0.003116591047308273,0.009143237698701116,1.001497005988024,3.510833468576701e-16,0.04756293265619161,2.9210075222403153,1.2176555813922632,0.047988006279673506,-0.933087405060256,varied_variance
varied_variance_097,0.014742014742014743,0.9267595709542548,0.07342072036113251,0.0,0.502941362515999,0.23388657313338637,0.5041801343448561,0.23446264843667056,1.0024630541871924,1.3538954741318974,0.25,0.0012285012285012387,,,3.5331920707312823,,,67.83333333333333,1.5088006865759338,0.2788048275627671,-0.6055188640446093,0.9830689292064837,44.1486332346458,1.1689532773443236,0.24819421322388965,2.3060496858174817,0.34022901111101306,-7.019591932928918e-17,3.0401713647117464e-16,-0.029589155615686386,0.13713085022158455,-2.306260963140072,0.7523234815568142,6,0,0,4,0.4666666666666667,3,407,0.0,6,2,,2.587431111422638,4.612310648957554,0.7761707481948467,32.1548118595365,1.001230769696573,3.8459253727671276e-16,1.1456145992356381,-0.052563830045476954,0.518782114953432,0.0,0.0,-0.00666765951477422,0.09940762791208411,1.0024630541871924,6.511626037759646e-16,0.0008242203666442073,3.1418035024160424,1.4692268042928558,0.018003348986298632,-0.6071241777056655,varied_variance
varied_variance_098,0.03723404255319149,0.9324374097118039,0.09744750594620931,0.0,0.31811001149972806,0.2226798188503644,0.3198111345558763,0.2238706200206872,1.0053475935828875,1.024731426223995,0.14285714285714285,0.002010449324517169,,,5.195082788178464,,,26.857142857142858,1.796770953679663,0.14821928934268155,-1.3231048867416821,0.2982819633074992,172.177635369015,1.1587272568646794,0.30156379267783057,1.7611650738710973,0.25265395927087697,4.3953358345722385e-17,8.15220902695555e-17,-0.23754118241453237,0.33064112930251,-1.7236466219950397,0.3357893161630629,7,0,0,7,0.3333333333333333,6,188,0.0,7,0,,5.264117220256033,3.4848116958661373,0.31866208155982007,98.21398427728768,1.0026702317227174,9.064933036736789e-17,1.1456145992356381,0.1400598367382365,0.34945356457886373,0.0,0.0,-0.03987759124426691,0.09977858920608372,1.005347593582888,2.7194799110210365e-16,6.032352928690646e-08,3.5044377195157255,1.3393216865995452,-0.9595165281541956,0.04996916260219475,varied_variance
varied_variance_099,0.006568144499178982,0.9366116819783545,0.0774895691543772,0.0,0.26355968471466107,0.237656841559349,0.2639931710382051,0.23804772452244022,1.0016447368421058,0.6838557166929291,0.2,0.0007343408793102749,,,3.5451366179722728,,,152.25,1.5413868886357274,0.21345145791579404,-1.047319668629698,0.31100489828508254,70.33474798419125,0.9024079934833124,0.34370779216231295,2.005058498212117,0.29958471860746055,1.367269734760045e-16,1.8458631304192842e-16,-0.022508799980493432,0.45983239991549635,-1.9911955333110183,0.4290434553272682,4,0,0,5,0.16666666666666666,4,609,0.0,4,0,,3.5269796712564827,3.996254031523135,0.3157663221031277,29.37854796845588,1.0008220305539373,1.8129866073473578e-16,1.4367815020038492,0.009602434219546332,0.5337190554709048,0.0,0.0,-0.006405394852576102,0.16332316500036986,1.001644736842106,3.6259732146947156e-16,3.0121316889224142e-05,2.5942388783469785,1.1327323323759502,-0.7592334135110735,-0.3198893269278158,varied_variance
moons_000,0.003861003861003861,0.8154487453044579,0.098501234040481,0.0,0.45453929755274025,0.23365407246948083,0.4554184838149315,0.23424660373197154,1.0019342359767898,0.644058996366468,0.5,0.0,,,1.9337660437662347,,,259.0,1.5502270049958167,0.47512615121280344,-1.0835053466263505,0.26537801124886123,1.9846884546749768,1.157689210967045,0.34641802805840644,1.7925782832589974,0.04023001767941461,-2.54622577848395e-16,3.0916878530066617e-16,0.012025206900151544,0.0037386129258653892,-1.7267539685082847,0.07765270855208385,2,0,0,2,0.0,1,518,0.0,2,0,,0.6649566562186147,3.519332251767282,0.1178827262314986,1.9846884546749768,1.0009666507815282,2.220446049250313e-16,1.1456145992356381,0.002097402545946505,0.0033954650161438856,0.0,0.0,-0.0005945731458716694,0.0007021027534476278,1.0019342359767898,3.1401849173675503e-16,0.33504334378138534,1.7819572855566193,0.9123404936529154,0.09119602947122685,-0.8901960219019536,moons
moons_001,0.002751031636863824,0.7946847869775011,0.098501234040481,0.0,0.4348427246607472,0.23365407246948083,0.4354416815817672,0.23424660373197154,1.0013774104683189,0.615807531715482,0.5,0.0009726365628425403,,,1.8783356479491746,,,363.5,1.5229413967685672,0.2494707424412755,-0.9652233463169101,0.15307120577042202,1.7138803002752678,1.132046414967609,0.19741998466940064,2.190230165504083,0.036175376225579474,-2.4678410010925077e-16,4.3884840110666177e-16,0.011041635721264865,0.006100366733045843,-2.0142030042682038,0.02746100024116993,2,0,0,2,0.0,1,727,0.0,2,0,,0.6315239106534764,4.204433169772287,0.06363637646674909,1.7138803002752678,1.0006884682399007,0.0,1.1456145992356381,0.005758995599572766,0.019069901345982066,0.0,0.0,0.001973853184105672,0.007010507895183547,1.0013774104683189,0.0,0.36847608934652365,1.7861146960880352,0.9029418222076216,0.20442406821244824,-0.7871171613688595,moons
moons_002,0.004319654427645789,0.7802142527765529,0.098501234040481,0.0,0.4159638140195277,0.23365407246948083,0.4168641685953274,0.23424660373197154,1.0021645021645016,0.5895349608948963,0.5,0.0015272284690853856,,,1.8432804400858622,,,231.5,1.5134446365880585,0.24772879796205538,-0.8395097509759966,0.11686910509985597,1.5558078550871757,1.1054858280532192,0.1658785484971068,2.3309015313666226,0.15315060742147008,1.8799456831665717e-16,2.8214188458421187e-16,0.04099562952288258,0.016173977028462846,-2.1923214221729115,0.14642589192786115,2,0,0,2,0.0,1,463,0.0,2,0,,0.6087342802356748,4.523222953539534,0.006724715493608627,1.5558078550871757,1.001081666081495,0.0,1.1456145992356381,0.01852071316537882,0.023480597381649117,0.0,0.0,-0.0028732769770091478,0.0025347671194343824,1.0021645021645016,2.220446049250313e-16,0.3912657197643252,1.7868433531643833,0.9032435108597617,0.31528505916426186,-0.6201619870240935,moons
moons_003,0.0023923444976076554,0.8155514945892192,0.098501234040481,0.0,0.44711854475596735,0.23365407246948083,0.4476540160670522,0.23424660373197154,1.001197604790419,0.6330783807728085,0.5,0.0,,,1.9283009440713974,,,418.0,1.5528134360175438,0.41174255757946565,-1.074896699474209,0.24605101273682556,1.9861821022089297,1.1548586427042231,0.310538298814407,1.7708431768729742,0.027948298090055997,-6.427606984671959e-17,4.499930061012351e-16,-0.0005565361592396472,0.00047357204731934794,-1.8162426506811657,0.07341104608900328,2,0,0,2,0.0,1,836,0.0,2,0,,0.6651242403267091,3.58708582755414,0.10135934417905913,1.9861821022089297,1.0005986232203294,3.1401849173675503e-16,1.1456145992356381,-0.002435948455643486,0.006757871966676329,0.0,0.0,0.0011179265291624712,0.0028436788871022173,1.001197604790419,6.280369834735101e-16,0.3348757596732908,1.7817453715214635,0.9111387656243789,0.08248924530660014,-0.8907901713637805,moons
moons_004,0.004640371229698376,0.7868390251348839,0.098501234040481,0.0,0.4646536047296869,0.23365407246948083,0.46573419450812814,0.23424660373197154,1.002325581395349,0.6586476143343041,0.5,0.0016406189818713105,,,1.8748505511984468,,,215.5,1.5913916310536353,0.16766961059667596,-0.9777946870176828,0.18708310748118215,1.6254688696795492,1.1603120445833313,0.13882049803211802,2.037211066393318,0.020574188172177016,5.357920861300059e-17,2.1566003144798023e-16,0.02078613046677312,0.04133339135115719,-2.0732734416143366,0.1039703379570762,2,0,0,2,0.0,1,431,0.0,2,0,,0.6191156514752145,4.110484508007655,0.0833961497848995,1.6254688696795492,1.0011621154415247,2.220446049250313e-16,1.1456145992356381,-0.021410649426203594,0.06005847714345629,0.0,0.0,0.002851737489461475,0.013535598263285977,1.0023255813953489,3.1401849173675503e-16,0.38088434852478553,1.7847138603435238,0.9077988556277828,0.25721716558656565,-0.7450404148072169,moons
moons_005,0.0023391812865497076,0.8180048146333481,0.098501234040481,0.0,0.44342323668294553,0.23365407246948083,0.4439424676392488,0.23424660373197154,1.0011709601873537,0.6278294586488046,0.5,0.0008270254750720011,,,1.932285285621277,,,427.5,1.5197098142541234,0.38875440483216867,-1.0709316181847048,0.27090499256710937,2.0223521994735174,1.1342434957394318,0.28149011442544963,1.783513030135478,0.13589019258489832,-2.0776103384798244e-18,5.582550964208977e-17,-0.009562767082340532,0.010697184207810788,-1.789168610578415,0.09065079788301132,2,0,0,2,0.0,1,855,0.0,2,0,,0.6691318767633381,3.572681640713893,0.2265409904679098,2.0223521994735174,1.000585308800481,3.1401849173675503e-16,1.1456145992356381,6.632870967065475e-05,0.004574799481422851,0.0,0.0,-0.0010288350433578352,0.0023649482076291213,1.0011709601873537,6.280369834735101e-16,0.3308681232366619,1.7816026718974085,0.9113592926159418,0.0786752433618107,-0.9006545308294771,moons
moons_006,0.00333889816360601,0.8075385288417692,0.098501234040481,0.0,0.4407522355306878,0.23365407246948083,0.4414892794028129,0.23424660373197154,1.0016722408026761,0.6243601265737828,0.5,0.0011804787665885554,,,1.9114384427748972,,,299.5,1.5274946581938893,0.3516911284350306,-1.0133336050777704,0.22799231558245472,1.874541847604691,1.1280182442559754,0.24068359551827564,1.8900271089852019,0.049755394803600826,-2.5948451326798336e-17,3.764027997779468e-16,-0.020171867035968603,0.01226282571089639,-1.9254303516936808,0.03144032572359456,2,0,0,2,0.0,1,599,0.0,2,0,,0.652118475563929,3.815457460678883,0.01831506908000643,1.874541847604691,1.000835771144635,3.1401849173675503e-16,1.1456145992356381,0.010990490246316641,0.024831470624195873,0.0,0.0,-0.0019126020309538966,0.007208357023829806,1.0016722408026761,4.965068306494546e-16,0.347881524436071,1.7848160125217643,0.9061571412600659,0.14865978636276184,-0.8529114334410663,moons
moons_007,0.004329004329004329,0.8151694444603645,0.098501234040481,0.0,0.44488834128444205,0.23365407246948083,0.44585339191629564,0.23424660373197154,1.0021691973969633,0.6305319136780723,0.5,0.0,,,1.9274276387525309,,,231.0,1.530604311875273,0.4550972956654847,-1.0765633045707186,0.28081393383175485,1.9806367983926734,1.133462683572959,0.3315930443031881,1.7617605123073405,0.11102981894484959,1.6244821745597528e-16,3.330499154783765e-16,0.013793937203364155,0.005064469191495593,-1.7727477676432792,0.13724452708237794,2,0,0,2,0.0,1,462,0.0,2,0,,0.6645012231818194,3.53450827995062,0.24827434602722756,1.9806367983926734,1.0010840111583859,4.965068306494546e-16,1.1456145992356381,0.002443587080205277,0.001787454115113214,0.0,0.0,-0.0015193642317495638,0.000982936919083896,1.0021691973969635,8.005932084973442e-16,0.33549877681818063,1.7829409755342407,0.9109326360104038,0.08191103882420664,-0.8922804939692419,moons
moons_008,0.002506265664160401,0.8103345045896634,0.098501234040481,0.0,0.4542180767045345,0.23365407246948083,0.4547879864620059,0.23424660373197154,1.0012547051442915,0.6431673384589203,0.5,0.0,,,1.9223297642905035,,,399.0,1.5441850847345444,0.3174692719360862,-1.0296453792336946,0.2145233519591961,1.9124121970906638,1.1527875862682342,0.23513798813027756,1.9205851605026494,0.032911436150052334,-1.3356066461656018e-17,3.8406271671061763e-16,-0.0023951525304260635,0.034594737575747235,-1.9196057996470794,0.01625373307601723,2,0,0,2,0.0,1,798,0.0,2,0,,0.6566420093285752,3.8401909601497284,0.016657703074035263,1.9124121970906638,1.000627155909878,2.220446049250313e-16,1.1456145992356381,-0.00815548890698885,0.027799984073697544,0.0,0.0,0.0009061524229975046,0.007365906118028839,1.0012547051442917,2.220446049250313e-16,0.34335799067142486,1.782309528407253,0.9101601867396097,0.14336292905258413,-0.8713751761163486,moons
moons_009,0.00291970802919708,0.8060630870857335,0.098501234040481,0.0,0.4400063294300888,0.23365407246948083,0.44064961353744275,0.23424660373197154,1.0014619883040936,0.6231726597191146,0.5,0.0010322726732650237,,,1.9088245173034626,,,342.5,1.5239395572204235,0.2778122379403032,-1.041601339932917,0.2232214658948795,1.855003239098336,1.139598761205702,0.2073110000219171,1.9882434728518381,0.11453479289395138,-1.8800857059345716e-16,2.072063624306763e-16,-0.02465623293822955,0.0066307649670113225,-1.919750534184384,0.03387798155586936,2,0,0,2,0.0,1,685,0.0,2,0,,0.6497377003621828,3.907994007036222,0.08065681133808218,1.855003239098336,1.0007307271709476,3.1401849173675503e-16,1.1456145992356381,0.0034618666838359758,0.025199830928233764,0.0,0.0,-0.0007170500708602618,0.002593385464249109,1.0014619883040934,6.280369834735101e-16,0.3502622996378172,1.7847008556926753,0.9059198689212021,0.13599689399150372,-0.8719735817752094,moons
moons_010,0.006920415224913495,0.7499508399012589,0.098501234040481,0.0,0.3088622425964779,0.23365407246948083,0.30993468093882665,0.23424660373197154,1.003472222222222,0.43831382923346657,0.5,0.0024467362670815168,,,1.7143529200738066,,,144.5,1.4538696326636236,0.1708966931952957,-0.7135857378127171,0.07311316408359407,1.2853291086080847,1.094373360141145,0.14428620834022504,2.341169312708862,0.16446829908254748,9.680837446558459e-17,8.909867239589589e-17,-0.028821333184703105,0.039314247581950186,-2.134132463362538,0.16131445504116665,2,0,0,2,0.0,1,289,0.0,2,0,,0.5624262622686036,4.475301776071401,0.3257827541237138,1.2853291086080847,1.0017346066809423,2.220446049250313e-16,1.1456145992356381,0.022626919004099275,0.06982717422577464,0.0,0.0,-0.006391391823463002,0.010620681146463496,1.0034722222222219,4.965068306494546e-16,0.4375737377313964,1.7955028968545261,0.8888522015925329,0.31125471814993844,-0.5435580260038546,moons
moons_011,0.006024096385542169,0.8019828621688904,0.098501234040481,0.0,0.4452100200874304,0.23365407246948083,0.4465550654653379,0.23424660373197154,1.0030211480362534,0.631524229927486,0.5,0.0,,,1.8989283610031245,,,166.0,1.536996529796418,0.2609573840134382,-1.023275172085003,0.21485586930770117,1.8025060889302276,1.17083235678334,0.2039341598925395,2.0194900065963894,0.12766248008017222,-2.0666199675251408e-16,1.8633024961488175e-16,0.027690085912788515,0.04578269897261634,-1.9449968402859041,0.11336237634899018,2,0,0,2,0.0,1,332,0.0,2,0,,0.6431765112126054,3.964486846882293,0.014300103731182194,1.8025060889302276,1.0015094348213869,3.1401849173675503e-16,1.1456145992356381,-0.03584868004319348,0.0374386766695182,0.0,0.0,0.010407224238287537,0.01200283480102504,1.0030211480362539,4.965068306494546e-16,0.35682348878739456,1.7871557216616552,0.9045214307450234,0.1745065167985607,-0.8269754726594534,moons
moons_012,0.002285714285714286,0.7594071734012712,0.098501234040481,0.0,0.38319203576989747,0.23365407246948083,0.3836304705934332,0.23424660373197154,1.0011441647597263,0.5425354144528062,0.5,0.0008081220356417469,,,1.7719895126951455,,,437.5,1.5041473653687745,0.17047928380866553,-0.7813404976414278,0.05064348195072659,1.3623865817468368,1.1085697792448677,0.12989987684957852,2.550189502726858,0.14350815065530675,-1.0150610510858574e-16,1.5503541534888933e-16,0.005239308383113537,0.007654912571498721,-2.395263905432327,0.20005116190478012,2,0,0,2,0.0,1,875,0.0,2,0,,0.5766992550133083,4.945453408159185,0.3435593125600872,1.3623865817468368,1.0005719188342868,3.1401849173675503e-16,1.1456145992356381,0.010053081309950775,0.01917696681181345,0.0,0.0,0.0004218969422845341,0.0031377611006824565,1.0011441647597263,6.280369834735101e-16,0.4233007449866917,1.7874470525280268,0.8997831368989841,0.32248684582219816,-0.5722582662710094,moons
moons_013,0.013513513513513514,0.813819479455419,0.098501234040481,0.0,0.43657471212093024,0.23365407246948083,0.4395446081217528,0.23424660373197154,1.0068027210884352,0.6216099460737499,0.5,0.0,,,1.9215492808657733,,,74.0,1.5543262082567189,0.39951219481450634,-1.0893003796412946,0.238350842697265,1.9612269832682143,1.1779502869786493,0.3035899013584277,1.7512229012760494,0.13524535975194074,1.1477305592408713e-16,5.834803055919434e-17,-0.008356941873993112,0.004827163200345391,-1.8323432069877863,0.02568401849887175,2,0,0,2,0.0,1,148,0.0,2,0,,0.6623021451410891,3.5835661082638355,0.109561341253069,1.9612269832682143,1.0033955955097844,2.220446049250313e-16,1.1456145992356381,-0.018220237701616272,0.03303143363012848,0.0,0.0,0.004041329029713699,0.0064907736003131135,1.0068027210884352,3.1401849173675503e-16,0.33769785485891085,1.7915350236912402,0.9042196321919628,0.08277990414503254,-0.8999530595420122,moons
moons_014,0.004705882352941176,0.8098754277743302,0.098501234040481,0.0,0.4348333551185728,0.23365407246948083,0.4358589054844184,0.23424660373197154,1.0023584905660377,0.6163975754171576,0.5,0.0016637806616154236,,,1.9114131115356257,,,212.5,1.5721203815772586,0.3538905645895253,-1.0762338832363696,0.24406445004544117,1.9061168082781546,1.1285963138849489,0.22154386608223647,1.7482296095939542,0.051530594831591066,1.5046787345508006e-16,1.7732808945134402e-16,-0.03373227620676621,0.00915071134457598,-1.8697275646133173,0.008859741519694769,2,0,0,2,0.0,1,425,0.0,2,0,,0.6558982085126543,3.6179571742072714,0.042670853311896136,1.9061168082781546,1.001178550792034,3.1401849173675503e-16,1.1456145992356381,-0.004884217895550848,0.007238570961688224,0.0,0.0,0.001776094562997441,0.0017570899711771507,1.0023584905660374,6.280369834735101e-16,0.3441017914873457,1.7858828527537716,0.9055696541427394,0.09699974701320248,-0.8905779455352336,moons
moons_015,0.0021482277121374865,0.8153804929769679,0.098501234040481,0.0,0.4494323562826197,0.23365407246948083,0.44991561688077253,0.23424660373197154,1.0010752688172033,0.6362767673162458,0.5,0.0007595131913926508,,,1.9307605091581979,,,465.5,1.5376347300837718,0.36128882028701764,-1.079618322158158,0.2620169437239979,1.9836972126430537,1.1389229761379958,0.274560480468994,1.7693716449478143,0.12223736509631068,-7.727438452815268e-17,3.2784744787124155e-16,-0.0029508388741390948,0.004910291260977894,-1.861229388094381,0.06584333166061043,2,0,0,2,0.0,1,931,0.0,2,0,,0.6648453483273632,3.630601033042195,0.18808069675692127,1.9836972126430537,1.0005374899608728,2.220446049250313e-16,1.1456145992356381,-0.0014466204515857152,0.007284829816599109,0.0,0.0,0.0008234079977834459,0.002232420377501936,1.0010752688172033,4.965068306494546e-16,0.3351546516726368,1.780850981936087,0.9126175844273929,0.08085821870810946,-0.9035314477391423,moons
moons_016,0.005847953216374269,0.8012142308635983,0.098501234040481,0.0,0.39848948589962513,0.23365407246948083,0.39965807676736564,0.23424660373197154,1.0029325513196472,0.565201872476356,0.5,0.0,,,1.8707549169342441,,,171.0,1.5401352095749332,0.2292424762042186,-0.9305394638672163,0.10456671171174488,1.7928611187282262,1.1248264204493905,0.13186459607649453,1.9310846574341956,0.07494877849086164,-2.635968116946278e-16,3.8380037878936724e-16,0.03370992561315633,0.08887119985081025,-2.0337393876740593,0.17508840452681199,2,0,0,2,0.0,1,342,0.0,2,0,,0.6419442437383475,3.9648240451082546,0.10013962603594988,1.7928611187282262,1.0014652022510053,2.220446049250313e-16,1.1456145992356381,-0.05054932412203407,0.14801255433281915,0.0,0.0,0.012125691824987184,0.03347137362558929,1.0029325513196472,2.220446049250313e-16,0.3580557562616526,1.7917719013490876,0.8951444904675808,0.1934492187623514,-0.7772142102079154,moons
moons_017,0.002911208151382824,0.7775012693080815,0.098501234040481,0.0,0.411809905808206,0.23365407246948083,0.4124102117933493,0.23424660373197154,1.0014577259475221,0.5832361147793151,0.5,0.0010292675126442026,,,1.827681110926691,,,343.5,1.4928332031612985,0.15387829184593008,-0.8104933822853642,0.09599105260931168,1.5284975822930946,1.1080924025370882,0.11309354801333028,2.311007975524719,0.21552669281557715,3.1351276095674e-16,1.1975668826059654e-16,-0.0014477344642021342,0.010216305116258694,-2.289041661484828,0.11907608775937013,2,0,0,2,0.0,1,687,0.0,2,0,,0.6045082237756779,4.600049637009546,0.3346027805749476,1.5284975822930946,1.0007285975465687,3.1401849173675503e-16,1.1456145992356381,-0.019010401077620243,8.209487714070128e-05,0.0,0.0,0.002462596169016021,0.0003023216569834426,1.0014577259475224,8.005932084973442e-16,0.3954917762243221,1.7861888127686985,0.9029731053193311,0.3214797642959195,-0.5968715764605488,moons
moons_018,0.0024067388688327317,0.8050717856417398,0.098501234040481,0.0,0.40988494213926036,0.23365407246948083,0.41037877941894607,0.23424660373197154,1.0012048192771084,0.5803632355643902,0.5,0.0008509106873484579,,,1.8879085271744696,,,415.5,1.5288556991244198,0.2687767255783923,-0.9730023819645247,0.18115563063234985,1.8420441325782664,1.1235203247273438,0.20282712433761052,2.166333574063728,0.18085076952279616,-1.9238521726356503e-16,2.599816153007069e-16,0.01290552063224326,0.015729010767013055,-2.03341700846389,0.09391232414434326,2,0,0,2,0.0,1,831,0.0,2,0,,0.6481405800363794,4.199750582527618,0.08693844537845259,1.8420441325782664,1.0006022282990918,6.280369834735101e-16,1.1456145992356381,-0.02069018266856878,0.012788270964693623,0.0,0.0,0.004152953539941516,0.0050507111303435045,1.001204819277108,1.1102230246251565e-15,0.3518594199636206,1.7884173813976516,0.8979880550559662,0.17196819943912323,-0.8129548359873544,moons
moons_019,0.007751937984496124,0.8119352630642551,0.098501234040481,0.0,0.44895974056251264,0.23365407246948083,0.45070666562306727,0.23424660373197154,1.003891050583658,0.6373954791760974,0.5,0.0,,,1.9224433224208592,,,129.0,1.552104668099137,0.3578911680805947,-1.0892850220428785,0.2630885339114822,1.9346070196728162,1.1569483456530398,0.29058980574501425,1.758703196340616,0.08549631133044565,7.05723162940022e-17,9.4935823083205e-17,-0.001974718518453899,0.01568910899452099,-1.7216058715619984,0.15411299450548885,2,0,0,2,0.0,1,258,0.0,2,0,,0.6592388714072211,3.4803090679026143,0.2396093058359345,1.9346070196728162,1.0019436364305419,4.965068306494546e-16,1.1456145992356381,0.005985584649261631,0.017343064267173112,0.0,0.0,-0.0020636526742980146,0.00525175876421331,1.0038910505836578,9.42055475210265e-16,0.3407611285927789,1.7860660894996427,0.9085879848831839,0.08726668360193512,-0.9077078308543798,moons
moons_020,0.0024242424242424242,0.7895769798289426,0.098501234040481,0.0,0.4072594689110545,0.23365407246948083,0.40775371583934455,0.23424660373197154,1.0012135922330097,0.5766508350480262,0.5,0.0008570991287109722,,,1.8503497003816785,,,412.5,1.5656406117636394,0.1639657874978712,-0.904115045427309,0.1013761074546602,1.6555615126030483,1.1555216043247194,0.14498438306742634,2.335089260656527,0.1880026677728705,-3.4612043870738215e-16,3.11354092412928e-16,0.014499793108592968,0.0039686025098341435,-2.1828838461341817,0.06602923537496425,2,0,0,2,0.0,1,825,0.0,2,0,,0.6234318070757944,4.517973106790709,0.2540319031478351,1.6555615126030483,1.0006066121273682,4.965068306494546e-16,1.1456145992356381,0.00014247162321209903,0.005837788556024305,0.0,0.0,-0.001114678655426561,0.0017648626905205998,1.0012135922330097,8.005932084973442e-16,0.3765681929242056,1.7884154397179877,0.8980114609014505,0.23225960966649697,-0.7231196202822314,moons
moons_021,0.002207505518763797,0.773060183256209,0.098501234040481,0.0,0.3979399211057355,0.23365407246948083,0.39837963372574187,0.23424660373197154,1.0011049723756908,0.5633938809881702,0.5,0.0,,,1.813283173091973,,,453.0,1.5122177238947128,0.1775669598298698,-0.9206280434390427,0.13045988405987338,1.4852256252748826,1.1305400141762565,0.1447059876497101,2.2617366621488655,0.12629712315992409,1.901839000240886e-16,2.2182321712088645e-17,0.04454450393193008,0.004566431021032511,-2.148000517752932,0.0076468765891029,2,0,0,2,0.0,1,906,0.0,2,0,,0.5976220469361234,4.409737179901798,0.11865024657082118,1.4852256252748826,1.000552333651614,3.1401849173675503e-16,1.1456145992356381,-0.00917131805351237,0.014196109462644534,0.0,0.0,0.004030336890358425,0.00016225203831575082,1.0011049723756908,4.965068306494546e-16,0.4023779530638766,1.7884031169502563,0.8977940636835218,0.23201819292010664,-0.7466015809601387,moons
moons_022,0.004149377593360996,0.8176802848397161,0.098501234040481,0.0,0.44178324906467764,0.23365407246948083,0.44270171735795094,0.23424660373197154,1.002079002079001,0.6260747727734749,0.5,0.0,,,1.9317409392568259,,,241.0,1.539211093682021,0.3549934073597386,-1.0787886696153388,0.24515180758251695,2.017511053114171,1.139529880260367,0.252570532388746,1.7823004893792587,0.01739636884804637,-3.2247141794091686e-17,4.03924200989187e-17,0.003979669608402286,0.00646022589696398,-1.7351769597223132,0.13431407985877766,2,0,0,2,0.0,1,482,0.0,2,0,,0.6686010482155593,3.5174774491015715,0.11691771101073112,2.017511053114171,1.001038961319189,3.1401849173675503e-16,1.1456145992356381,-0.00633089967336975,0.00994837985415793,0.0,0.0,0.0003471558517235536,0.002844891095417336,1.0020790020790007,8.005932084973442e-16,0.3313989517844407,1.783608263508373,0.9094270562616048,0.0847121249760129,-0.8781739881178225,moons
moons_023,0.0031847133757961785,0.7847217718627595,0.098501234040481,0.0,0.4199967569956361,0.23365407246948083,0.4206666082827107,0.23424660373197154,1.001594896331739,0.5949124226708995,0.5,0.0,,,1.8506285477651085,,,314.0,1.537868856551513,0.17737386391873752,-0.9441016434979788,0.05409993723263606,1.6027314990687855,1.1514557528145144,0.12253630947599004,2.0770747166758934,0.12346733616966066,-1.6282092447130082e-16,1.110315383601058e-15,-0.00016918947927323366,0.0038275945169994325,-2.284796516882299,0.1020862767137531,2,0,0,2,0.0,1,628,0.0,2,0,,0.6157882592354288,4.361871233558192,0.22555361288341425,1.6027314990687855,1.0007971304573866,4.965068306494546e-16,1.1456145992356381,0.02231673272775623,0.05028361954516418,0.0,0.0,-0.007889188183698954,0.01272541922308671,1.001594896331739,9.42055475210265e-16,0.3842117407645712,1.7881738927433821,0.8993407110978209,0.23309394651645815,-0.7518583063333124,moons
moons_024,0.004608294930875576,0.811988875697001,0.098501234040481,0.0,0.44475303823052376,0.23365407246948083,0.4457801815058827,0.23424660373197154,1.0023094688221703,0.6304283785227595,0.5,0.0,,,1.9212683483842714,,,217.0,1.5406733432152502,0.41349350012070063,-1.0782528601954937,0.2563935297252927,1.9353569894296299,1.140081666924841,0.3054209946194996,1.7442294073676412,0.07614194725565851,2.4148629844381284e-16,5.759417498213294e-16,0.0034880809911548285,0.020711254399802766,-1.743039673745682,0.14627329755026747,2,0,0,2,0.0,1,434,0.0,2,0,,0.6593259342556796,3.487269081113323,0.22241524480592598,1.9353569894296299,1.0011540684740636,0.0,1.1456145992356381,0.005250989297718985,0.011386876563462753,0.0,0.0,-0.0021368122748279617,0.0034191598238285793,1.00230946882217,0.0,0.3406740657443204,1.783541527380104,0.9100645556219226,0.08270636836722088,-0.9022926605771397,moons
moons_025,0.0029455081001472753,0.8168413590444976,0.098501234040481,0.0,0.4452361285947735,0.23365407246948083,0.44589281904992795,0.23424660373197154,1.001474926253687,0.6305876720651804,0.5,0.0010413943758270177,,,1.931340278045905,,,339.5,1.5609919603745368,0.4336613260311997,-1.078617569782626,0.2620220682896628,2.0050768294957386,1.15773665818969,0.3296683441746323,1.7761426875871522,0.11479290312295147,-2.511491260418616e-16,5.512666305599587e-16,-0.005847433427189009,0.0008520665816883268,-1.8327297140221621,0.06767151892111517,2,0,0,2,0.0,1,679,0.0,2,0,,0.6672298058456618,3.6088724016093146,0.18246442204406646,2.0050768294957386,1.0007371914012624,3.1401849173675503e-16,1.1456145992356381,0.011672329262670228,0.005946808341048243,0.0,0.0,-0.0035945319191829,0.0019174227666701928,1.001474926253687,4.965068306494546e-16,0.33277019415433823,1.782757351296522,0.9097669654438741,0.0945238086389767,-0.8848379125546599,moons
moons_026,0.0029455081001472753,0.7995145899625579,0.098501234040481,0.0,0.4238890521994797,0.23365407246948083,0.424514257291219,0.23424660373197154,1.0014749262536864,0.6003538200819836,0.5,0.0010413943758270177,,,1.8817375806924936,,,339.5,1.5393458734322008,0.2559626250949155,-0.9787431526294522,0.19940359480952033,1.7717997722487386,1.1438753171935736,0.18853863277850286,2.0892786109702604,0.0021131592651492245,3.6887527887398424e-16,3.884764846227897e-16,0.009416853937905378,0.0025701273713339325,-2.1228152025065494,0.034917734239815916,2,0,0,2,0.0,1,679,0.0,2,0,,0.639223579562997,4.21209381347681,0.03703089350496483,1.7717997722487386,1.0007371914012624,2.220446049250313e-16,1.1456145992356381,-0.022726174009781826,0.007838427960272804,0.0,0.0,0.005375470191340303,0.0022775671278036994,1.0014749262536866,3.1401849173675503e-16,0.360776420437003,1.7864272732413895,0.9025393633709725,0.16760430066128157,-0.8295766078926303,moons
moons_027,0.005934718100890208,0.7650868001504577,0.098501234040481,0.0,0.40422233467841756,0.23365407246948083,0.4054253773411508,0.23424660373197154,1.0029761904761898,0.5733580671660853,0.5,0.002098239706785001,,,1.7934022442077142,,,168.5,1.5313918600191676,0.22835957474962604,-0.900248599442504,0.1341602887953612,1.4117179302361762,1.1560294523615817,0.15186218072868948,2.1473197834158064,0.19680494536268622,-2.411523008978085e-16,3.0935946366944405e-16,0.003839563209997378,0.03916013661009548,-2.1686321310684784,0.07630825898217036,2,0,0,2,0.0,1,337,0.0,2,0,,0.5853578117644664,4.315951914484285,0.12049668638051617,1.4117179302361762,1.0014869896689573,4.965068306494546e-16,1.1456145992356381,-0.011483803657204267,0.024814727931502686,0.0,0.0,0.002412895537062529,0.006548928712497447,1.0029761904761898,8.005932084973442e-16,0.4146421882355336,1.7905186996952187,0.8977458147752639,0.24495661070052996,-0.709756614345622,moons
moons_028,0.00510204081632653,0.8148636962738901,0.098501234040481,0.0,0.44168477748139473,0.23365407246948083,0.44281440606830347,0.23424660373197154,1.002557544757033,0.6262341386759817,0.5,0.0,,,1.9240160862094327,,,196.0,1.5405483927469852,0.3539944344131899,-1.0498232421592235,0.2311869031694077,1.9762156633468932,1.1538846268217393,0.282827888036918,1.9256811444462505,0.010266678491327848,6.62735172862976e-17,1.962615573354719e-16,-0.028324539708302857,0.02981807614743369,-1.781047321050428,0.05510902601819984,2,0,0,2,0.0,1,392,0.0,2,0,,0.6640028435051466,3.7067284654966786,0.065375704509528,1.9762156633468932,1.0012779557930118,2.220446049250313e-16,1.1456145992356381,0.007910900925011823,0.0014469726743460225,0.0,0.0,-0.0015100229240219219,0.00023605868123997568,1.0025575447570327,4.965068306494546e-16,0.3359971564948534,1.7851649534189842,0.9074228717156784,0.10985728543720585,-0.8718794780341996,moons
moons_029,0.0020222446916076846,0.8110513447086483,0.098501234040481,0.0,0.44724631728534747,0.23365407246948083,0.447698995744138,0.23424660373197154,1.0010121457489873,0.6331419916421747,0.5,0.0007149714673271202,,,1.9197435646802443,,,494.5,1.5549067808248749,0.3386078549581071,-1.0226280645823302,0.2199278817968323,1.9223042619278603,1.1642987620719827,0.2557416481459245,1.9351730356717183,0.03628463646079578,-2.3349483227708045e-17,1.4224497906781218e-16,0.011994699317832015,0.009192476607136103,-1.9764557566300538,0.09802053447310334,2,0,0,2,0.0,1,989,0.0,2,0,,0.6578042837537066,3.911628792301772,0.06173589801230756,1.9223042619278603,1.0005059448843805,3.1401849173675503e-16,1.1456145992356381,0.0002928523501202233,0.017202104310396312,0.0,0.0,-0.0008161194912766892,0.004610667153996494,1.0010121457489871,6.280369834735101e-16,0.34219571624629336,1.7829800423021813,0.9083120343516637,0.15189795914063112,-0.8577349482736003,moons
moons_030,0.0030911901081916537,0.7736474388700615,0.098501234040481,0.0,0.3931709561598606,0.23365407246948083,0.3937795799310062,0.23424660373197154,1.0015479876160998,0.5568884225240093,0.5,0.001092900743719564,,,1.8077783215892875,,,323.5,1.4924831489610924,0.1292325405786345,-0.7950851390542346,0.007035115740880604,1.4908483719429741,1.1140698494797006,0.08587409248837741,2.4895002571947624,0.08644208701141641,-3.1573575970792706e-16,8.93035587010246e-17,-0.017885617544664365,0.012344071833676536,-2.387393611953634,0.053008144715201135,2,0,0,2,0.0,1,647,0.0,2,0,,0.5985303596702055,4.876893869148396,0.03343394229621526,1.4908483719429741,1.0007736945064551,8.005932084973442e-16,1.1456145992356381,0.0042354261551921955,0.004413034577351526,0.0,0.0,-0.0008494116865750746,0.0024409369104787188,1.0015479876160995,1.5700924586837751e-15,0.4014696403297945,1.7890887461451133,0.8974148477049526,0.297204580518244,-0.6171338449382344,moons
moons_031,0.007194244604316547,0.7558093123678673,0.098501234040481,0.0,0.32843971553181656,0.23365407246948083,0.32962541847597493,0.23424660373197154,1.0036101083032496,0.4661607373116307,0.5,0.0,,,1.7340089390807496,,,139.0,1.481692971524002,0.1181332524938601,-0.78171905733733,0.0034452313246226387,1.3323490949473005,1.0902851282152328,0.10031828660765643,2.2974194296460353,0.19625102919633222,5.1118182428784176e-17,2.8916810749859456e-16,0.0034354189584805163,0.04380667415934067,-2.446593119958534,0.09577599423453438,2,0,0,2,0.0,1,278,0.0,2,0,,0.5712477166619884,4.7440125496045695,0.10047503496179784,1.3323490949473005,1.0018034279753936,2.220446049250313e-16,1.1456145992356381,-0.014720375700215609,0.004083182170419684,0.0,0.0,-0.0006117008972289348,0.0041540370039554,1.0036101083032496,3.1401849173675503e-16,0.42875228333801163,1.7968548251505128,0.8864271941599706,0.317540933328042,-0.5370108650926455,moons
moons_032,0.002560819462227913,0.8147507141319161,0.098501234040481,0.0,0.4428332711715469,0.23365407246948083,0.44340100613458694,0.23424660373197154,1.0012820512820504,0.6270637164454088,0.5,0.0009053864035679035,,,1.9256224492181495,,,390.5,1.544913213496575,0.37676985014396863,-1.071006387921154,0.25779498362367226,1.9745856710950123,1.1427574975447246,0.2758811763761689,1.7982184339530378,0.05487365298746346,7.392009895071465e-17,4.680121951108615e-16,0.022120897995732115,0.005594469262996,-1.847452789831191,0.09539402765566955,2,0,0,2,0.0,1,781,0.0,2,0,,0.6638187261784673,3.645671223784229,0.15026768064313317,1.9745856710950123,1.0006408203156867,2.220446049250313e-16,1.1456145992356381,-0.006025021230491317,0.0015518475629237554,0.0,0.0,0.0012844299374098703,0.001839339199829644,1.0012820512820504,4.965068306494546e-16,0.33618127382153273,1.7821817350621827,0.9104704653853136,0.08357280844493055,-0.8993574786155909,moons
moons_033,0.0020161290322580645,0.7965044907622459,0.098501234040481,0.0,0.4280097761807601,0.23365407246948083,0.42844167302857095,0.23424660373197154,1.00100908173562,0.6059080246828241,0.5,0.0,,,1.8799921150106278,,,496.0,1.5072614656629373,0.21085758152478337,-0.942287185894348,0.13333943848568164,1.735374936215237,1.1323012572110303,0.15419625886080515,2.1807813045675504,0.0168595592834835,-2.641256389229203e-16,4.3177542613803813e-16,0.013744985310183084,0.015435167528112496,-2.2002445839115135,0.22985834875702024,2,0,0,2,0.0,1,992,0.0,2,0,,0.6344194038044247,4.381025888479064,0.24671790804050342,1.735374936215237,1.0005044136512442,2.220446049250313e-16,1.1456145992356381,-0.003131846096173717,0.026404573398159416,0.0,0.0,-0.0017077893677772667,0.004220594889240377,1.00100908173562,3.1401849173675503e-16,0.36558059619557526,1.785631206208834,0.9030822345477001,0.20350753408300007,-0.7955072232931539,moons
moons_034,0.002861230329041488,0.7428458971389706,0.098501234040481,0.0,0.36467158384526344,0.23365407246948083,0.36519403597111605,0.23424660373197154,1.0014326647564464,0.5164623585681203,0.5,0.0010115976841008944,,,1.7226975865592835,,,349.5,1.4714188319405872,0.025296132034391506,-0.7408295309595321,0.05660511313209308,1.2312465081263266,1.0916748694802183,0.019736259735102086,2.5519502480374294,0.052599836587716484,-1.3913524600452606e-16,4.285745938724811e-16,0.01774773141721151,0.01616214800789609,-2.360625427841196,0.0839118660222406,2,0,0,2,0.0,1,699,0.0,2,0,,0.5518200268962021,4.912575675878625,0.13651170260995707,1.2312465081263266,1.0007160759958074,0.0,1.1456145992356381,0.02059105256862183,0.010887482342682843,0.0,0.0,-0.0019371870204804313,0.0030085521850599047,1.0014326647564467,0.0,0.44817997310379787,1.7891335027708186,0.8970685415779593,0.3472666677217885,-0.5292957788865911,moons
moons_035,0.002254791431792559,0.7772081139805678,0.098501234040481,0.0,0.38757130557873026,0.23365407246948083,0.38800874497554594,0.23424660373197154,1.0011286681715577,0.5487272294637804,0.5,0.0007971891557909486,,,1.8136284798025128,,,443.5,1.5200285421576039,0.1600487321248294,-0.8843370585505832,0.07925202573134744,1.5255870535262555,1.1352012036092818,0.12940913709829285,2.335515635037339,0.07049501289802781,-4.0704005367316903e-16,3.7030816500185543e-16,0.009426033785649875,0.025472121053158263,-2.3171189199140967,0.11178919876546706,2,0,0,2,0.0,1,887,0.0,2,0,,0.6040524524372313,4.652634554951436,0.1822842116634949,1.5255870535262555,1.0005641749390979,3.1401849173675503e-16,1.1456145992356381,0.010346381098303006,0.024005703042461163,0.0,0.0,-0.004081567031621428,0.007250823090181414,1.0011286681715577,6.280369834735101e-16,0.39594754756276873,1.7895397899775625,0.8955791493627427,0.25630480040230197,-0.6963407877203087,moons
moons_036,0.00437636761487965,0.8142042324909938,0.098501234040481,0.0,0.44073166896590366,0.23365407246948083,0.44169818578381126,0.23424660373197154,1.0021929824561402,0.6246555648110571,0.5,0.0015472796087232753,,,1.9246041624243395,,,228.5,1.4728389105697883,0.3696699221675667,-1.0596116028964933,0.27025197630442255,1.9667298942427343,1.099968206676365,0.27513019224346885,1.8095905227331697,0.006015534570770114,1.1077936525800248e-16,2.8309763368827803e-16,0.016267220784357314,0.0007728603142851666,-1.801522805943259,0.10918028486948944,2,0,0,2,0.0,1,457,0.0,2,0,,0.6629285322062484,3.6111133286764288,0.11519581944025924,1.9667298942427343,1.0010958907398133,2.220446049250313e-16,1.1456145992356381,-0.013948725604536529,0.014769172898306369,0.0,0.0,0.004139719853578379,0.006070407052395186,1.00219298245614,4.965068306494546e-16,0.3370714677937517,1.7839087211311586,0.9090883370150303,0.09345785531564957,-0.8950490872860155,moons
moons_037,0.0032626427406199023,0.7571287294980141,0.098501234040481,0.0,0.3512251479717789,0.23365407246948083,0.35179904527238665,0.23424660373197154,1.0016339869281052,0.4975189810541157,0.5,0.0011535184032406703,,,1.7480642668844002,,,306.5,1.480849449819461,0.09045032571620211,-0.7341687027714379,0.04960109978116646,1.3432589025339206,1.0999382673901725,0.0680012150692132,2.475201940175662,0.01105355483521917,-2.086422388855107e-16,6.884842624701447e-16,-0.016753052719482436,0.015531104159342588,-2.277955222455223,0.24328770782551534,2,0,0,2,0.0,1,613,0.0,2,0,,0.5732439130312771,4.753157162630885,0.23223415299029618,1.3432589025339206,1.0008166599972772,4.965068306494546e-16,1.1456145992356381,0.05428958916952781,0.04343320426862964,0.0,0.0,-0.010131516321850494,0.000924174682037159,1.0016339869281052,9.42055475210265e-16,0.4267560869687229,1.791473091613998,0.8928382326801446,0.3070847985591156,-0.5764512448543893,moons
moons_038,0.004514672686230248,0.770169061364764,0.098501234040481,0.0,0.40206600036637286,0.23365407246948083,0.4029756519509122,0.23424660373197154,1.0022624434389138,0.56989363229512,0.5,0.0015961778356355237,,,1.8032351333020717,,,221.5,1.4693117150503325,0.1549327950290185,-0.8171974803231294,0.15164707054712243,1.4579710490809832,1.113798306250406,0.14126807405623354,2.235160661819823,0.027260555991944407,-3.5787776053379764e-16,2.282482039260386e-16,-0.029557954354591374,0.013026443152621777,-2.307689488797635,0.21068020768651852,2,0,0,2,0.0,1,443,0.0,2,0,,0.5931603830834816,4.542850150617458,0.18341965169457444,1.4579710490809832,1.0011305826109367,3.1401849173675503e-16,1.1456145992356381,-0.052566909788102974,0.04909665829900671,0.0,0.0,0.01733374866306171,0.014584763844999536,1.0022624434389136,6.280369834735101e-16,0.4068396169165184,1.787353249240691,0.9024511821613396,0.30753154199085597,-0.6275542859590213,moons
moons_039,0.003766478342749529,0.8113045261677471,0.098501234040481,0.0,0.42602358729934137,0.23365407246948083,0.4268274053885856,0.23424660373197154,1.0018867924528305,0.6036251054930569,0.5,0.0013316511886752446,,,1.9091650850534099,,,265.5,1.4986467414031415,0.3006482141526795,-0.982312174572892,0.1865620613334372,1.9258162295162056,1.1154147004082908,0.20934982726977516,1.9681611490049091,0.02186952858831094,-2.2413542041396755e-16,3.737470560783977e-16,0.009792962574174498,0.02945387368230946,-2.0946503583807465,0.018820078475407433,2,0,0,2,0.0,1,531,0.0,2,0,,0.6582150341802726,4.062811507385655,0.003049450112903509,1.9258162295162056,1.0009429516475103,2.220446049250313e-16,1.1456145992356381,-0.0024518739482696263,0.009996557234369914,0.0,0.0,-0.0002785817184554982,0.002364812165452392,1.0018867924528303,2.220446049250313e-16,0.3417849658197274,1.7868942263304544,0.9025276692258304,0.16036177614058977,-0.8367576675577832,moons
moons_040,0.0027624309392265192,0.8134129903339877,0.098501234040481,0.0,0.44974692227166146,0.23365407246948083,0.4503689788723139,0.23424660373197154,1.0013831258644537,0.6369179179933482,0.5,0.0,,,1.9246404249794837,,,362.0,1.5480880964296544,0.37526779366893875,-1.0537896434139316,0.2533052143521889,1.9554381358843134,1.152809486150682,0.27803560979627173,1.8244184503164798,0.08428001241721672,-5.121747102552518e-16,5.022560958993954e-16,0.011331817812690916,0.012397910485157886,-1.9323182754447128,0.08296945471286654,2,0,0,2,0.0,1,724,0.0,2,0,,0.66164069284408,3.7567367257611926,0.001310557704350015,1.9554381358843134,1.0006913239678126,0.0,1.1456145992356381,-0.0016734501727094005,0.0010210121439170512,0.0,0.0,0.00013627277850182057,0.0008203357338685213,1.0013831258644537,0.0,0.33835930715592,1.78249252745394,0.9100840032813895,0.11632011956803383,-0.8795777738551687,moons
moons_041,0.0034965034965034965,0.7872251267830144,0.098501234040481,0.0,0.39141547100762203,0.23365407246948083,0.39210096220027946,0.23424660373197154,1.0017513134851128,0.5545144985631755,0.5,0.0,,,1.8400777256415513,,,286.0,1.5033984607513498,0.18495411358294978,-0.861714673109353,0.10953825586816653,1.6296648298298182,1.12086894632343,0.1152633310989691,2.3353030603621474,0.02721784556508048,1.6769802330002364e-16,6.939149887329691e-16,-0.011130255702979356,0.015061336742147208,-2.28135582108243,0.07373235961068327,2,0,0,2,0.0,1,572,0.0,2,0,,0.619723400238533,4.616658881444578,0.046514514045603104,1.6296648298298182,1.0008752736905397,4.965068306494546e-16,1.1456145992356381,-0.005644586429046711,0.018770330520729617,0.0,0.0,0.0015213405970307622,0.0041791195787227306,1.0017513134851126,8.005932084973442e-16,0.380276599761467,1.7892712426955955,0.8975041359252945,0.23085112919345352,-0.7504838727856273,moons
moons_042,0.002053388090349076,0.8041739756146236,0.098501234040481,0.0,0.4115092240769077,0.23365407246948083,0.4119321523647565,0.23424660373197154,1.001027749229188,0.5825600366517789,0.5,0.0,,,1.887188607015903,,,487.0,1.4816599145929505,0.25685957832086503,-0.9188938140761346,0.16350793094346544,1.830421919809749,1.0997465732861174,0.17931925654852865,2.2230880928533376,0.1990335986844086,2.6991869838936045e-16,1.4959402481093873e-16,-0.0043549537648217024,0.03661591244204853,-2.248412718008626,0.22181169451783395,2,0,0,2,0.0,1,974,0.0,2,0,,0.6466957830558292,4.471500810861963,0.42084529320224223,1.830421919809749,1.0005137426488395,4.965068306494546e-16,1.1456145992356381,-0.0037859896032348523,0.005498820905927936,0.0,0.0,0.000694079191762739,0.0006909541625439025,1.0010277492291881,8.005932084973442e-16,0.3533042169441708,1.787032651320904,0.9003473218873542,0.18557300364384716,-0.8079190724919747,moons
moons_043,0.004842615012106538,0.8087391326089677,0.098501234040481,0.0,0.44296158274043423,0.23365407246948083,0.4440367322131048,0.23424660373197154,1.0024271844660186,0.6279627688876029,0.5,0.0017121229568681717,,,1.9144026176855469,,,206.5,1.566573909830141,0.3276417490153726,-0.9890210496456298,0.21367637018392602,1.890666198923007,1.166533190681116,0.22315698717051846,1.9790195527899441,0.03933209700306923,1.1397931293972552e-16,3.619196175949041e-16,0.012407030121578852,0.05500002091681797,-1.9338496480937395,0.06271001733955438,2,0,0,2,0.0,1,413,0.0,2,0,,0.6540589846131054,3.9128692008836836,0.10204211434262345,1.890666198923007,1.001212856722295,1.1102230246251565e-15,1.1456145992356381,-0.0040111205108135095,8.408641458431666e-05,0.0,0.0,0.001649600156693455,0.0008101024891379699,1.0024271844660189,2.0471501066083613e-15,0.3459410153868946,1.7859845255900388,0.9055208513430264,0.1780807261424439,-0.8471464507344435,moons
moons_044,0.003125,0.7736054953639613,0.098501234040481,0.0,0.4272721155528881,0.23365407246948083,0.42794077301071703,0.23424660373197154,1.0015649452269164,0.6051996450841821,0.5,0.0,,,1.8307506999295964,,,320.0,1.5183518807669172,0.1315158990982814,-0.8903599291453397,0.10135580912270041,1.490445793579357,1.1297014815464053,0.10752904500257825,2.3235035072579944,0.1027362767669218,-6.938893903907228e-17,8.772891612895594e-16,0.03381970146141976,0.030451831532493402,-2.268520485734985,0.167872561628078,2,0,0,2,0.0,1,640,0.0,2,0,,0.5984654624573199,4.59202399299298,0.2706088383950001,1.490445793579357,1.0007821667210683,3.1401849173675503e-16,1.1456145992356381,-0.00871145447870883,0.0077722119065021765,0.0,0.0,0.002895599306925937,0.002320491819915444,1.0015649452269164,4.965068306494546e-16,0.4015345375426801,1.7864762995238066,0.9026417961447339,0.28346765498677823,-0.6690591625638822,moons
moons_045,0.0032258064516129032,0.8079235067084816,0.098501234040481,0.0,0.4464007219842757,0.23365407246948083,0.44712188631704514,0.23424660373197154,1.001615508885299,0.6323258356634065,0.5,0.0,,,1.9138512614782055,,,310.0,1.5484000220365823,0.27587094641940746,-1.0376693408780733,0.2096847218219974,1.879689946528763,1.1425127675041304,0.22134957803574662,1.901345791357396,0.02834500361827006,3.6243409707118015e-16,1.6004813449808806e-16,-0.002810181339175729,0.005221609091913799,-1.9377574428878093,0.04708364434683216,2,0,0,2,0.0,1,620,0.0,2,0,,0.6527403926921298,3.839103234245205,0.07542864796510222,1.879689946528763,1.0008074284722803,3.1401849173675503e-16,1.1456145992356381,-0.009757597303466713,0.030529385456471506,0.0,0.0,0.0031000054928781956,0.007223028443685193,1.0016155088852987,6.280369834735101e-16,0.3472596073078702,1.7840183811755645,0.9076014825731135,0.14302348757913877,-0.8612960533719645,moons
moons_046,0.01639344262295082,0.7431243274721547,0.098501234040481,0.0,0.43856883086952997,0.23365407246948083,0.4421933666618403,0.23424660373197154,1.0082644628099175,0.6253558563245932,0.5,0.0,,,1.7595069566500297,,,61.0,1.6317995541374362,0.18400445674077073,-1.0499095472961755,0.21071289479673103,1.2333081957688863,1.2150014008790917,0.12767519832860746,2.075288734705942,0.14443881556327434,3.458071716045569e-17,2.0462680404157395e-16,-0.03648495910884964,0.05563947503103947,-1.893610276416887,0.41145478498982796,2,0,0,2,0.0,1,122,1.0,2,0,,0.5522337660809422,3.968899011122829,0.267015969426554,1.2333081957688863,1.0041237288352058,2.220446049250313e-16,1.1456145992356381,0.06903750903155874,0.15433719270291285,0.0,0.0,-0.015515684863801157,0.034573740109933596,1.0082644628099175,3.1401849173675503e-16,0.4477662339190578,1.795493472238565,0.8995893743194011,0.2376681907118239,-0.729944224106446,moons
moons_047,0.00261437908496732,0.7649487858671077,0.098501234040481,0.0,0.39015541751631505,0.23365407246948083,0.3906660921465723,0.23424660373197154,1.001308900523561,0.5524852858729801,0.5,0.0009243225897863334,,,1.7890989248397655,,,382.5,1.5125823518823167,0.1222376979408954,-0.8509839316972836,0.06195266527403281,1.410490328561871,1.1149366535406706,0.07515557247815877,2.1995097281581444,0.08670452040318934,-2.7283912239154175e-16,1.5269918813865732e-16,-0.022094023296514467,0.013933092270378844,-2.412163868389728,0.21082921703515548,2,0,0,2,0.0,1,765,0.0,2,0,,0.5851466449995621,4.611673596547873,0.2975337374383451,1.410490328561871,1.0006542362492454,2.220446049250313e-16,1.1456145992356381,0.01798967394683588,0.04429417328678872,0.0,0.0,-0.005376274851978865,0.011253425996391312,1.0013089005235605,2.220446049250313e-16,0.4148533550004379,1.789611324118564,0.8958386633098858,0.28212834820036425,-0.643171199784196,moons
moons_048,0.0045871559633027525,0.7905004731994744,0.098501234040481,0.0,0.39904267628738044,0.23365407246948083,0.3999600157730983,0.23424660373197154,1.0022988505747121,0.5656288787132726,0.5,0.0,,,1.8467873174532772,,,218.0,1.507618012563174,0.22217961539392456,-0.9354188365031425,0.12687136615193495,1.6658917674889993,1.1241253060399234,0.16633335708934008,2.1320487820555076,0.07956252286215118,-6.111319401606367e-17,7.490349344179477e-17,0.012795235683826164,0.017717712430047862,-2.139777438978987,0.051679744889605944,2,0,0,2,0.0,1,436,0.0,2,0,,0.6248909981285928,4.271826221034495,0.13124226775175712,1.6658917674889993,1.0011487654563194,3.1401849173675503e-16,1.1456145992356381,-0.013713325001456115,0.027473051161124338,0.0,0.0,0.006060976957033138,0.005680268510529797,1.0022988505747124,6.280369834735101e-16,0.37510900187140717,1.791052763795543,0.8951678052740716,0.2152035234700443,-0.755760409546153,moons
moons_049,0.005405405405405406,0.814026118138254,0.098501234040481,0.0,0.4426960610627574,0.23365407246948083,0.44389577938542085,0.23424660373197154,1.0027100271002714,0.6277634314870374,0.5,0.0,,,1.9218012409921303,,,185.0,1.5706405164478907,0.39478561510297505,-1.0647743246860837,0.23288347668105921,1.9641795589629294,1.1619812798064462,0.27754907450254057,1.8427860040519781,0.0010093046187635538,-9.601928861622976e-17,3.530586285472705e-16,0.01389977956790876,0.013406151021889539,-1.9118729320526684,0.0663160510497367,2,0,0,2,0.0,1,370,0.0,2,0,,0.6626385210112347,3.7546589361046463,0.06732535566850024,1.9641795589629294,1.0013540967611165,2.220446049250313e-16,1.1456145992356381,-0.016377897627057436,0.002775222365385656,0.0,0.0,0.004146542764259926,0.00020533558618027786,1.0027100271002714,3.1401849173675503e-16,0.3373614789887653,1.7857203539296838,0.9066658292680555,0.11096331479608222,-0.8804047013100584,moons
moons_050,0.005434782608695652,0.7624136945776737,0.098501234040481,0.0,0.38574864824908117,0.23365407246948083,0.38679973448409216,0.23424660373197154,1.0027247956403267,0.5470174304297151,0.5,0.0,,,1.7852823900898698,,,184.0,1.518062830469276,0.2626506400025397,-0.8162004794821915,0.17932246770351798,1.388200237050771,1.1155410823421448,0.20721919961251492,2.2419584240996393,0.17804933238607087,2.1721754829622632e-17,1.6724897929457607e-16,-0.0030707434865069744,0.05902229286015129,-2.1577535856890018,0.18490985361823603,2,0,0,2,0.0,1,368,0.0,2,0,,0.5812746416795783,4.399712009788641,0.006860521232165147,1.388200237050771,1.0013614710184962,3.1401849173675503e-16,1.1456145992356381,0.007963847845413615,0.001886118651549448,0.0,0.0,-0.002669328513572918,0.006636394692472933,1.0027247956403267,6.280369834735101e-16,0.4187253583204217,1.788933846340809,0.9003415329626783,0.312674070265946,-0.5952612954580614,moons
moons_051,0.0029069767441860465,0.7664144553879624,0.098501234040481,0.0,0.3933836774950899,0.23365407246948083,0.3939562883793623,0.23424660373197154,1.0014556040756915,0.5571383260082604,0.5,0.0,,,1.7972076409645041,,,344.0,1.4880196437161288,0.17912281621149598,-0.8030838825239262,0.09239203924297834,1.4236026955250933,1.1024704589267857,0.12962822912608676,2.4010243715381163,0.07305124065214927,-6.706521642939172e-16,5.933488942700309e-17,0.020605603868834442,0.024912448684053543,-2.4097827716940188,0.14791324430727576,2,0,0,2,0.0,1,688,0.0,2,0,,0.587391117427627,4.810807143232135,0.22096448495942536,1.4236026955250933,1.0007275373825242,3.1401849173675503e-16,1.1456145992356381,-0.015655371160427062,0.012074389113654849,0.0,0.0,0.005799221591153826,0.004221750873855385,1.0014556040756912,4.965068306494546e-16,0.41260888257237305,1.7869008263889774,0.9015585687869401,0.29852118276450146,-0.6525718513751739,moons
moons_052,0.0023781212841854932,0.8080677994104346,0.098501234040481,0.0,0.4334843705164229,0.23365407246948083,0.43400042333846645,0.23424660373197154,1.0011904761904766,0.613769284760924,0.5,0.0008407928432658403,,,1.9055348486200934,,,420.5,1.5320386006419948,0.37004537118131947,-1.0029022420658174,0.22629523198943347,1.8816248823360697,1.1369483616472331,0.270050290513133,1.999493780565782,0.03934433061836413,-4.85805080929914e-17,6.661224604736872e-16,-0.002096308286347189,0.004985489570733844,-1.9956423085007458,0.0453328854368144,2,0,0,2,0.0,1,841,0.0,2,0,,0.6529735684440224,3.995136089066528,0.084677216055179,1.8816248823360697,1.0005950610464138,3.1401849173675503e-16,1.1456145992356381,-0.0010807282051595469,0.0017247161943334647,0.0,0.0,0.0008563210614638175,0.0025451878901833736,1.0011904761904766,8.005932084973442e-16,0.34702643155597757,1.785376182715012,0.9039877161531998,0.15775929840532954,-0.8361902527301814,moons
moons_053,0.017699115044247787,0.8014654488817138,0.098501234040481,0.0,0.4489230028739261,0.23365407246948083,0.4529312439710146,0.23424660373197154,1.0089285714285712,0.6405415080463259,0.5,0.006257582134394236,,,1.9038331205867922,,,56.5,1.5422245774569505,0.4302039624051862,-1.0979626803797773,0.29672098080578113,1.7960051352556063,1.1596980508594399,0.3034682444406128,1.7731353676913142,0.16697422026882397,1.454097412783391e-16,6.113634352397e-17,-0.005364941680148824,0.09854779449023117,-1.8695340141079926,0.1426777845506696,2,0,0,2,0.0,1,113,0.0,2,0,,0.642346865751167,3.6426693817993065,0.30965200481949356,1.7960051352556063,1.0044543650303737,0.0,1.1456145992356381,0.01845883436602047,0.05193003810042193,0.0,0.0,-0.005650870564406146,0.015147036946638342,1.008928571428571,0.0,0.357653134248833,1.7942424591884676,0.9035531436277581,0.11815881325923694,-0.9121639181861818,moons
moons_054,0.0020942408376963353,0.7498519775365513,0.098501234040481,0.0,0.37836604317409095,0.23365407246948083,0.3787626532822402,0.23424660373197154,1.0010482180293512,0.5356512811921622,0.5,0.0007404259488864536,,,1.7476320405321175,,,477.5,1.5184761366425072,0.08100660695915421,-0.7338498653948617,0.04048164494831247,1.2845549757097168,1.1216713130225295,0.05455512484602408,2.3291709836433796,0.1968666999375933,-2.157669040528053e-16,6.707829561706599e-16,0.015289580943107057,0.01496481808083929,-2.494115453660406,0.18218607251396618,2,0,0,2,0.0,1,955,0.0,2,0,,0.5622779882154767,4.823286437303786,0.3790527724515595,1.2845549757097168,1.0005239717414827,2.220446049250313e-16,1.1456145992356381,-0.04468706144586105,0.054012550574423064,0.0,0.0,0.008069316359872998,0.008671095468653623,1.0010482180293512,3.1401849173675503e-16,0.4377220117845233,1.7872347220112346,0.8999916224914709,0.352321496128862,-0.510002585933079,moons
moons_055,0.0021691973969631237,0.8164395412251929,0.098501234040481,0.0,0.4463757989974446,0.23365407246948083,0.4468604632743146,0.23424660373197154,1.0010857763300756,0.63195612765086,0.5,0.0,,,1.9307579455819222,,,461.0,1.5750712324664866,0.4213789354143253,-1.0697051248503886,0.26099023297912627,1.999161954456225,1.1686833983179328,0.31677431989617477,1.7975486014304987,0.03659763849646971,1.0307493590879978e-16,1.1579857612852137e-16,-0.0082806365922777,0.007696095823800507,-1.8878309421698503,0.1061209195265203,2,0,0,2,0.0,1,922,0.0,2,0,,0.6665735244760035,3.685379543600349,0.14271855802299016,1.999161954456225,1.0005427408812055,2.220446049250313e-16,1.1456145992356381,-0.013618309755658092,0.001563388414048358,0.0,0.0,0.003059349772084844,0.00014695974210685318,1.0010857763300756,4.965068306494546e-16,0.33342647552399646,1.7823926597314048,0.9096260285721327,0.10832948851262533,-0.8811307328275406,moons
moons_056,0.0026702269692923898,0.8173121550880711,0.098501234040481,0.0,0.4448251760150365,0.23365407246948083,0.4454198620792279,0.23424660373197154,1.0013368983957225,0.6299188099027976,0.5,0.0009440677986469373,,,1.9307913171178204,,,374.5,1.5326374330775694,0.3970886760560406,-1.0756399437757838,0.2692016481588776,2.0120405615549997,1.138136300772819,0.28150316676393167,1.7646885132390202,0.08846400989946672,9.071515234587394e-16,2.7335121043039287e-16,0.007477582344441938,0.011656356810817775,-1.8084806657020156,0.11553178593419057,2,0,0,2,0.0,1,749,0.0,2,0,,0.6679991588547072,3.573169178941036,0.20399579583365715,2.0120405615549997,1.0006682259349113,8.005932084973442e-16,1.1456145992356381,-7.007789911969901e-05,0.0007618697307329534,0.0,0.0,-0.0001936389749620424,0.000581625285120429,1.0013368983957227,1.5700924586837751e-15,0.3320008411452928,1.7819036863174926,0.9111349221004647,0.08161208474243546,-0.8949249258571457,moons
moons_057,0.017241379310344827,0.7324464552714585,0.098501234040481,0.0,0.30386771169956517,0.23365407246948083,0.3065100396273874,0.23424660373197154,1.0086956521739125,0.43347065504456606,0.5,0.0,,,1.6668839935280846,,,58.0,1.3871323359060688,0.032175289811293764,-0.6054867465964959,0.23327759780738408,1.1573940174346837,1.0152618331834562,0.0009615495364075677,2.0995803097562895,0.00043352699502546344,-3.9958457998362316e-17,1.1268120447019334e-16,-0.029389957671665433,0.08417148196934231,-2.262265064647618,0.5112316394845772,2,0,0,2,0.0,1,116,2.0,2,0,,0.5364778098397246,4.361845374403908,0.5116651664796028,1.1573940174346837,1.0043384151638892,2.220446049250313e-16,1.1456145992356381,-0.0629783781545339,0.21123348027389213,0.0,0.0,0.009981933001821122,0.030075317833873173,1.008695652173913,2.220446049250313e-16,0.4635221901602754,1.8013743786880247,0.8887254674543681,0.3118501158524103,-0.5546852500519517,moons
moons_058,0.00375234521575985,0.8147732607006357,0.098501234040481,0.0,0.4437537898454046,0.23365407246948083,0.44458791351052773,0.23424660373197154,1.001879699248121,0.628742256953745,0.5,0.0013266543737083818,,,1.9258852945422222,,,266.5,1.5247900871476956,0.4140898194898405,-1.0622792823098883,0.2646949968308941,1.97491078956348,1.1415382277882518,0.3093283374480359,1.8223382334406777,0.034956457805910675,1.7017865124179228e-16,2.9457644628212504e-19,0.016164120600805534,0.0004027934082855327,-1.8355078395002264,0.03952385804946951,2,0,0,2,0.0,1,533,0.0,2,0,,0.6638554663527461,3.657846072940904,0.07448031585538034,1.97491078956348,1.000939408380008,3.1401849173675503e-16,1.1456145992356381,-0.011994597196565062,0.00548188835119779,0.0,0.0,0.0025141497341867177,0.0009931266801779938,1.0018796992481207,6.280369834735101e-16,0.33614453364725394,1.7826430486255282,0.9108801008802231,0.0849519841187747,-0.8986616305917021,moons
moons_059,0.0061162079510703364,0.7832772055657158,0.098501234040481,0.0,0.4002591855040306,0.23365407246948083,0.40148697441661985,0.23424660373197154,1.003067484662577,0.5677883243361236,0.5,0.002162406058674431,,,1.8336658945126958,,,163.5,1.463963877652328,0.0890238668798223,-0.8328020638141949,0.0401300920125254,1.5874773083764053,1.0780657891725696,0.0620843163773911,2.198321025239453,0.13124300667431954,3.0420789910218355e-16,3.3802602168604816e-16,0.038121371398853104,0.01667789220521608,-2.1611714019401305,0.1352015950144866,2,0,0,2,0.0,1,327,0.0,2,0,,0.6135231807588366,4.359492427179584,0.003958588340167369,1.5874773083764053,1.0015325679490292,2.220446049250313e-16,1.1456145992356381,-0.043430338699499096,0.06431866839674527,0.0,0.0,0.015291061988745448,0.008385705311156995,1.003067484662577,3.1401849173675503e-16,0.3864768192411634,1.7895987985574537,0.8997811283040038,0.272333700989821,-0.6942537153553889,moons
moons_060,0.011111111111111112,0.7338374686182804,0.098501234040481,0.0,0.36973457123731274,0.23365407246948083,0.3718001275012084,0.23424660373197154,1.0055865921787712,0.5258047828042549,0.5,0.0,,,1.7011817733018844,,,90.0,1.525398832211461,0.10935678056256791,-0.9823025608614987,0.11297192002948621,1.1669290798009486,1.1393729977148745,0.07807835085328596,2.018971139705436,0.013817580839972983,-1.295260195396016e-17,2.616820764472958e-18,0.030192034911978107,0.04244074498598415,-2.097932692099648,0.09420966110254461,2,0,0,2,0.0,1,180,0.0,2,0,,0.5385174303480856,4.116903831805084,0.08039208026257194,1.1669290798009486,1.0027894056973135,0.0,1.1456145992356381,-0.05755076093442869,0.062078514116122266,0.0,0.0,0.013977422793547179,0.011179352720609787,1.005586592178771,0.0,0.46148256965191436,1.7979589827658842,0.8886449600411576,0.20504414847198807,-0.7701770976786784,moons
moons_061,0.002849002849002849,0.8128873011952076,0.098501234040481,0.0,0.4436709665644485,0.23365407246948083,0.44430387807167315,0.23424660373197154,1.0014265335235382,0.6283405701839223,0.5,0.0,,,1.9215534804400372,,,351.0,1.5286796867947055,0.3779410140335701,-1.0680255897942645,0.24187529345841924,1.947989486237746,1.1360886407418225,0.28271366142760135,1.7959120707827252,0.08417670602830685,-2.4545101627040496e-16,0.0,0.008254651391622382,0.016052829399565396,-1.8188120729865755,0.05021952894415769,2,0,0,2,0.0,1,702,0.0,2,0,,0.6607857644444282,3.6147241437693007,0.13439623497246422,1.947989486237746,1.0007130125683077,0.0,1.1456145992356381,-0.012162601177391133,0.006913911932808306,0.0,0.0,0.0035802338328629816,0.0015406399348145486,1.0014265335235382,2.220446049250313e-16,0.33921423555557184,1.782907602982945,0.909366050234867,0.0929492084481711,-0.8928174939098956,moons
moons_062,0.0057306590257879654,0.8117776061462841,0.098501234040481,0.0,0.45035005047343807,0.23365407246948083,0.45164415981387923,0.23424660373197154,1.0028735632183912,0.6387212961753894,0.5,0.002026093928901278,,,1.9239599510298144,,,174.5,1.5484694402921018,0.43027184311079003,-1.0904938544301366,0.26067838950967465,1.9324041133106702,1.14871762547082,0.3092048502622631,1.7265884250743042,0.041873919833122504,3.23205327512653e-16,4.930720156783431e-16,-0.006574277662743067,0.00028256960424401126,-1.7816494213135696,0.05888057345570696,2,0,0,2,0.0,1,349,0.0,2,0,,0.6589828818405916,3.508237846387874,0.10075449328882946,1.9324041133106702,1.0014357509188452,2.220446049250313e-16,1.1456145992356381,-0.008444798749317124,0.012510473658599171,0.0,0.0,0.004565789645176284,0.0004932251346741752,1.0028735632183912,4.965068306494546e-16,0.34101711815940844,1.7837676329861634,0.9108607381946511,0.08728768053858658,-0.8988938172136707,moons
moons_063,0.005934718100890208,0.7591899629028642,0.098501234040481,0.0,0.3968210406160944,0.23365407246948083,0.398002055617928,0.23424660373197154,1.0029761904761905,0.5628599049072447,0.5,0.002098239706785001,,,1.7804138947436985,,,168.5,1.5723308300213765,0.11906596007858772,-0.823315050297371,0.09586265716309422,1.3605471357896788,1.1598429949910551,0.10217190912643985,2.389800367844603,0.13461970140269772,1.449549349658958e-16,2.7208723913095686e-16,-0.03446629956403393,0.032853437660277596,-2.176478023742286,0.13699481174660721,2,0,0,2,0.0,1,337,0.0,2,0,,0.5763693997724524,4.566278391586889,0.002375110343909804,1.3605471357896788,1.0014869896689573,4.965068306494546e-16,1.1456145992356381,0.04683962279686138,0.015172028100343076,0.0,0.0,-0.011806490064864283,0.0011774419306026435,1.0029761904761902,8.005932084973442e-16,0.4236306002275476,1.7902735120441753,0.8982346653173519,0.3268084905391997,-0.5917280336197464,moons
moons_064,0.004830917874396135,0.8166566552545598,0.098501234040481,0.0,0.4468266024513673,0.23365407246948083,0.44790850705778734,0.23424660373197154,1.002421307506054,0.633438285383408,0.5,0.0,,,1.9316644937004046,,,207.0,1.5323002097237226,0.4059136481416018,-1.0724997824025702,0.2680269690411092,2.0023546798670293,1.1304962870737476,0.29086548164121684,1.7723693001587617,0.056995383232623174,8.152362306426271e-17,2.487875973180088e-16,0.004258389954069564,0.010346154085584576,-1.8029785863403254,0.04100310489147868,2,0,0,2,0.0,1,414,0.0,2,0,,0.6669280925715649,3.5753478864990873,0.09799848812410186,2.0023546798670293,1.0012099217976487,2.220446049250313e-16,1.1456145992356381,-0.007823715106846464,0.006691152634884596,0.0,0.0,0.002739358711659804,0.0005538107729480021,1.002421307506054,2.220446049250313e-16,0.33307190742843507,1.783497044383714,0.9103974531482237,0.0927077420953026,-0.8828121381064551,moons
moons_065,0.005,0.8154544499242081,0.098501234040481,0.0,0.4435618775188673,0.23365407246948083,0.44467356142242354,0.23424660373197154,1.0025062656641608,0.6288633813923367,0.5,0.0,,,1.9272623731973406,,,200.0,1.5533980084233179,0.3766529972270127,-1.064971477856636,0.24738623533369822,1.9847713375783649,1.1490092550787556,0.26942757667811895,1.8542433229999449,0.0025601295147834303,-2.020605904817785e-16,2.8575682748044706e-16,0.000633985896274461,0.02457011387056025,-1.8490744102785595,0.010165432947403208,2,0,0,2,0.0,1,400,0.0,2,0,,0.6649659599011929,3.703317733278504,0.007605303432619935,1.9847713375783649,1.001252348643518,3.1401849173675503e-16,1.1456145992356381,0.002214611299967413,0.014402537422657614,0.0,0.0,0.0006761221011979696,0.002749197900960246,1.002506265664161,6.280369834735101e-16,0.33503404009880716,1.7845119594741277,0.9085934894937631,0.1043021515561373,-0.8811523013959404,moons
moons_066,0.002044989775051125,0.8113161777554974,0.098501234040481,0.0,0.4341221287035527,0.23365407246948083,0.4345664706981314,0.23424660373197154,1.0010235414534283,0.6145697966139076,0.5,0.0,,,1.9122992484719497,,,489.0,1.5494094375896714,0.37408584870670913,-1.0388647080912743,0.25929574407593037,1.9259780823235246,1.154307234211138,0.2676515366792023,1.9956326862256168,0.07979850729190302,1.5620315765687273e-16,3.6474949551426755e-16,0.012934580058346405,0.019100517232273285,-1.929098740806643,0.07159785594843966,2,0,0,2,0.0,1,978,0.0,2,0,,0.6582339402877898,3.9247314270322597,0.008200651343463355,1.9259780823235246,1.000511639839052,2.220446049250313e-16,1.1456145992356381,-0.003340402279971606,0.00044049037972076035,0.0,0.0,0.00012300870032017717,8.46743309529592e-05,1.0010235414534283,3.1401849173675503e-16,0.3417660597122102,1.7841094832997701,0.9061167239453979,0.12096929000848734,-0.8738844753568724,moons
moons_067,0.002004008016032064,0.8177938510192438,0.098501234040481,0.0,0.44994825606800903,0.23365407246948083,0.4503995582305645,0.23424660373197154,1.0010030090270807,0.6369611637365147,0.5,0.0,,,1.9360334222066162,,,499.0,1.5475842651688725,0.4127969063706545,-1.0830688368684038,0.26853047795058144,2.0192031838214377,1.147507481655678,0.30309540420215864,1.7703586515696625,0.08511426363803667,2.042454381975739e-16,6.878200630626718e-16,0.017781786492977923,0.008443299875378613,-1.7853055853095192,0.1134608398810895,2,0,0,2,0.0,1,998,0.0,2,0,,0.6687867827648852,3.5556642368791818,0.19857510351912602,2.0192031838214377,1.0005013788231785,8.005932084973442e-16,1.1456145992356381,-0.009614337520304828,0.004839299574688506,0.0,0.0,0.0017563187397685689,0.0012988591684421264,1.001003009027081,1.5700924586837751e-15,0.33121321723511477,1.7807506609887744,0.9126549838226754,0.07941293612261331,-0.8991692187492548,moons
moons_068,0.0036363636363636364,0.8150499004252869,0.098501234040481,0.0,0.4458471104106861,0.23365407246948083,0.44665921807992226,0.23424660373197154,1.0018214936247722,0.631671523967588,0.5,0.0,,,1.9283312601470233,,,275.0,1.546221600145362,0.436106559721461,-1.0825984241538489,0.27613295937844434,1.9789064248217985,1.1435675448255544,0.32070398767980973,1.7493610228532765,0.1291293502134643,2.567643067860362e-16,6.234694417755208e-16,0.004470867652720792,0.015704488185136617,-1.7568117269497314,0.10264200130798792,2,0,0,2,0.0,1,550,0.0,2,0,,0.6643063401832701,3.5061727498030084,0.23177135152145223,1.9789064248217985,1.0009103324597926,6.280369834735101e-16,1.1456145992356381,2.0637060055111057e-05,0.0105202715317704,0.0,0.0,-0.0013402179343679679,0.0018021268436341858,1.0018214936247722,1.2560739669470201e-15,0.33569365981672994,1.7822733930391226,0.9114754670115386,0.07818036148037086,-0.9052493786557267,moons
moons_069,0.00315955766192733,0.7874086727748845,0.098501234040481,0.0,0.3890777419289083,0.23365407246948083,0.38969337126740305,0.23424660373197154,1.0015822784810116,0.5511096508132552,0.5,0.001117072324149402,,,1.8388690687275602,,,316.5,1.5508212843126263,0.23374631692936398,-0.9746593939002228,0.2028122891326194,1.6316649471393556,1.1573020110802306,0.17445709914828406,2.2368919421057054,0.2384311229109104,2.8413290677610644e-16,2.4803988288843175e-17,0.005992052502216556,0.0022451910534907913,-2.0797419319507813,0.066382873219693,2,0,0,2,0.0,1,633,0.0,2,0,,0.6200124179611051,4.316633874056487,0.3048139961306034,1.6316649471393556,1.0007908265371999,4.965068306494546e-16,1.1456145992356381,-0.0036651757687959337,0.00850159991142988,0.0,0.0,0.0041820116309488255,0.0008814708526276967,1.001582278481012,1.1102230246251565e-15,0.37998758203889493,1.7906698708254924,0.8943324480537777,0.20784326509501158,-0.7647793187074838,moons
moons_070,0.0049261083743842365,0.7469005725297491,0.098501234040481,0.0,0.3410570532098549,0.23365407246948083,0.34189916939062004,0.23424660373197154,1.0024691358024693,0.483518442316311,0.5,0.0,,,1.7229605428597907,,,203.0,1.5068782241645033,0.05244262270464668,-0.7013482189273954,0.006201545104700698,1.2617294347014847,1.123149057126375,0.03839205445123346,2.186724802960188,0.1446875339746952,-1.4766513135408485e-16,2.459553703750938e-16,0.03632691169015215,0.05411525824022745,-2.685876183080187,0.511000293987977,2,0,0,2,0.0,1,406,0.0,2,1,,0.5578604652452669,4.872600986040375,0.3663127600132818,1.2617294347014847,1.001233806761672,0.0,1.1456145992356381,-0.11871725767396737,0.1419896573340373,0.0,0.0,0.024274527005264737,0.022123221438456665,1.002469135802469,0.0,0.4421395347547331,1.790816176836559,0.8960211850120315,0.3106611775490678,-0.5874301371426189,moons
moons_071,0.00851063829787234,0.8090191024111958,0.098501234040481,0.0,0.4469371731626852,0.23365407246948083,0.44884716108218387,0.23424660373197154,1.0042735042735043,0.6347657426350855,0.5,0.003008965026325699,,,1.9164408736659435,,,117.5,1.6020356697425258,0.40987461822682547,-1.0962670122209575,0.23631497251066205,1.8944557666307702,1.1802943170886957,0.29306369811725114,1.7917084193310302,0.11228744615415005,-8.881784197001252e-17,2.431972999833592e-16,-0.026170819068327883,0.00667734699385864,-1.7617098015059445,0.008593822414332675,2,0,0,2,0.0,1,235,0.0,2,0,,0.654511908066217,3.5534182208369747,0.12088126856848272,1.8944557666307702,1.0021344741468103,0.0,1.1456145992356381,0.029956833800239738,0.0162072170607375,0.0,0.0,-0.006348795740606043,0.0046144767898508516,1.0042735042735043,2.220446049250313e-16,0.34548809193378305,1.7875018089552352,0.9066042687279703,0.09913512029584592,-0.9057742497314849,moons
moons_072,0.012345679012345678,0.7965002325150308,0.098501234040481,0.0,0.3794584043926294,0.23365407246948083,0.3818152888919624,0.23424660373197154,1.0062111801242235,0.5399683598724146,0.5,0.0,,,1.856598745505602,,,81.0,1.5736749075105148,0.27510843691404746,-1.0449636907572497,0.22589952987866718,1.7353241818263823,1.155813616790657,0.21510604215101933,1.883939306449442,0.03650067932620644,-2.2615654205327265e-16,1.9577696089760652e-16,0.009489790709870348,0.03500120601799677,-1.9407170123926227,0.05670477386321057,2,0,0,2,0.0,1,162,0.0,2,0,,0.634412620396498,3.824656318842065,0.02020409453700429,1.7353241818263823,1.0031007826356348,2.220446049250313e-16,1.1456145992356381,-0.041936336781080386,0.003162605332684512,0.0,0.0,0.013652395892809529,0.0006268410258322772,1.0062111801242235,2.220446049250313e-16,0.36558737960350196,1.7981543293523927,0.8896548366238116,0.1593780530181505,-0.8253856207661929,moons
moons_073,0.002152852529601722,0.7558220527354357,0.098501234040481,0.0,0.38096045619463276,0.23365407246948083,0.38137097392760133,0.23424660373197154,1.0010775862068972,0.5393400036238497,0.5,0.0007611483112879994,,,1.767224143361493,,,464.5,1.5360302765710698,0.049231849357692765,-0.8084142155343177,0.01813460451448561,1.3324538643501944,1.148565354980621,0.05082959575810114,2.299699572341823,0.3366922866195843,-4.627323521365561e-16,4.813372790453597e-16,0.020265471698030897,0.017268047588177772,-2.3268052388599445,0.1475538932354726,2,0,0,2,0.0,1,929,0.0,2,0,,0.5712669754012077,4.626504811201768,0.4842461798550566,1.3324538643501944,1.000538648032597,0.0,1.1456145992356381,-0.0068920373709873955,0.03299350696811217,0.0,0.0,0.0015401263214378715,0.003776979143477892,1.0010775862068972,2.220446049250313e-16,0.42873302459879226,1.787706641023749,0.8991191859076146,0.3065069894801427,-0.6211087486425937,moons
moons_074,0.002105263157894737,0.7556704953639836,0.098501234040481,0.0,0.35621872831054757,0.23365407246948083,0.35659409051108565,0.23424660373197154,1.0010537407797686,0.5043001990628763,0.5,0.0,,,1.7476559458875758,,,475.0,1.5348862272316746,0.12139689997933507,-0.7787403028103408,0.020044934574730347,1.3312082683303648,1.1411872455908008,0.0831530319875402,2.4790397169866383,0.13465546935637293,2.7767262173782863e-16,3.76822190084106e-16,0.013548283226036947,0.02526929242719589,-2.4529056614210374,0.001149344659013422,2,0,0,2,0.0,1,950,0.0,2,0,,0.5710378975636483,4.9319453784076766,0.1335061246973595,1.3312082683303648,1.0005267316667599,2.220446049250313e-16,1.1456145992356381,-0.03075795852155355,0.06259760732501243,0.0,0.0,0.006448625978990308,0.006069698585743663,1.0010537407797688,2.220446049250313e-16,0.4289621024363517,1.7895402308901445,0.8954109252989506,0.3174967653207942,-0.5536423575817189,moons
moons_075,0.002280501710376283,0.8162122358085927,0.098501234040481,0.0,0.4464537031589786,0.23365407246948083,0.44696335350505056,0.23424660373197154,1.0011415525114156,0.6321016364106026,0.5,0.0008062791119572629,,,1.9307374557526897,,,438.5,1.5422311138650655,0.40490628899916553,-1.0687520385810705,0.2609643642415502,1.9958275361867677,1.1444712360809552,0.3004107893028218,1.7733037300175543,0.08195155617027268,9.215990443866753e-17,6.831782009506597e-16,-0.0023316305195281435,0.0011053182710176676,-1.8262013606738159,0.019216652590219308,2,0,0,2,0.0,1,877,0.0,2,0,,0.6662024138836617,3.5995050906913697,0.06273490358005337,1.9958275361867677,1.0005706134558499,6.280369834735101e-16,1.1456145992356381,0.001830440298030743,0.006666984764621524,0.0,0.0,-0.0005739459083553791,0.0027491359547455203,1.0011415525114156,1.2560739669470201e-15,0.3337975861163382,1.7814458369422892,0.9116013054436966,0.0840390366763161,-0.898387525913829,moons
moons_076,0.008888888888888889,0.8053257258234966,0.098501234040481,0.0,0.4245076025926914,0.23365407246948083,0.42640272581855154,0.23424660373197154,1.0044642857142856,0.6030245178854516,0.5,0.003142696805273565,,,1.8949590137188148,,,112.5,1.5318436023061124,0.20397707338973753,-1.037539253649307,0.18805085275931374,1.8453511097686615,1.1356708256940693,0.1437404201140344,1.901451051636307,0.02893909143967856,7.697546304067752e-17,1.3118994765891098e-16,0.013659232936875109,0.07472956702205318,-1.9533014884830435,0.04753029793959691,2,0,0,2,0.0,1,225,0.0,2,0,,0.6485495246731416,3.8547525401193505,0.018591206499918196,1.8453511097686615,1.0022296571715916,6.280369834735101e-16,1.1456145992356381,-0.005511721957162657,0.0022421660199527823,0.0,0.0,-0.0001739359209823311,0.00018131932850836032,1.004464285714286,1.2560739669470201e-15,0.35145047532685836,1.7904449080287743,0.9012015169599847,0.12320665984740362,-0.8743344622393909,moons
moons_077,0.012345679012345678,0.7935811870898628,0.098501234040481,0.0,0.4175448301339284,0.23365407246948083,0.4201382762838286,0.23424660373197154,1.0062111801242235,0.5941652483926447,0.5,0.0,,,1.8626026606178316,,,81.0,1.533058477548531,0.4409553166946118,-1.059263492605139,0.26241238021975805,1.701031716752797,1.1386091109076457,0.3123685471085614,1.760708105053268,0.07614281070426496,3.563678844475811e-17,1.0467283057891834e-16,-0.025610452641824114,0.008120187439881913,-1.8591604028978121,0.1972265359105089,2,0,0,2,0.0,1,162,0.0,2,0,,0.6297711005029558,3.6198685079510797,0.2733693466147737,1.701031716752797,1.0031007826356353,2.220446049250313e-16,1.1456145992356381,0.0006319109160090406,0.024274104985673853,0.0,0.0,-0.0031320653688914797,0.0010920286722402332,1.0062111801242237,3.1401849173675503e-16,0.3702288994970442,1.7947979730382577,0.8964066914490637,0.14338458425407355,-0.8368546176041667,moons
moons_078,0.002285714285714286,0.8164151354541924,0.098501234040481,0.0,0.44506648077865996,0.23365407246948083,0.44557571016170183,0.23424660373197154,1.001144164759725,0.6301392123747019,0.5,0.0008081220356417469,,,1.930725482190401,,,437.5,1.5473617981598156,0.4312171052554219,-1.08065521967018,0.26683686681804636,1.9988035379523799,1.1457087216172934,0.3126789776505454,1.801002892848142,0.013140666222221693,-1.6850013448025234e-16,1.8661670366070012e-16,0.002989061540941149,0.0023548244180458676,-1.7606816760078803,0.1171724961327704,2,0,0,2,0.0,1,875,0.0,2,0,,0.6665336733986874,3.5616845688560224,0.10403182991054856,1.9988035379523799,1.0005719188342859,8.005932084973442e-16,1.1456145992356381,-0.011986164759450588,0.007198959050257185,0.0,0.0,0.0030841302925701695,0.003153612092492073,1.001144164759725,1.5700924586837751e-15,0.3334663266013126,1.7813918515478668,0.9117125261165187,0.07827539436281974,-0.8983213191229047,moons
moons_079,0.0044943820224719105,0.7931188384534085,0.098501234040481,0.0,0.44780884399211174,0.23365407246948083,0.4488174224695713,0.23424660373197154,1.002252252252252,0.6347236858858029,0.5,0.0015890040026664263,,,1.8833018053623929,,,222.5,1.5772794740369882,0.3510856996958471,-1.0417927158859248,0.21976812140545354,1.6956902063982584,1.1643669129969294,0.24740420646949662,1.9279198870966454,0.06270973506522384,4.70035995144673e-16,9.1735739159052e-17,0.0048168964257480455,0.001705148258424405,-1.907211886822012,0.04266369194064055,2,0,0,2,0.0,1,445,0.0,2,0,,0.6290374919096838,3.8351317739186577,0.10537342700586455,1.6956902063982584,1.0011254927591504,0.0,1.1456145992356381,0.02230343678709921,0.0017052058169199948,0.0,0.0,-0.00791353166520669,0.002945604277194894,1.002252252252252,0.0,0.37096250809031617,1.7847082686307165,0.9076482825908714,0.15692163888884422,-0.8661101566829399,moons
moons_080,0.011627906976744186,0.8085950600072143,0.098501234040481,0.0,0.442583649214516,0.23365407246948083,0.44517185768945444,0.23424660373197154,1.0058479532163738,0.629568078731252,0.5,0.0,,,1.9150345231875607,,,86.0,1.530303584820655,0.4025697071917919,-1.1073550767643152,0.25214897022091437,1.8887204597218248,1.1392104899862863,0.29208310765531564,1.6879873012033952,0.08921422531716595,-1.7815206674217628e-16,2.1543129084265752e-16,-0.006889282280191508,0.014374936210419758,-1.684619845982989,0.14910143934630532,2,0,0,2,0.0,1,172,0.0,2,0,,0.6538259710680704,3.3726071471863843,0.23831566466347145,1.8887204597218248,1.0029197142425579,2.220446049250313e-16,1.1456145992356381,0.015410659094590735,0.005213529935190556,0.0,0.0,-0.0045257292408235165,0.002143484239316092,1.005847953216374,3.1401849173675503e-16,0.3461740289319296,1.7894194142007842,0.9062946391471253,0.07612385672503662,-0.9144306731753469,moons
moons_081,0.0027816411682892906,0.8121333845040928,0.098501234040481,0.0,0.45095259705245816,0.23365407246948083,0.4515806647363755,0.23424660373197154,1.0013927576601676,0.63863150057564,0.5,0.0009834586664625076,,,1.9230661034258636,,,359.5,1.5299630610999797,0.362787754883187,-1.0535189914843124,0.2345946005673696,1.9373806337780022,1.1433152537693343,0.2549266075836052,1.8502761318589491,0.028579692616312092,-1.210590891941756e-16,1.2927604110442208e-16,-0.004580763702502253,0.010077524268271036,-1.889851534103787,0.008511567774105014,2,0,0,2,0.0,1,719,0.0,2,0,,0.6595606342260726,3.740127665962736,0.020068124842206922,1.9373806337780022,1.0006961365270517,3.1401849173675503e-16,1.1456145992356381,-0.022634232214254892,0.003116537983772427,0.0,0.0,0.00561775544188253,0.0005389527234138579,1.0013927576601676,4.965068306494546e-16,0.3404393657739274,1.7825462583840936,0.9099999271217206,0.11705912862952135,-0.8854777127525688,moons
moons_082,0.002320185614849188,0.7259477833377755,0.098501234040481,0.0,0.369097520572527,0.23365407246948083,0.3695262052654101,0.23424660373197154,1.0011614401858298,0.5225889711386069,0.5,0.0,,,1.69003994976998,,,431.0,1.4880106295450708,0.0317774160100619,-0.7266587078527036,0.08941119004484503,1.1141657278810593,1.1024401365408585,0.018151624159119927,2.414902602270792,0.2122772839419822,-1.9370944652392522e-16,1.457162374648515e-16,-0.028890567459719418,0.03191902872913671,-2.44223894284759,0.03117082529764617,2,0,0,2,0.0,1,862,0.0,2,0,,0.5270001841330298,4.857141545118383,0.24344810923962837,1.1141657278810593,1.0005805515728508,8.005932084973442e-16,1.1456145992356381,0.026245087742252274,0.029753396536702004,0.0,0.0,-0.006076375965087675,0.004609174976939059,1.0011614401858302,1.5700924586837751e-15,0.4729998158669702,1.787171934017049,0.9003678353901141,0.37033084096869207,-0.4424293412666498,moons
moons_083,0.003215434083601286,0.7772106118066183,0.098501234040481,0.0,0.3723792504633957,0.23365407246948083,0.37297889498910175,0.23424660373197154,1.0016103059581325,0.5274718117725181,0.5,0.0,,,1.8097305641085388,,,311.0,1.545438836581737,0.10427859268365458,-0.7704944870744255,0.03902771728444917,1.5256118197136186,1.1561408478094943,0.07314864793287713,2.4415466705126088,0.10940849989683205,-1.2066089463771798e-16,1.1409675101689171e-16,0.0046840613874710455,0.027050775653167446,-2.2629194389396754,0.026874352883085578,2,0,0,2,0.0,1,622,0.0,2,0,,0.6040563351048179,4.704466109452285,0.13628285277991795,1.5256118197136186,1.0008048291041227,0.0,1.1456145992356381,0.04184705762811629,0.0228727903079419,0.0,0.0,-0.004093253472743691,0.003583922415201596,1.0016103059581325,0.0,0.39594366489518207,1.7882115690286933,0.8993000657313832,0.30952922831082536,-0.6051131238369964,moons
moons_084,0.0024479804161566705,0.7674142821015246,0.098501234040481,0.0,0.3876231255637488,0.23365407246948083,0.38809815390390057,0.23424660373197154,1.0012254901960786,0.5488536727828568,0.5,0.0008654917762381278,,,1.7926709848290932,,,408.5,1.4699486277107816,0.15653192335796703,-0.7717337913022577,0.08072882711790048,1.4326442193327136,1.0899234090808814,0.11333613819292672,2.455407235215662,0.3930846892040707,-1.4676142797982485e-16,2.3830044660561575e-16,-0.00025487024850210857,0.03590005163971455,-2.4029511074836707,0.25872358675890206,2,0,0,2,0.0,1,817,0.0,2,0,,0.5889246803733984,4.858358342699333,0.6518082759629727,1.4326442193327136,1.0006125574847033,3.1401849173675503e-16,1.1456145992356381,-0.006874675431514453,0.00483012472054098,0.0,0.0,0.002524391516218252,0.004979243662782601,1.0012254901960786,6.280369834735101e-16,0.4110753196266016,1.7867633894361108,0.9013204485393054,0.3019114285617373,-0.6211966095734476,moons
moons_085,0.002207505518763797,0.7437790846145722,0.098501234040481,0.0,0.3820425258356396,0.23365407246948083,0.382464672273027,0.23424660373197154,1.0011049723756904,0.5408867266570958,0.5,0.0,,,1.738353489106363,,,453.0,1.5213307489550127,0.06876167290835901,-0.7696046486139176,0.00890034090756462,1.2381745712986054,1.1193596932202783,0.048668003423885664,2.398492038393133,0.1664111316625273,1.941052175503585e-16,1.9132252476676465e-16,-0.013196760256222077,0.015978247735209228,-2.336169891780777,0.10220526206692318,2,0,0,2,0.0,1,906,0.0,2,0,,0.553207326710091,4.73466193017391,0.2686163937294508,1.2381745712986054,1.0005523336516138,0.0,1.1456145992356381,0.03299018299814347,0.017349856315588955,0.0,0.0,-0.007714695099274556,0.002793440494754285,1.0011049723756904,0.0,0.44679267328990907,1.7862310805822073,0.9021077631108605,0.33705115029353483,-0.5643356377182367,moons
moons_086,0.0023894862604540022,0.8157074928716216,0.098501234040481,0.0,0.447393217620887,0.23365407246948083,0.4479283769721084,0.23424660373197154,1.0011961722488043,0.6334663856857241,0.5,0.000844810969159589,,,1.9304252115930005,,,418.5,1.5286011677312925,0.4062715914313858,-1.0738359554111634,0.267282309170563,1.9884530411540045,1.1444242554242388,0.3162258103455287,1.7758043070057146,0.11672533643917767,-2.652862663381497e-16,1.8308366065416539e-16,-0.003828740127806279,0.018015559056187513,-1.8382259578095952,0.02073666702340223,2,0,0,2,0.0,1,837,0.0,2,0,,0.6653787139269066,3.6140302648153098,0.1374620034625799,1.9884530411540045,1.000597907377786,0.0,1.1456145992356381,-0.009377139142335606,0.009624174953133835,0.0,0.0,0.0028548427723569373,0.004770637111116061,1.0011961722488043,0.0,0.3346212860730934,1.781132513028634,0.9123330861190552,0.07927932767133855,-0.903923695206664,moons
moons_087,0.0034904013961605585,0.7480926955626809,0.098501234040481,0.0,0.37551919430558967,0.23365407246948083,0.37617569639353676,0.23424660373197154,1.0017482517482525,0.5319927716748836,0.5,0.0012340432481440502,,,1.743133540183736,,,286.5,1.5029656426044755,0.014690458204292012,-0.7685585335635401,0.006191333228239001,1.2708831151509858,1.11272577066162,0.012087788611071197,2.328818353846426,0.2631591358363089,2.433577868986381e-16,7.869643178603494e-16,0.0038936940272000812,0.022858910581402662,-2.355279829914163,0.1402115877375593,2,0,0,2,0.0,1,573,0.0,2,0,,0.559642681154238,4.6840981837605895,0.1229475480987496,1.2708831151509858,1.0008737441596978,2.220446049250313e-16,1.1456145992356381,-0.048205663004861295,0.06322641214348168,0.0,0.0,0.0096463479157405,0.00856157837168285,1.0017482517482523,3.1401849173675503e-16,0.440357318845762,1.7871615878568539,0.9016908926466872,0.347911769907177,-0.5652906158342041,moons
moons_088,0.0020942408376963353,0.7890397827780622,0.098501234040481,0.0,0.43272558975722486,0.23365407246948083,0.4331791805221699,0.23424660373197154,1.001048218029351,0.612607872032116,0.5,0.0007404259488864536,,,1.8646828607902506,,,477.5,1.5158712121671232,0.22696811137968836,-0.9328260135557228,0.17086074963053607,1.6495946486814488,1.1228226093652816,0.17218568996373979,2.140381015060714,0.02177188220387811,-3.655016952273814e-16,1.0956121617454112e-15,-0.003718795047939827,0.016073917896556666,-2.161602924184072,0.08446340436309958,2,0,0,2,0.0,1,955,0.0,2,0,,0.6225837788064515,4.301983939244786,0.10623528656697769,1.6495946486814488,1.0005239717414827,4.965068306494546e-16,1.1456145992356381,-0.008050858380941956,0.03137938546870164,0.0,0.0,0.0013012116001241583,0.008085150356365443,1.001048218029351,8.005932084973442e-16,0.37741622119354845,1.7851623204056273,0.9040953278949081,0.22693068621683637,-0.7738084478539191,moons
moons_089,0.0024906600249066002,0.7833680986240628,0.098501234040481,0.0,0.4102049267957818,0.23365407246948083,0.4107164042606148,0.23424660373197154,1.0012468827930183,0.5808407091944724,0.5,0.0008805812966208597,,,1.839541045413065,,,401.5,1.5177764435489904,0.23231581532279438,-0.8928346153030096,0.12342496816913162,1.5884310144374316,1.129402640252931,0.16647336812532204,2.2407502237492993,0.13376182379344556,-1.6535824874865347e-16,2.893819226465737e-17,-0.010994969769588955,0.0048168387108749496,-2.2727572072803697,0.1775824508798132,2,0,0,2,0.0,1,803,0.0,2,0,,0.6136655779418794,4.513507431029669,0.043820627086367955,1.5884310144374316,1.0006232471779866,3.1401849173675503e-16,1.1456145992356381,0.009715030307339792,0.0017816290033196235,0.0,0.0,-0.004584125564607744,0.00034507927250687463,1.001246882793018,6.280369834735101e-16,0.3863344220581206,1.7875827795211217,0.8997418171517945,0.24666607622403644,-0.716188410194416,moons
moons_090,0.015625,0.792796816427636,0.098501234040481,0.0,0.3561841457334687,0.23365407246948083,0.35898874530617325,0.23424660373197154,1.0078740157480317,0.507686752351291,0.5,0.0,,,1.831739282540977,,,64.0,1.4627277075084608,0.08667742968150995,-0.8401475301447203,0.01038930861845135,1.691984183071801,1.0995047147506583,0.05973968020333962,2.097783368785478,0.15501778884041545,-2.0816681711721685e-17,1.2757001226805672e-16,-0.021571196078303552,0.006165870483294603,-2.0007584408602135,0.047509414089057005,2,0,0,2,0.0,1,128,1.0,2,0,,0.6285267921377947,4.098541809645692,0.2025272029294726,1.691984183071801,1.0039292882210535,2.220446049250313e-16,1.1456145992356381,0.061332041994219086,0.03700715832532396,0.0,0.0,-0.01691045409293741,0.006251173096260792,1.0078740157480315,2.220446049250313e-16,0.3714732078622053,1.8028759889212151,0.8838179855397127,0.2393771490180343,-0.6870386282710168,moons
moons_091,0.005390835579514825,0.8133849836217858,0.098501234040481,0.0,0.4487354034719314,0.23365407246948083,0.4499482018596934,0.23424660373197154,1.002702702702703,0.6363228494353654,0.5,0.001905948197268316,,,1.923678538037566,,,185.5,1.5411472021734025,0.336878522723914,-1.0604070551777425,0.22391716232987321,1.955040229394861,1.1433678601479265,0.25055315136893397,1.864834505792076,0.09337951944020428,5.02742501717052e-17,2.336094439874512e-16,0.027208109462625252,0.03376329742814439,-1.888061465698025,0.14304710343954055,2,0,0,2,0.0,1,371,0.0,2,0,,0.6615951315814127,3.7528959714901013,0.2364266228797447,1.955040229394861,1.0013504395079191,3.1401849173675503e-16,1.1456145992356381,-0.01688078604206967,0.013542253144535638,0.0,0.0,0.0038373558616089354,0.005209932880275077,1.002702702702703,6.280369834735101e-16,0.3384048684185873,1.7856942205388844,0.9067011423533315,0.11879666136218561,-0.8791463564253017,moons
moons_092,0.0025157232704402514,0.7435052888384063,0.098501234040481,0.0,0.3455378959674398,0.23365407246948083,0.3459730822344014,0.23424660373197154,1.001259445843829,0.4892798251119127,0.5,0.0008894424920585502,,,1.717074155507096,,,397.5,1.5006468292630988,0.07910110676333287,-0.7427739165807379,0.08096567651807371,1.2361365297545652,1.1121103206293927,0.0594255823037979,2.4286646722726015,0.1405367097675281,1.2624422820894861e-16,2.0539574302278312e-17,0.016119437217821067,0.027075873870931508,-2.421238237148287,0.09372172999163943,2,0,0,2,0.0,1,795,0.0,2,0,,0.5528001145306819,4.849902909420889,0.23425843975916755,1.2361365297545652,1.0006295247711958,2.220446049250313e-16,1.1456145992356381,-0.03711062425728578,0.0014232113335619601,0.0,0.0,0.0074417682194791125,0.005744967809499395,1.001259445843829,3.1401849173675503e-16,0.4471998854693181,1.7898859572083365,0.8951793359789465,0.2990642927329161,-0.6166687608667316,moons
moons_093,0.0057306590257879654,0.7881224230114063,0.098501234040481,0.0,0.37609396959240277,0.23365407246948083,0.37717469939008197,0.23424660373197154,1.0028735632183905,0.533405575261449,0.5,0.002026093928901278,,,1.8314345685483941,,,174.5,1.5227658843283989,0.26318479213793866,-0.8396699986018958,0.03765334884720039,1.6394762161234342,1.1154649301030695,0.17851102346313463,2.3111595831705922,0.47030903360298765,-9.925202970860998e-17,3.2391592270840065e-17,0.009140216808587997,0.021341943420411038,-2.1454704010342383,0.17720374514645248,2,0,0,2,0.0,1,349,0.0,2,0,,0.6211369536533701,4.456629984204831,0.6475127787494401,1.6394762161234342,1.0014357509188447,2.220446049250313e-16,1.1456145992356381,0.005101075250341425,0.03390274321428912,0.0,0.0,0.0008133563066364071,0.005540426521689247,1.0028735632183905,3.1401849173675503e-16,0.3788630463466299,1.7920436640061028,0.8944684226786009,0.24120702587277118,-0.659881612401255,moons
moons_094,0.0029282576866764276,0.7890587085218921,0.098501234040481,0.0,0.44720764625369724,0.23365407246948083,0.4478633759402859,0.23424660373197154,1.0014662756598232,0.6333744603449524,0.5,0.0010352954336552477,,,1.8729955627390675,,,341.5,1.5106775286145586,0.20943703840646308,-0.9561930145349796,0.13671051931025194,1.649804339930704,1.115868157430524,0.16093331035715244,2.198460683594636,0.16216578144331967,5.851834390410781e-17,2.7585811865600733e-17,-0.008948946887396428,0.013511700458206854,-2.2492325197141514,0.12201880984489803,2,0,0,2,0.0,1,683,0.0,2,0,,0.6226136454942363,4.447693203308788,0.2841845912882177,1.649804339930704,1.0007328692812199,9.42055475210265e-16,1.1456145992356381,-0.016562133976680566,0.02058445500292228,0.0,0.0,0.0035832187902278944,0.003301733869467362,1.0014662756598232,2.0471501066083613e-15,0.37738635450576374,1.7843450063252517,0.9066300243436848,0.23498936547337765,-0.7693467024522458,moons
moons_095,0.011834319526627219,0.7855319522525137,0.098501234040481,0.0,0.3826078633855149,0.23365407246948083,0.384885291143762,0.23424660373197154,1.005952380952381,0.5443099986934257,0.5,0.004184063794003262,,,1.827017583724286,,,84.5,1.5052319234812312,0.2889730146924845,-0.9766661444126672,0.1262171980281055,1.6113782052609387,1.1244661748212326,0.14798218057162058,1.95464407040203,0.21328035457848393,-6.832141690000964e-17,9.662107438054001e-17,-0.055452771479804416,0.06282529406221117,-1.8322672760657297,0.01922156055543269,2,0,0,2,0.0,1,169,0.0,2,0,,0.6170604480096454,3.78691134646776,0.1940587940230514,1.6113782052609387,1.0029717747535976,3.1401849173675503e-16,1.1456145992356381,-0.020349818283131094,0.0477174757739426,0.0,0.0,0.008392102353412626,0.010238953593572148,1.0059523809523812,6.280369834735101e-16,0.38293955199035457,1.7986027460558576,0.8881653481699525,0.16125785025972744,-0.8171636094006023,moons
moons_096,0.002290950744558992,0.8130072785923628,0.098501234040481,0.0,0.4351671610991464,0.23365407246948083,0.4356662060086635,0.23424660373197154,1.001146788990825,0.6161250572050826,0.5,0.0008099734034210138,,,1.9180045461433208,,,436.5,1.5277822600461963,0.3722006744937845,-1.0190285790070734,0.21916306363128812,1.9496857504508847,1.135206520801098,0.2770640246621749,2.012444097909488,0.045893445108042843,2.594335590189369e-16,9.078839325814084e-16,0.003785431610748694,0.0035045228285755913,-1.9030945559303731,0.004922549324433689,2,0,0,2,0.0,1,873,0.0,2,0,,0.6609808350441597,3.915538653839861,0.05081599443247669,1.9496857504508847,1.0005732301989818,2.220446049250313e-16,1.1456145992356381,-0.00792064966213847,0.008361728112542089,0.0,0.0,0.0033954946671484873,0.003305894654808703,1.001146788990825,4.965068306494546e-16,0.3390191649558402,1.7838603151421715,0.9068790062760154,0.12057630656661734,-0.8692116988159655,moons
moons_097,0.004819277108433735,0.8187698504916753,0.098501234040481,0.0,0.44429245966404457,0.23365407246948083,0.4453656298564696,0.23424660373197154,1.0024154589371976,0.6298421139578552,0.5,0.0017038717618953086,,,1.9359064921549987,,,207.5,1.537586702667428,0.4352132324758443,-1.0869520386436875,0.2807435792642206,2.0338339356272073,1.1338483864088633,0.3203779752865388,1.7126061499893974,0.1025521715541993,1.219907708985714e-16,9.08005277311099e-18,0.015243056674577055,0.0023358438880307893,-1.749593867807461,0.08110826144934195,2,0,0,2,0.0,1,415,0.0,2,0,,0.6703840680741603,3.4622000177968584,0.18366043300354123,2.0338339356272073,1.0012070010428402,6.280369834735101e-16,1.1456145992356381,0.0020582542321453314,0.007526965703343636,0.0,0.0,-0.0013539532385711958,0.0018727508290983315,1.0024154589371976,1.1102230246251565e-15,0.3296159319258397,1.783123360382502,0.9111163028982658,0.06607004586875531,-0.9150272969629105,moons
moons_098,0.008771929824561403,0.8111668017401433,0.098501234040481,0.0,0.41221306965551807,0.23365407246948083,0.41402898626193024,0.23424660373197154,1.0044052863436126,0.5855254075872054,0.5,0.0,,,1.8992774961377314,,,114.0,1.545685924541211,0.27029931174200966,-1.0006177695130092,0.1036291392086983,1.9239046240947235,1.1607436230115749,0.19512681780101337,1.9069956584596253,0.023018149880150586,-2.5320876000222867e-17,5.784551163571803e-17,-0.007754531684237856,0.04519183333901192,-2.0205466330665636,0.12644982473504293,2,0,0,2,0.0,1,228,0.0,2,0,,0.657991580245333,3.927542291526189,0.1494679746151932,1.9239046240947235,1.0022002226818814,3.1401849173675503e-16,1.1456145992356381,-0.03249364410382315,0.0038692501998168795,0.0,0.0,0.0056775882401844625,0.0011686685631537384,1.0044052863436126,4.965068306494546e-16,0.34200841975466695,1.793130810296622,0.8957137056780086,0.14237479535123027,-0.8262639194086625,moons
moons_099,0.0021645021645021645,0.8036390251682736,0.098501234040481,0.0,0.4234357668373846,0.23365407246948083,0.4238945271481511,0.23424660373197154,1.0010834236186352,0.5994773893086455,0.5,0.0,,,1.890395398705157,,,462.0,1.5259462148982,0.24790291820529894,-0.9796464105973536,0.16527019800345003,1.8235481423731936,1.1329944139475274,0.18302672250648927,2.117397017577337,0.04905823284284677,-1.9849441955419468e-16,4.28886727891542e-16,0.001824309855806931,0.0038090289095942076,-1.962549921342138,0.0323534753436906,2,0,0,2,0.0,1,924,0.0,2,0,,0.6458356827734131,4.079946938919475,0.01670475749915585,1.8235481423731936,1.0005415651629048,9.42055475210265e-16,1.1456145992356381,0.020521930497268047,0.051810207056691794,0.0,0.0,-0.003788738779539118,0.011325911335935338,1.0010834236186352,1.7342238036525468e-15,0.3541643172265869,1.7865680890935076,0.9013923438255466,0.17182891747700735,-0.827242088807445,moons
circles_000,0.006711409395973154,0.00205169786292969,0.098501234040481,0.0,0.0059992917936282,0.23365407246948083,0.0060194914292969835,0.23424660373197154,1.003367003367004,0.008512846417900467,0.5,0.0,,,0.004091782796041503,,,149.0,1.563999666866538,0.0037634578645714396,-0.9694911388303644,0.03437111654969261,4.2094818404130305e-06,1.1602355311386559,0.013676392060614816,1.9039164659306178,0.028201513716788293,-2.086325146946603e-17,1.686005324761101e-17,-0.01983612440615358,0.0228242042882902,-1.8700137231173972,0.027504487210961805,2,0,0,2,0.0,1,298,0.0,2,0,,4.2094641207502564e-06,3.7739301890480155,0.05570600092775025,4.2094818404130305e-06,1.0016820869752059,3.1401849173675503e-16,1.1456145992356381,-0.009371244984500518,0.007166167862645595,0.0,0.0,0.002128350930634672,1.1205107341124886e-05,1.003367003367004,4.965068306494546e-16,0.9999957905358793,1.812161070377879,0.8541312946350316,0.12901279760419515,-0.6846115563825603,circles
circles_001,0.0021953896816684962,0.010656587764551605,0.098501234040481,0.0,0.0015275520869004085,0.23365407246948083,0.001529230715567332,0.23424660373197154,1.001098901098901,0.002162658817952817,0.5,0.0007761874656274028,,,0.021315817958612076,,,455.5,1.497496071765156,0.012398505263264758,-0.7311561311338222,0.014764320960363427,0.00011357576077212708,1.1097820398377864,0.005540242294425224,2.5393914311339856,0.23509306634870783,-2.437372172612857e-17,1.2409073219015563e-17,-0.010542072811364569,0.019170583376318266,-2.3271644133824987,0.24890483407021144,2,0,0,2,0.0,1,911,0.0,2,0,,0.00011356286278359097,4.866555844516484,0.48399790041891927,0.00011357576077212708,1.000549299684379,4.965068306494546e-16,1.1456145992356381,0.014923961291936225,0.029554777267383234,0.0,0.0,-0.0005818547531386549,0.011364444665074823,1.001098901098901,1.1102230246251565e-15,0.9998864371372164,1.8042845023538512,0.8654207294497388,0.2860277938810139,-0.5113375799484179,circles
circles_002,0.0044943820224719105,0.012374967001305408,0.098501234040481,0.0,0.007123715685278505,0.23365407246948083,0.007139760089975079,0.23424660373197154,1.0022522522522526,0.010097145551333061,0.5,0.0015890040026664263,,,0.024834953168070734,,,222.5,1.5888023163686569,0.003660415861135355,-0.9603477117117485,0.004666144323987935,0.0001531632636762332,1.175722070929743,0.0022168748788306937,1.8961200264744553,0.015007950974204348,7.983626244495508e-18,3.387165753564998e-17,0.006891575246227354,0.026113474042139262,-1.8801643079008334,0.0036585592589446383,2,0,0,2,0.0,1,445,0.0,2,0,,0.00015313980828339776,3.7762843343752888,0.01866651023314883,0.0001531632636762332,1.0011254927591509,2.220446049250313e-16,1.1456145992356381,0.0021674375416990462,0.022497005816197506,0.0,0.0,-0.00175027244959958,0.006560197594094684,1.0022522522522523,2.220446049250313e-16,0.9998468601917166,1.810042937397817,0.8560102649999549,0.13067974075930655,-0.6787717357198959,circles
circles_003,0.003194888178913738,0.004735184380646829,0.098501234040481,0.0,0.0038904360802842768,0.23365407246948083,0.0038966607780127308,0.23424660373197154,1.0015999999999996,0.005510710520233023,0.5,0.0,,,0.009461013895654681,,,313.0,1.5412253134081388,0.008141076346049568,-0.8757513319575627,0.0034887155249237124,2.2422473874783322e-05,1.1436767797865954,0.0007165511896079742,2.206475711208478,0.20418735397726415,1.4188153669331073e-17,4.414317455724351e-17,-0.0043005047482894306,0.0013579355533208928,-2.1296694876540814,0.06997941010141749,2,0,0,2,0.0,1,626,0.0,2,0,,2.2421971118721694e-05,4.33614519886256,0.13420794387584695,2.2422473874783322e-05,1.0007996802557442,6.280369834735101e-16,1.1456145992356381,0.00591422969202215,0.03270477694078746,0.0,0.0,-0.0009982274958047926,0.004280799509858119,1.0015999999999998,1.2560739669470201e-15,0.9999775780288813,1.8083161506274923,0.858133264347542,0.21938268258241833,-0.6133166286535521,circles
circles_004,0.009259259259259259,0.014647206606304936,0.098501234040481,0.0,0.009574135415313356,0.23365407246948083,0.009618666277710169,0.23424660373197154,1.0046511627906984,0.013602848301878558,0.5,0.0,,,0.029375468988368722,,,108.0,1.5520055658495513,0.004864096165334202,-0.9484977591924857,0.027965902883376432,0.00021458669894009431,1.1637393977718027,0.011366112026549595,1.8777685594541365,0.05357929377348432,4.317533984653386e-17,2.907578627192176e-18,0.019035904650745387,0.014338702224487384,-1.892064434428503,0.01929757747666156,2,0,0,2,0.0,1,216,0.0,2,0,,0.00021454066136778296,3.7698329938826394,0.03428171629682291,0.00021458669894009431,1.0023228835014684,2.220446049250313e-16,1.1456145992356381,-0.015757387485208225,0.034750367151460036,0.0,0.0,0.004520649286187974,0.008934796886397943,1.0046511627906984,3.1401849173675503e-16,0.9997854593386322,1.8142542402964212,0.8526934987023468,0.15513240942908657,-0.6766698494223866,circles
circles_005,0.004901960784313725,0.015433640899822144,0.098501234040481,0.0,0.028261991605420683,0.23365407246948083,0.028331431388234983,0.23424660373197154,1.0024570024570023,0.04006669451068461,0.5,0.0,,,0.030476826364123404,,,204.0,1.5435858002371692,0.0009077294323316867,-0.6975888645625572,0.06822681526903966,0.00023825402288281953,1.143216923776663,0.0020926828348818154,2.5125677568730413,0.32320920117795704,3.047671047990626e-17,3.0786126640858335e-17,-0.004474022311786948,0.0015364228497000943,-2.3522318976792516,0.1835196220847273,2,0,0,2,0.0,1,408,0.0,2,0,,0.00023819727142466288,4.864799654552293,0.13968957909323035,0.00023825402288281953,1.0012277475464821,4.965068306494546e-16,1.1456145992356381,0.008760216486937356,0.08276060998394721,0.0,0.0,0.0023776396731402943,0.008337639500716471,1.0024570024570023,8.005932084973442e-16,0.9997618027285753,1.8040092256286102,0.8691252635120397,0.31959210981558817,-0.42388123385098364,circles
circles_006,0.0022346368715083797,0.011401680072106304,0.098501234040481,0.0,0.0012769264273231678,0.23365407246948083,0.0012783547566602175,0.23424660373197154,1.0011185682326613,0.0018078666343927996,0.5,0.0007900634426665719,,,0.022807080956306527,,,447.5,1.5295482609599707,0.011123951786090382,-0.8677417467316852,0.03906391579135539,0.0001300152102240701,1.1445625295750295,0.002508892103458333,2.1747032483026802,0.0375341042086709,-7.93902498055978e-18,2.526182279893448e-17,0.03174557482317491,0.015299059996813398,-2.2450222614356474,0.13737486934848972,2,0,0,2,0.0,1,895,0.0,2,0,,0.000129998308466666,4.419725509738328,0.17490897355716062,0.0001300152102240701,1.00055912780438,2.220446049250313e-16,1.1456145992356381,-0.029456804750570345,0.013074936933089148,0.0,0.0,0.0063769862914354394,0.004382320758863765,1.0011185682326618,4.965068306494546e-16,0.9998700016915333,1.8075135523741626,0.8587019453304982,0.21990976589744388,-0.6152934165593096,circles
circles_007,0.0030721966205837174,0.005033163097311972,0.098501234040481,0.0,0.000629491921743092,0.23365407246948083,0.0006304603708534656,0.23424660373197154,1.001538461538461,0.000891605606999889,0.5,0.001086185531776592,,,0.010063187213237264,,,325.5,1.565869616518829,0.007756889492601002,-0.9477219353675559,0.025954714080531287,2.533337252764863e-05,1.1623321802443236,0.007177965618261987,1.8725205355661894,0.014945118116949901,-1.8418446491477252e-17,1.8329804433174638e-17,-0.0034914911238835616,0.0021024760330791404,-1.9622479547031295,0.08660384911950092,2,0,0,2,0.0,1,651,0.0,2,0,,2.5332730764143043e-05,3.834768490269319,0.10154896723645114,2.533337252764863e-05,1.0007689351386069,6.280369834735101e-16,1.1456145992356381,-0.0029919300026349516,0.0049897446707616155,0.0,0.0,0.0006785383222151717,0.002704640270142557,1.0015384615384613,1.1102230246251565e-15,0.9999746672692359,1.8086492335147086,0.8572874641918545,0.13553859623079556,-0.6709309387766367,circles
circles_008,0.003418803418803419,0.006641594422297168,0.098501234040481,0.0,0.010680218021678853,0.23365407246948083,0.01069850606623652,0.23424660373197154,1.0017123287671228,0.015129972376002429,0.5,0.0012087295404898206,,,0.01334488432676483,,,292.5,1.6002297141286823,0.04220759916386158,-0.9693560579977529,0.03505783187019205,4.411272231672247e-05,1.182029884959481,0.030025783544380274,1.976315025125178,0.04673188587680854,1.5182537088891037e-18,5.367837465585556e-17,-0.009702021954576336,0.009482697649428468,-1.9395808540863868,0.011925491982291756,2,0,0,2,0.0,1,585,0.0,2,0,,4.411077647028886e-05,3.915895879211565,0.034806393894516945,4.411272231672247e-05,1.0008557981882922,3.1401849173675503e-16,1.1456145992356381,0.0024052021043890455,0.01450560223055062,0.0,0.0,-0.0006549124018280336,0.00405254643429359,1.0017123287671232,6.280369834735101e-16,0.9999558892235297,1.8097077297358342,0.8554573326606452,0.14147560366896855,-0.6826273310890283,circles
circles_009,0.0029717682020802376,0.0028088324217751055,0.098501234040481,0.0,0.004066735438723754,0.23365407246948083,0.004072787128364713,0.23424660373197154,1.0014880952380958,0.005759790793592129,0.5,0.0010506787239027416,,,0.005629082206892567,,,336.5,1.5207886762111777,0.020515781176924538,-0.9295933967339702,0.016503309046128747,7.889601818940775e-06,1.124823706553118,0.020604896043432432,1.9433957286674195,0.026102803263926146,-2.177554817986934e-17,9.331901686084854e-19,0.009366896647741159,0.012761980255215254,-1.9940526725538503,0.019789430270733602,2,0,0,2,0.0,1,673,0.0,2,0,,7.889539573615004e-06,3.93744840122127,0.045892233534659745,7.889601818940775e-06,1.0007437710213818,2.220446049250313e-16,1.1456145992356381,-0.006370978244796894,0.0030592572650293593,0.0,0.0,-0.0007690040642548662,0.0006252127585750189,1.0014880952380958,3.1401849173675503e-16,0.9999921104604264,1.8088501963012442,0.8567457897727498,0.1704850042746224,-0.6619613461347194,circles
circles_010,0.0027397260273972603,0.01981547143302041,0.098501234040481,0.0,0.006228752197351523,0.23365407246948083,0.006237296439048847,0.23424660373197154,1.0013717421124821,0.008820869216644617,0.5,0.0,,,0.03951627580539577,,,365.0,1.435184758015895,0.03897700134679548,-0.526192973279429,0.04709372084955749,0.00039280714498065206,1.0653703338167442,0.04481322786632801,2.578631469824556,0.1380820086544153,1.9466924267400005e-17,3.4412985395808765e-17,0.003479379717659335,0.0013502198665818193,-2.8842240498350313,0.19539255403110253,2,0,0,2,0.0,1,730,0.0,2,1,,0.0003926529081128479,5.462855519659587,0.33347456268551817,0.00039280714498065206,1.0006856360078735,0.0,1.1456145992356381,-0.017767513329936487,0.03495728609408503,0.0,0.0,0.002101869243258132,0.00967484209045384,1.0013717421124821,0.0,0.9996073470918871,1.799189505928319,0.8765866130664673,0.3628725674200373,-0.32762396297145857,circles
circles_011,0.0021164021164021165,0.006336393877150394,0.098501234040481,0.0,0.0009504495735151345,0.23365407246948083,0.0009514564056904682,0.23424660373197154,1.0010593220338984,0.0013455625529342605,0.5,0.000748261144112733,,,0.012671991388223036,,,472.5,1.5521077794158118,0.005457312888995932,-0.9338238262191589,0.008817878034515308,4.0151499444569295e-05,1.156882720203447,0.004498739554787002,1.995438888691126,0.026517848743441416,3.759485374392064e-18,2.392521841803848e-17,-0.009399569610867504,0.018394360664434735,-2.0424752556116577,0.006792942343656096,2,0,0,2,0.0,1,945,0.0,2,0,,4.0149887366389005e-05,4.037914144302784,0.019724906399785476,4.0151499444569295e-05,1.0005295208207992,2.220446049250313e-16,1.1456145992356381,0.007256376922075487,0.00025506584046817955,0.0,0.0,-0.0027522466523985235,0.0008700518222068707,1.0010593220338984,3.1401849173675503e-16,0.9999598501126337,1.8080881851628303,0.8573531377502358,0.16641476772679797,-0.6620396918197988,circles
circles_012,0.014084507042253521,0.04887304345427026,0.098501234040481,0.0,0.04210988633787403,0.23365407246948083,0.04240853801402918,0.23424660373197154,1.0070921985815606,0.05997472961985493,0.5,0.0,,,0.09952529016644561,,,71.0,1.5973761350103755,0.11450179125912091,-0.8791673934145513,0.3053734474412143,0.0023942933241668783,1.1619512134778134,0.07355109296922469,2.061996117907463,0.30160042749061006,-1.5636944008805022e-17,4.865075224090571e-17,-0.002255726000064715,0.08505596038526013,-2.093346931402511,0.22860559436276207,2,0,0,2,0.0,1,142,1.0,2,0,,0.002388574376482989,4.155343049309974,0.5302060218533721,0.0023942933241668783,1.00353983407813,2.220446049250313e-16,1.1456145992356381,0.08590246235836399,0.24797764428302377,0.0,0.0,-0.0191720134329598,0.05064725096874882,1.0070921985815606,3.1401849173675503e-16,0.997611425623517,1.8101427987816583,0.8670362405027539,0.28568062461862076,-0.48462280478431685,circles
circles_013,0.007352941176470588,0.018335294444632593,0.098501234040481,0.0,0.018316916282726074,0.23365407246948083,0.01838450637971031,0.23424660373197154,1.0036900369003692,0.025999618259721056,0.5,0.0,,,0.036349493249058236,,,136.0,1.5120900319665256,0.010693561957777223,-0.6729132791350312,0.0005518326453093756,0.0003362960794037604,1.11067997729503,0.04064587265341102,2.505535854551689,0.3619426992986428,1.469412826709766e-17,5.310606845548063e-17,-0.02883241958124596,0.08948789180326114,-2.295592159486271,0.07225395069584276,2,0,0,2,0.0,1,272,1.0,2,0,,0.0003361830223713748,4.80112801403796,0.4341966499944853,0.0003362960794037604,1.0018433195367273,2.220446049250313e-16,1.1456145992356381,0.035258241095979866,0.045558517296598114,0.0,0.0,-0.006094269889740735,0.013523789367978994,1.0036900369003692,3.1401849173675503e-16,0.9996638169776286,1.8038273124409538,0.8723343249543275,0.34405222133348723,-0.4180845563405864,circles
circles_014,0.007874015748031496,0.025119803367564312,0.098501234040481,0.0,0.010014097166198376,0.23365407246948083,0.010053678577922479,0.23424660373197154,1.0039525691699602,0.014218048596637691,0.5,0.0,,,0.05006749203910913,,,127.0,1.4137098340262322,0.02424539810066506,-0.5957946508577179,0.1290653951358269,0.0006314029393345303,1.0515131150881811,0.008397299617933595,2.4230534372269905,0.24552496721143036,1.7483827159451284e-18,2.2253278941974764e-17,0.025269579850866197,0.05187325825657106,-2.436904865267976,0.27952789125619076,2,0,0,2,0.0,1,254,2.0,2,0,,0.0006310045212250953,4.859958302494967,0.5250528584676211,0.0006314029393345303,1.0019743355844803,4.965068306494546e-16,1.1456145992356381,-0.0780694922205605,0.03840946022058234,0.0,0.0,0.017900663976921735,0.0035133163496264795,1.0039525691699605,9.42055475210265e-16,0.9993689954787749,1.8029955313940964,0.8746527256304423,0.3565211611457317,-0.3856217366217627,circles
circles_015,0.0020429009193054137,0.018342045210223326,0.098501234040481,0.0,0.024242637859684626,0.23365407246948083,0.024267425832956296,0.23424660373197154,1.001022494887526,0.0343193227368498,0.5,0.000722274546666529,,,0.03712595464995355,,,489.5,1.4653462933565886,0.0348223589885991,-0.7107125202039795,0.022369780517528606,0.00033654384614953306,1.0909350352733789,0.030968554182448402,2.5311295091881933,0.02500328924920017,-2.948498328933e-17,6.094332321755205e-17,-0.016920252422437387,0.01588203691510603,-2.698173154454079,0.05484780200813019,2,0,0,2,0.0,1,979,0.0,2,0,,0.00033643062249387646,5.229302663642272,0.07985109125732973,0.00033654384614953306,1.0005111168235592,2.220446049250313e-16,1.1456145992356381,0.01762805629763908,0.025038996249440677,0.0,0.0,-0.005324699055840846,0.00258473003160101,1.001022494887526,3.1401849173675503e-16,0.9996635693775061,1.801218065456284,0.8716096948887306,0.3317822379010318,-0.4214799248209098,circles
circles_016,0.0023952095808383233,0.0008481397662781525,0.098501234040481,0.0,0.0025285083955791034,0.23365407246948083,0.002531540180226081,0.23424660373197154,1.0011990407673865,0.0035801384565682737,0.5,0.0008468344684869056,,,0.001698408046734353,,,417.5,1.5804547539934286,0.016163439159843217,-0.959785301129535,0.00014128286883267687,7.193415805942965e-07,1.17155358508046,0.016720739579457394,1.9498188199286268,0.05746621456660005,-1.7550831047966548e-17,7.521400999682758e-19,-0.0027859250392261174,0.004581968087521942,-1.8878522910788165,0.04672927188999056,2,0,0,2,0.0,1,835,0.0,2,0,,7.193410631423592e-07,3.8376711110074435,0.10419548645659078,7.193415805942965e-07,1.0005993407790084,2.220446049250313e-16,1.1456145992356381,0.008158944275267166,0.0008023817003123689,0.0,0.0,-0.0018305974687195005,0.0003479192322387349,1.0011990407673865,2.220446049250313e-16,0.9999992806589368,1.8081715898419515,0.8575031572874668,0.12783498176822425,-0.6743509241246941,circles
circles_017,0.011976047904191617,0.0187086375133262,0.098501234040481,0.0,0.01813064806196696,0.23365407246948083,0.018239868833424596,0.23424660373197154,1.0060240963855425,0.025795069880135392,0.5,0.00423417234243441,,,0.03728828587023543,,,83.5,1.5647494291733925,0.015580352739860496,-0.9587617208930022,0.01928841680167777,0.00035013566968236664,1.1624978257041643,0.00809161994826467,1.8309141750772826,0.02570720585802618,-5.318433650898954e-18,7.521400999682755e-18,-0.033647901161224306,0.004485558555274424,-1.854803189098118,0.0342404382593912,2,0,0,2,0.0,1,167,0.0,2,0,,0.00035001311760503637,3.685717364175401,0.008533232401364863,0.00035013566968236664,1.003007525587691,4.965068306494546e-16,1.1456145992356381,0.004692755803802966,0.020611381564451765,0.0,0.0,-0.0008444882117100987,0.008012966995505992,1.0060240963855425,9.42055475210265e-16,0.9996499868823949,1.8163060145424503,0.8515449765450379,0.14814606153092374,-0.6765843388989161,circles
circles_018,0.0020304568527918783,0.0038476869647982226,0.098501234040481,0.0,0.0027900669256791847,0.23365407246948083,0.002792902359546746,0.23424660373197154,1.001016260162602,0.003949760395254857,0.5,0.0007178749047579263,,,0.007691144608352868,,,492.5,1.5661808562445532,0.003680455690166666,-0.9558394687414578,0.00937862890771111,1.4804914161316508e-05,1.1533123059879222,0.012549581034955336,2.001401578916273,0.024810421398887242,-2.5698563412643218e-17,2.104083294885871e-17,-0.02413546391385727,0.0002506041098088086,-1.9432707780600815,0.020756789439966197,2,0,0,2,0.0,1,985,0.0,2,0,,1.4804694979078158e-05,3.944672356976355,0.004053631958921044,1.4804914161316508e-05,1.0005080010487681,2.220446049250313e-16,1.1456145992356381,0.007992260786400768,0.005456371135062051,0.0,0.0,-0.0018071086610777002,0.0007227019539062308,1.001016260162602,3.1401849173675503e-16,0.999985195305021,1.8079626388649561,0.8575174267143911,0.14082712884263313,-0.6723701792256458,circles
circles_019,0.004694835680751174,0.013461487074087555,0.098501234040481,0.0,0.043945151993359556,0.23365407246948083,0.04404855235099101,0.23424660373197154,1.0023529411764711,0.062294060137672955,0.5,0.0,,,0.026326796317034086,,,213.0,1.5136947456933099,0.0001397996173472554,-0.677573485323304,0.0009426865772830177,0.00018124447785385623,1.1119297696469914,0.024113384179525438,2.4611216747464897,0.14778762658507025,-1.3552018140964352e-17,1.0319856535949695e-17,0.017429961073512988,0.03587906575208736,-2.4698743578955797,0.13437855459193948,2,0,0,2,0.0,1,426,0.0,2,0,,0.00018121163424582632,4.930996032642069,0.013409071993130767,0.00018124447785385623,1.001175779359684,0.0,1.1456145992356381,0.0065503638264459525,0.009464692335288807,0.0,0.0,-0.005390668213323638,0.0015515837574853867,1.002352941176471,0.0,0.9998187883657542,1.8014843507184854,0.8741086310192117,0.3631109500524624,-0.3753459258408456,circles
circles_020,0.005681818181818182,0.028243186037908492,0.098501234040481,0.0,0.005811632689988602,0.23365407246948083,0.005828190048079741,0.23424660373197154,1.0028490028490034,0.008242305410082081,0.5,0.0,,,0.0565976667721448,,,176.0,1.4933865329860363,0.032871063697192955,-0.5817035362205976,0.017630478728979666,0.0007983143550167936,1.096320788742224,0.011724388974933195,2.6701167858001753,0.20569789945085246,-1.766263902812749e-17,2.4978743660878238e-17,0.022909262192397705,0.025054022833610058,-2.51715407956252,0.08564641313560872,2,0,0,2,0.0,1,352,2.0,2,0,,0.0007976775575719092,5.187270865362695,0.29134431258646115,0.0007983143550167936,1.0014234882650812,2.220446049250313e-16,1.1456145992356381,-0.013969551599680023,0.051402781533145286,0.0,0.0,0.005494336896664027,0.008965649942788863,1.0028490028490031,2.220446049250313e-16,0.9992023224424281,1.8005692490894796,0.8771239311689998,0.3840619413508239,-0.3308505639618504,circles
circles_021,0.002320185614849188,0.02794988037700157,0.098501234040481,0.0,0.016047083190554787,0.23365407246948083,0.016065720917837655,0.23424660373197154,1.00116144018583,0.022720360411307126,0.5,0.0,,,0.05634554319976879,,,431.0,1.533095092706739,0.022420942847138466,-0.7228282945095046,0.06682824167476774,0.0007818065570977474,1.1357865312567315,0.013785270765458643,2.4697215260727745,0.04632428565060101,1.0303693964038575e-18,1.3114461371836635e-17,0.006819908288114714,0.011931212046041004,-2.842842825724138,0.3221923252903146,2,0,0,2,0.0,1,862,0.0,2,0,,0.0007811958130886973,5.312564351796913,0.2758680396397136,0.0007818065570977474,1.0005805515728508,1.1102230246251565e-15,1.1456145992356381,-0.0015416829353051102,0.08276150106200891,0.0,0.0,-0.0030329500487076876,0.02337921163929358,1.0011614401858302,2.3603665272841412e-15,0.9992188041869113,1.8013531629092636,0.8716493235356246,0.33222855994052797,-0.41082523710966123,circles
circles_022,0.002805049088359046,0.010203878001329544,0.098501234040481,0.0,0.010465004692533123,0.23365407246948083,0.010479702732831631,0.23424660373197154,1.001404494382023,0.014820537734408848,0.5,0.000991734615969932,,,0.02030315312674913,,,356.5,1.5205210813156,0.01547774501855513,-0.914867692999981,0.02689866610856936,0.00010412996818732279,1.1291713137397088,0.007615676517970458,2.118493310944661,0.007410586472980606,2.1799610581700128e-17,3.259097950704049e-17,-0.002401886220924424,0.004956838112977577,-2.1234172540380793,0.10848888258933874,2,0,0,2,0.0,1,713,0.0,2,0,,0.00010411912626601701,4.24191056498274,0.11589946906231903,0.00010412996818732279,1.000702000788458,6.280369834735101e-16,1.1456145992356381,-0.006443849063587024,0.019838852228536586,0.0,0.0,0.00213114191886092,0.001784166724715114,1.0014044943820228,1.1102230246251565e-15,0.9998958808737339,1.8087352533842402,0.8567933010319004,0.1892329766168379,-0.6475442413649874,circles
circles_023,0.0036363636363636364,0.0040513681059688835,0.098501234040481,0.0,0.018614213414729467,0.23365407246948083,0.018648119085794543,0.23424660373197154,1.0018214936247718,0.026372422923879223,0.5,0.0,,,0.008029977842634093,,,275.0,1.573144547809807,0.03931023482858906,-0.927437459259294,0.050091983776516455,1.6413852940208182e-05,1.1724890309863172,0.024799675796296477,2.1480018165925667,0.14430099922088188,1.1304088978001594e-17,2.2837708489945816e-18,0.006240688876303205,0.0011563018179360715,-2.0690395980406207,0.11856206677234402,2,0,0,2,0.0,1,550,0.0,2,0,,1.6413583530061897e-05,4.217041414633188,0.2628630659932259,1.6413852940208182e-05,1.0009103324597923,0.0,1.1456145992356381,-0.01209471256716417,0.009130176119910563,0.0,0.0,0.0037184817673016155,0.002317715210865663,1.0018214936247718,2.220446049250313e-16,0.9999835864164699,1.8095212103426372,0.8561068647191229,0.1841045444792166,-0.6522448906128973,circles
circles_024,0.004761904761904762,0.006772717904129349,0.098501234040481,0.0,0.005344829800610728,0.23365407246948083,0.005357585957652757,0.23424660373197154,1.0023866348448687,0.007576770722891984,0.5,0.0,,,0.013509404185682153,,,210.0,1.5686918717777476,0.010603611989141499,-0.9565696559105648,0.0026016301398771465,4.587181193552439e-05,1.1609044031407598,0.003993189039777897,1.864300788000881,0.00917213231513449,0.0,3.5887827627057714e-17,0.0016143886470224508,0.0244558421910196,-1.8690875383542767,0.012685488608658178,2,0,0,2,0.0,1,420,0.0,2,0,,4.586970780891424e-05,3.7333883263551577,0.021857620923792665,4.587181193552439e-05,1.0011926062675796,3.1401849173675503e-16,1.1456145992356381,0.011836298265452589,0.005174970934360858,0.0,0.0,-0.0020793981222501953,0.001405155923615709,1.0023866348448687,4.965068306494546e-16,0.999954130292191,1.8098432624963234,0.856746114421384,0.13870546872725584,-0.666537481769899,circles
circles_025,0.019230769230769232,0.0018085657446475587,0.098501234040481,0.0,0.01464964486937236,0.23365407246948083,0.014791874431210932,0.23424660373197154,1.009708737864078,0.0209188694335384,0.5,0.0,,,0.0036385150893694976,,,52.0,1.5423929047869167,0.08835384377463597,-0.9449722205438635,0.057056269959084326,3.270920751600147e-06,1.1279286802687696,0.045859191033035866,1.8634265224243685,0.04345735834512182,4.270088556250602e-18,1.2077634297567501e-17,-0.051189222165146625,0.031244592375663408,-1.8869939988328341,0.017551965107121315,2,0,0,2,0.0,1,104,0.0,2,0,,3.2709100527125787e-06,3.750420521257203,0.02590539323800067,3.270920751600147e-06,1.004842643334805,2.220446049250313e-16,1.1456145992356381,0.013032155042294411,0.043011164347414706,0.0,0.0,-0.005936824995741808,0.01147242223686434,1.009708737864078,3.1401849173675503e-16,0.9999967290899473,1.822118295576764,0.8477734770448659,0.169016018114813,-0.6699316175818293,circles
circles_026,0.0028368794326241137,0.0009526669272342048,0.098501234040481,0.0,0.0033021207178526675,0.23365407246948083,0.00330681123023598,0.23424660373197154,1.0014204545454541,0.004676537290007278,0.5,0.00100298834210854,,,0.001905977724023032,,,352.5,1.5562817939937736,0.04509079212577591,-0.9332032210569325,0.029021481458551008,9.075750979376725e-07,1.1552255050015048,0.027193516236207794,1.9970160209261512,0.006780916705256207,1.7637585639435112e-17,7.126660805373163e-18,0.0024381881637367568,0.020740518941930543,-1.9770038101545477,0.011857653366451847,2,0,0,2,0.0,1,705,0.0,2,0,,9.075742742458616e-07,3.974019831080699,0.0186385700717079,9.075750979376725e-07,1.0007099752403061,0.0,1.1456145992356381,-0.002654597053229869,0.010563364140963687,0.0,0.0,-0.0005298829121005758,0.0003768778689652676,1.0014204545454541,0.0,0.9999990924257257,1.80818222760488,0.8579969988034165,0.16110287309324894,-0.6555525187615738,circles
circles_027,0.004246284501061571,0.030435278295519938,0.098501234040481,0.0,0.003422791764912395,0.23365407246948083,0.00343007430058242,0.23424660373197154,1.002127659574468,0.004850857595831114,0.5,0.001501288282773986,,,0.0609242669912448,,,235.5,1.5729952672507368,0.02646782893913754,-0.7967900887245718,0.046738711751178594,0.0009271650035844707,1.1829920891215526,0.04067062917536501,2.5294107172910625,0.02340013037087774,1.5085833031000004e-17,3.200188450820433e-17,-0.04743751808814309,0.0027570213170084006,-2.182381087817497,0.004503857276385431,2,0,0,2,0.0,1,471,0.0,2,0,,0.000926306164925747,4.711791805108559,0.018896273094492308,0.0009271650035844707,1.0010632645215125,2.220446049250313e-16,1.1456145992356381,0.0579791034989328,0.0172627191184928,0.0,0.0,-0.01126923954762725,0.0031062192397339505,1.0021276595744681,3.1401849173675503e-16,0.9990736938350743,1.807034013587246,0.8620549356257059,0.25944006928062924,-0.5521184449835714,circles
circles_028,0.002380952380952381,0.010965071257242045,0.098501234040481,0.0,0.019531233693843162,0.23365407246948083,0.019554512875838197,0.23424660373197154,1.0011918951132297,0.0276542573146097,0.5,0.0,,,0.021719023634032476,,,420.0,1.4450800493047402,0.05590680918591372,-0.45523565347661266,0.11669145245269928,0.00012024724533791303,1.0710694175868105,0.05268943493320497,2.993332542021201,0.2308663931300303,-2.1147105230955365e-18,0.0,-0.0017957256055208043,0.013219361319947897,-2.5156898874093523,0.15608758944423043,2,0,0,2,0.0,1,840,0.0,2,1,,0.00012023278767639565,5.509022429430553,0.07477880368579987,0.00012024724533791303,1.0005957700856172,1.1102230246251565e-15,1.1456145992356381,0.038456876419368485,0.032568657437462206,0.0,0.0,-0.0046796259855836205,0.0031073367567290007,1.0011918951132295,2.198129442157285e-15,0.9998797672123236,1.793939451002406,0.886875880036268,0.4328029668035416,-0.19613959398576686,circles
circles_029,0.005763688760806916,0.004382604501616011,0.098501234040481,0.0,0.012774063225712319,0.23365407246948083,0.012810982483590097,0.23424660373197154,1.0028901734104043,0.018117465175617253,0.5,0.0020377717037076658,,,0.008797219008430555,,,173.5,1.5603008989097162,0.022091789409458846,-0.9397024287291267,0.003619556281188063,1.9207591142056256e-05,1.1510194868337578,0.024774136075324093,1.889843517171485,0.0003567913543070418,-2.6875715869888516e-17,3.8008001881682166e-17,0.03996936319656761,0.003840023284169337,-1.9436575485915935,0.12476253811090014,2,0,0,2,0.0,1,347,0.0,2,0,,1.9207222217584924e-05,3.8335010657630786,0.12511932946520735,1.9207591142056256e-05,1.001444044073559,0.0,1.1456145992356381,-0.008125395102267171,0.0058166233836471695,0.0,0.0,0.001221456062642178,0.00033773226922682485,1.0028901734104045,0.0,0.9999807927777824,1.8106236749051443,0.8562725042383459,0.14527038119485589,-0.6618873243324819,circles
circles_030,0.0020470829068577278,0.013607276485624611,0.098501234040481,0.0,0.01588393624582592,0.23365407246948083,0.01590021077066797,0.23424660373197154,1.0010245901639352,0.022486293716469367,0.5,0.0007237531025450473,,,0.027429431631821582,,,488.5,1.542363028226377,0.07080082908781665,-0.8013204857074205,0.06694351720711035,0.0001851922631803642,1.141341962159241,0.06553944492697675,2.2399108492793527,0.11303618770223138,-1.499994260496629e-17,9.642328303073337e-18,0.024857177202853874,0.02210918826511968,-2.372440026250956,0.004535302678277511,2,0,0,2,0.0,1,977,0.0,2,0,,0.00018515797335623248,4.612350875530309,0.1175714903805089,0.0001851922631803642,1.000512163926024,3.1401849173675503e-16,1.1456145992356381,-0.04800626317207071,0.05705870619626355,0.0,0.0,0.008285955047530588,0.013421863358657546,1.0010245901639352,6.280369834735101e-16,0.9998148420266437,1.805866742715182,0.8619418009419191,0.2557512267559224,-0.5643947992701941,circles
circles_031,0.002642007926023778,0.00021551959930346087,0.098501234040481,0.0,0.002383392917633087,0.23365407246948083,0.0023865455537675226,0.23424660373197154,1.0013227513227514,0.0033750850893591988,0.5,0.0009340908602200034,,,0.00043153316904982704,,,378.5,1.5649135922407909,0.00963687191649341,-0.9567928986582734,0.004986146792882295,4.644869984140595e-08,1.158471542198964,0.005759325488572972,1.9342087982306642,0.004337620733547473,-9.97294130442677e-18,9.12603278495193e-18,0.007466755429623044,0.010866625036752182,-1.9437924842249439,0.06105694720008591,2,0,0,2,0.0,1,757,0.0,2,0,,4.644869768392433e-08,3.878001282455608,0.0653945679336334,4.644869984140595e-08,1.000661157097022,2.220446049250313e-16,1.1456145992356381,-0.002931980688777271,0.0023113548327105353,0.0,0.0,0.0010835107588358728,0.001967506886639514,1.0013227513227512,3.1401849173675503e-16,0.9999999535513023,1.808288678100984,0.8575447871352263,0.1326796827651534,-0.6711294777164589,circles
circles_032,0.004347826086956522,0.013407373550906296,0.098501234040481,0.0,0.009423512757080612,0.23365407246948083,0.009444043285963145,0.23424660373197154,1.002178649237473,0.013355894098647585,0.5,0.0,,,0.026916337996994603,,,230.0,1.5029041106380987,0.022749006526551416,-0.5917906574229634,0.10751976686546233,0.00017978998416138089,1.118195544475964,0.010312915354513669,2.630936061138359,0.17418119042036692,-4.827056628805028e-18,3.140184917367551e-17,-0.02890293102990231,0.04334863988998013,-2.8047387726907775,0.19835496727038524,2,0,0,2,0.0,1,460,0.0,2,0,,0.00017975766553354172,5.435674833829136,0.3725361576907518,0.00017978998416138089,1.001088731950107,6.280369834735101e-16,1.1456145992356381,0.061942924347726365,0.07429108109638023,0.0,0.0,-0.015582738955034413,0.00575652266580744,1.002178649237473,1.1102230246251565e-15,0.9998202423344664,1.800508133997369,0.8757197361937226,0.3676367892960718,-0.3261764066563071,circles
circles_033,0.0022002200220022,0.004429008782612172,0.098501234040481,0.0,0.010934602716182634,0.23365407246948083,0.010946645230187228,0.23424660373197154,1.0011013215859021,0.015480894147017617,0.5,0.0007778952488300685,,,0.008896547770249515,,,454.5,1.519029159594521,0.03731270939172952,-0.6914788359778272,0.09158941214059957,1.9616503596120666e-05,1.1222282274681454,0.03357865750819713,2.60943355821795,0.29044355024994417,5.8625638264034685e-18,4.6981864550273576e-17,-0.004043987841164937,0.03827852845156478,-2.4652971414499913,0.2753810499277683,2,0,0,2,0.0,1,909,0.0,2,0,,1.9616118796455756e-05,5.074730699667942,0.015062500322176152,1.9616503596120666e-05,1.0005505092627267,2.220446049250313e-16,1.1456145992356381,0.03935775187831249,0.012035247729303878,0.0,0.0,-0.007487955709691502,0.005467583901764352,1.0011013215859021,2.220446049250313e-16,0.9999803838812036,1.8006291724190606,0.8730062255087612,0.3462934340677234,-0.38230021154216587,circles
circles_034,0.003527336860670194,0.016105531360733647,0.098501234040481,0.0,0.010632180791110567,0.23365407246948083,0.010650965562826301,0.23424660373197154,1.0017667844522962,0.015062739951317893,0.5,0.001247101906854581,,,0.032317111008245976,,,283.5,1.558902404099964,0.036880323326456806,-0.8110858948393487,0.014341051131056968,0.0002594554400756959,1.1588604746374318,0.026074387079925987,2.238214567219435,0.040475934959164024,-6.265808957320107e-18,4.430596003340458e-18,-0.011704089155975888,0.050732255954915345,-2.3150354844271215,0.10706777413328555,2,0,0,2,0.0,1,567,0.0,2,0,,0.000259388140411575,4.553250051646557,0.06659183917412122,0.0002594554400756959,1.000883002379547,3.1401849173675503e-16,1.1456145992356381,-0.023920279242261044,0.036499447255466236,0.0,0.0,0.0013415374300774548,0.008125148208752977,1.0017667844522964,4.965068306494546e-16,0.9997406118595884,1.807150394787067,0.8609730474469758,0.24988032710155028,-0.5608291656314051,circles
circles_035,0.0024479804161566705,0.005863524028319117,0.098501234040481,0.0,0.005785941857015897,0.23365407246948083,0.005793032472036749,0.23424660373197154,1.0012254901960784,0.008192585089222144,0.5,0.0008654917762381278,,,0.011725033143010787,,,408.5,1.531200238023589,0.008829645446160798,-0.7691662794188274,0.03649091143473048,3.438209611856649e-05,1.1370449043255095,0.006863187087190824,2.3580241872035823,0.15723293479773723,7.609851821176104e-18,5.073493379345369e-17,0.010149476622575017,0.0015687006839738287,-2.407046264221754,0.014768949707652001,2,0,0,2,0.0,1,817,0.0,2,0,,3.438091403067565e-05,4.765070451425337,0.1720018845053889,3.438209611856649e-05,1.0006125574847033,3.1401849173675503e-16,1.1456145992356381,0.03567792746818359,0.03428238233339576,0.0,0.0,-0.005388033007622085,0.003608034058841982,1.0012254901960786,6.280369834735101e-16,0.9999656190859694,1.8052888783313334,0.8636168285515923,0.27212408698955737,-0.5197171223002237,circles
circles_036,0.002014098690835851,0.012726806462118486,0.098501234040481,0.0,0.02786383805437447,0.23365407246948083,0.027891926600800233,0.23424660373197154,1.0010080645161286,0.0394451408795667,0.5,0.0007120914211345092,,,0.025805644171894047,,,496.5,1.5197697132586767,0.0564776297672095,-0.6585125485462164,0.06208178743922728,0.0001619978417742909,1.136996328246426,0.022244732734255375,2.5081799880364617,0.04423331616801952,-5.366636977040032e-17,0.0,0.020986656172406463,0.05400025072593538,-2.655221741069688,0.009125967078203635,2,0,0,2,0.0,1,993,0.0,2,0,,0.00016197160272422086,5.16340172910615,0.05335928324622284,0.0001619978417742909,1.0005039052977898,0.0,1.1456145992356381,0.007291033371871147,0.0421262659235504,0.0,0.0,0.0025158372279144403,0.009121084935437649,1.0010080645161286,2.220446049250313e-16,0.9998380283972758,1.7992915600154649,0.8755467663818013,0.35829054718474734,-0.36560882209020207,circles
circles_037,0.010050251256281407,0.019829490229232614,0.098501234040481,0.0,0.01326282111511354,0.23365407246948083,0.01332980506013937,0.23424660373197154,1.0050505050505054,0.018851191099838602,0.5,0.003553300407972577,,,0.039481566248520304,,,99.5,1.5925705554740002,0.05172248906171659,-0.9884876967232918,0.034379465569653836,0.0003933633566385381,1.1593698856073482,0.032568624458015435,2.0134233974968483,0.03269429972737207,-3.1242456974376264e-17,1.893578844643749e-17,-0.05007250462268832,0.0023323023025740705,-1.9489215753384492,0.06863542847728091,2,0,0,2,0.0,1,199,0.0,2,0,,0.00039320868275123167,3.9623449728352975,0.03594112874990899,0.0003933633566385381,1.00252207210141,0.0,1.1456145992356381,0.05092919674962676,0.013159294801966469,0.0,0.0,-0.013848932277803747,0.007892382670788723,1.005050505050505,0.0,0.9996067913172487,1.8143881561904023,0.8533449706174009,0.1936377316489535,-0.6546888279128287,circles
circles_038,0.01652892561983471,0.10233145881541164,0.098501234040481,0.0,0.02031604471129602,0.23365407246948083,0.02048534508389016,0.23424660373197154,1.0083333333333337,0.028970652847530552,0.5,0.005843857695756571,,,0.2049932988797755,,,60.5,1.413132024769154,0.0009333948616388689,-0.7143944948054815,0.02208928901768377,0.010582544990296682,1.1138557822183124,0.024887295263881625,2.23943893135831,0.04800220497949475,-3.4407738366482125e-18,6.163586098138786e-18,-0.021284429174829853,0.05935384943629291,-2.2278066211988454,0.2857210050280983,2,0,0,2,0.0,1,121,2.0,2,0,,0.010471727463290288,4.467245552557156,0.33372321000759336,0.010582544990296682,1.0041580220928046,0.0,1.1456145992356381,0.03943192307701145,0.135002467518727,0.0,0.0,-0.005157188797912159,0.02708003986773264,1.0083333333333335,0.0,0.9895282725367097,1.8102361757377932,0.8697001330249082,0.3324691857766832,-0.39686605997269186,circles
circles_039,0.002962962962962963,0.021821361620487794,0.098501234040481,0.0,0.0483784464424369,0.23365407246948083,0.04845022455288563,0.23424660373197154,1.0014836795252227,0.06851896466271276,0.5,0.0010475656017578418,,,0.04325048248290881,,,337.5,1.5204143409328301,0.11750960396932193,-0.7028056295517395,0.13581699830070607,0.0004763986705955367,1.1158645735583304,0.10791606880747939,2.2586866324525667,0.10100131573386147,-2.0066253185817643e-17,1.3956377410522448e-18,0.03398807489171016,0.0037040179088789426,-2.4615006273506355,0.02668683145417395,2,0,0,2,0.0,1,675,0.0,2,0,,0.0004761718229720977,4.720187259803202,0.12768814718803573,0.0004763986705955367,1.0007415648034326,0.0,1.1456145992356381,-0.03703787429695738,0.03511956747377737,0.0,0.0,0.009119561533958122,0.005737827297028779,1.0014836795252227,2.220446049250313e-16,0.9995238281770279,1.8035165158114814,0.8679071927897041,0.2994628530793973,-0.4718920301435059,circles
circles_040,0.008695652173913044,0.01259171369071256,0.098501234040481,0.0,0.019706842391667114,0.23365407246948083,0.019792898471980066,0.23424660373197154,1.0043668122270741,0.027991385457747923,0.5,0.0,,,0.02540162046108809,,,115.0,1.5284511874432238,0.00664059680134882,-0.9098609197983873,0.004032039915075141,0.00015857639615529082,1.1300878528645701,0.0025645067823685344,2.042892657282028,0.045859742586056094,-6.045888427578298e-17,3.464443142530504e-17,-0.00788173726408926,0.012907881142529007,-2.0223924847349117,0.05696592782815782,2,0,0,2,0.0,1,230,0.0,2,0,,0.0001585512536688781,4.06528514201694,0.01110618524210156,0.00015857639615529082,1.0021810276726826,3.1401849173675503e-16,1.1456145992356381,-0.005640626083950807,0.0329841339582006,0.0,0.0,0.0027108001762067343,0.01178580099458065,1.0043668122270741,6.280369834735101e-16,0.9998414487463311,1.8145062663502005,0.8514894352158169,0.16728082911620307,-0.6794680223822303,circles
circles_041,0.01,0.046715074200416914,0.098501234040481,0.0,0.08519598198105384,0.23365407246948083,0.08562410249352144,0.23424660373197154,1.0050251256281406,0.12109076701236195,0.5,0.0,,,0.09086275638439933,,,100.0,1.5006298684590638,0.05684435434479621,-0.6847786787341843,0.20028177483902054,0.0021870709985610495,1.1176664072865998,0.030699742704135485,2.1842311830477503,0.2086064361018851,-1.2212453270876722e-17,1.7271017045521526e-17,0.008408365250933723,0.030612073202652558,-2.4754215308115066,0.17825124719137314,2,0,0,2,0.0,1,200,1.0,2,0,,0.002182298157550458,4.659652713859257,0.38685768329325826,0.0021870709985610495,1.0025094142341708,2.220446049250313e-16,1.1456145992356381,-0.08019702599809551,0.09184067008185631,0.0,0.0,0.010414979183565742,0.019944995748579625,1.0050251256281406,2.220446049250313e-16,0.9978177018424496,1.8076645164076266,0.8674384696526574,0.31277649800492857,-0.4618951866959242,circles
circles_042,0.007905138339920948,0.019449791412397596,0.098501234040481,0.0,0.011055239206073531,0.23365407246948083,0.011099109202923027,0.23424660373197154,1.0039682539682537,0.015696510765033984,0.5,0.0027948884631879187,,,0.038897862179879276,,,126.5,1.4407594498766298,0.005556474503970794,-0.8509831622425514,0.06247304712312961,0.0003784375467851704,1.0960936008425133,0.017712790183055858,2.1445876125441607,0.18052866644263788,1.0531759917392789e-17,4.964719236944742e-18,-0.013939656198341529,0.010879431985077915,-1.929730083360538,0.1194604986243291,2,0,0,2,0.0,1,253,0.0,2,0,,0.0003782943859857753,4.074317695904698,0.29998916506696666,0.0003784375467851704,1.0019821625000387,3.1401849173675503e-16,1.1456145992356381,0.04194052459634159,0.023841879535494874,0.0,0.0,-0.007057247319912287,0.0005655705503951977,1.003968253968254,4.965068306494546e-16,0.9996217056140142,1.8102086407997853,0.8596613825494366,0.24919511421624047,-0.580785876600499,circles
circles_043,0.011363636363636364,0.018973788546094942,0.098501234040481,0.0,0.005016384531086726,0.23365407246948083,0.005045049585550083,0.23424660373197154,1.0057142857142862,0.007134777546729681,0.5,0.0,,,0.03803089180085388,,,88.0,1.5819158130211926,0.04828832991663807,-0.9468764757298316,0.06634868969094394,0.0003601343018158472,1.176512591571648,0.027431034354691686,1.956491664917862,0.11904150359488704,-7.569702440626067e-18,2.4978743660878238e-17,-0.017609309593776483,0.00598536206300298,-1.9259495564381304,0.022415918609668226,2,0,0,2,0.0,1,176,0.0,2,0,,0.00036000465179192363,3.8824412213559922,0.09662558498521896,0.0003601343018158472,1.0028530728448142,2.220446049250313e-16,1.1456145992356381,0.025921254204642148,0.015560313896892147,0.0,0.0,-0.009425164945151936,6.354436147734021e-05,1.0057142857142862,3.1401849173675503e-16,0.999639995348208,1.8159312730611608,0.8516165536059151,0.15262815932345034,-0.6716356806252075,circles
circles_044,0.004914004914004914,0.0029077631958611917,0.098501234040481,0.0,0.0015084821680794766,0.23365407246948083,0.0015121976413998695,0.23424660373197154,1.0024630541871922,0.002138570413456146,0.5,0.0017373630987384603,,,0.005816072574047517,,,203.5,1.5843283240967283,0.0035846108904164513,-0.9474988343856712,0.014202208288264122,8.455158292302188e-06,1.1672952733054838,0.016709899997383378,1.8901717870493697,0.06804141826217369,-1.07748917623326e-17,3.414083110405751e-17,0.013129908254851498,0.022501436261093345,-1.9134245199724558,0.016152341627641696,2,0,0,2,0.0,1,407,0.0,2,0,,8.45508680320489e-06,3.8035963070218255,0.0841937598898157,8.455158292302188e-06,1.0012307696965732,2.220446049250313e-16,1.1456145992356381,-0.0029464578840568702,0.010448391943627303,0.0,0.0,0.00034812411207847346,0.0011115811412694251,1.0024630541871922,4.965068306494546e-16,0.9999915449131968,1.809960359901676,0.8566771342421627,0.13656277506355366,-0.666084870297055,circles
circles_045,0.002554278416347382,0.01447761559751007,0.098501234040481,0.0,0.03176199394630953,0.23365407246948083,0.03180261030685465,0.23424660373197154,1.0012787723785155,0.044975682814820166,0.5,0.0009030737946188292,,,0.028557849996507408,,,391.5,1.5236309974911169,0.005526210295018701,-0.8149892956832308,0.014147107370819874,0.0002096452953268991,1.1337375204758118,0.0018899882107766477,2.3283100258858407,0.035685861100573174,-4.11193712824132e-17,4.0104532788857796e-19,0.005029689237906338,0.0189548977710146,-2.21694315876159,0.09949080479016005,2,0,0,2,0.0,1,783,0.0,2,0,,0.00020960135338926687,4.545253184647431,0.1351766658907332,0.0002096452953268991,1.0006391819124991,3.1401849173675503e-16,1.1456145992356381,0.0009181485167654505,0.04922705254229979,0.0,0.0,-0.0010899933475401842,0.01574932882323272,1.0012787723785157,6.280369834735101e-16,0.9997903986466107,1.8060981322161982,0.8620467657379292,0.2574756193728706,-0.5646947433333036,circles
circles_046,0.003236245954692557,0.001516798670571028,0.098501234040481,0.0,0.010471180001785069,0.23365407246948083,0.010488151120102386,0.23424660373197154,1.0016207455429496,0.014832485558267423,0.5,0.0,,,0.003034183800264183,,,309.0,1.548424944307917,0.020021667172197683,-0.9662636593790697,0.003873066106833063,2.3006835001784276e-06,1.1584021234375417,0.004850789984987515,1.9070252945162598,0.02280197371098944,-2.7306456269097704e-17,3.455219650177887e-17,0.004567527601554147,0.006597962180413691,-1.8936872163133704,0.04157566571321274,2,0,0,2,0.0,1,618,0.0,2,0,,2.3006782070460376e-06,3.80071251082963,0.06437763942420217,2.3006835001784276e-06,1.0008100446852788,3.1401849173675503e-16,1.1456145992356381,0.0017445382332007264,0.0012776921835236208,0.0,0.0,-0.00091583573316083,0.0012923841490866202,1.0016207455429496,8.005932084973442e-16,0.9999976993217929,1.8090129109903015,0.8567118944208694,0.12916194253865118,-0.6771110024767988,circles
circles_047,0.0106951871657754,0.011102357875668871,0.098501234040481,0.0,0.028088015584518674,0.23365407246948083,0.02823902642099458,0.23424660373197154,1.0053763440860213,0.03993601415278269,0.5,0.003781319685489574,,,0.02250963214459775,,,93.5,1.5900263402375223,0.01735325634917005,-0.961785665350025,0.02007529768704991,0.0001232775458794832,1.1636937486109136,0.010387831827612368,1.9703879828442243,0.032364782213219964,-4.0371746350005693e-17,2.3509405798473642e-17,-0.008217714477955655,0.06522338806166225,-2.003980800066376,0.037879851014100366,2,0,0,2,0.0,1,187,0.0,2,0,,0.0001232623503994266,3.9743687829106005,0.005515068800880711,0.0001232775458794832,1.0026845685887569,0.0,1.1456145992356381,-0.00893489126386145,0.021699977435979075,0.0,0.0,0.005976404578569617,0.002809613700500337,1.0053763440860215,2.220446049250313e-16,0.9998767376496006,1.8147996168328862,0.8532336884390437,0.2087146771051277,-0.634299440366827,circles
circles_048,0.002229654403567447,0.019133024715801774,0.098501234040481,0.0,0.005084727882218172,0.23365407246948083,0.005090402801729579,0.23424660373197154,1.0011160714285723,0.007198916680147717,0.5,0.000788301874232507,,,0.03817090865604209,,,448.5,1.516545253884737,0.00029255543553598955,-0.8257758998090925,0.003276803385216302,0.0003662066930244694,1.1212142393064162,0.0023452377732962344,2.2172798914688934,0.12287232357428567,3.267546025652635e-17,2.9406413941903485e-17,0.04581598275474663,0.005675864630443831,-2.294268840989674,0.09897792739029174,2,0,0,2,0.0,1,897,0.0,2,0,,0.00036607263477548153,4.511548732458568,0.023894396183993933,0.0003662066930244694,1.0005578800991837,0.0,1.1456145992356381,-0.05732546270656066,0.01928944611883272,0.0,0.0,0.011641404295681966,0.007360373190533393,1.0011160714285723,0.0,0.9996339273652245,1.806234222449567,0.8613838977867505,0.24813837130184427,-0.5796441748642356,circles
circles_049,0.007722007722007722,0.009973880138717599,0.098501234040481,0.0,0.016998196172508535,0.23365407246948083,0.017064080653797328,0.23424660373197154,1.0038759689922478,0.024132254290028615,0.5,0.002730142012303267,,,0.020036166659240375,,,129.5,1.540515016965416,0.02403133717649496,-0.8706854533787176,0.04044467686695309,9.948818193522422e-05,1.1282301955548526,0.02687752884223696,2.0583435211716954,0.02685862095047711,2.3147507077126816e-17,1.576154591728886e-17,0.06253349893368411,0.07078129718524681,-2.122042595510955,0.09952640880738198,2,0,0,2,0.0,1,259,0.0,2,0,,9.947828502150539e-05,4.180386116682651,0.07266778785690486,9.948818193522422e-05,1.0019361102347033,4.965068306494546e-16,1.1456145992356381,-0.006236024991783721,0.0012889711180253279,0.0,0.0,0.001398345082591438,0.0038938801674914905,1.0038759689922476,8.005932084973442e-16,0.9999005217149785,1.8112014447474183,0.8573524377488273,0.22173324087676324,-0.6045087039389676,circles
circles_050,0.005063291139240506,0.005088250494237577,0.098501234040481,0.0,0.0012286712840109697,0.23365407246948083,0.0012317897390465306,0.23424660373197154,1.0025380710659901,0.001742013754951696,0.5,0.0017901437498393704,,,0.010170283619625879,,,197.5,1.5585370971216885,0.023577296216131832,-0.9522362900494721,0.01233360342658048,2.5890963416740243e-05,1.1682442981359635,0.02875929852646753,1.8843390444643455,0.06573274068533691,-1.8550561930445654e-17,7.949835233841897e-19,-0.013004716698485555,0.017585212394250992,-1.8920299070261324,0.06379065393855633,2,0,0,2,0.0,1,395,0.0,2,0,,2.5890293092108947e-05,3.7763689514904777,0.12952339462389342,2.5890963416740243e-05,1.0012682313276446,4.965068306494546e-16,1.1456145992356381,0.005058909139059305,0.00207678804316963,0.0,0.0,-0.0020534620804915785,0.0034238886149263125,1.0025380710659901,9.42055475210265e-16,0.9999741097069079,1.8100242913923414,0.8567171930302395,0.13966239913024908,-0.6643261858452942,circles
circles_051,0.0025284450063211127,0.018694806328929357,0.098501234040481,0.0,0.022403412311033433,0.23365407246948083,0.02243177106079421,0.23424660373197154,1.001265822784809,0.031723314862223455,0.5,0.0008939403049134566,,,0.037759330167217615,,,395.5,1.554324955361991,0.001613306918256977,-0.8465176286863643,0.008675201382655514,0.00034961797368387705,1.1550840615228237,0.0009412817528992564,2.3384361443796537,0.07090449263298147,1.6842827175097193e-18,1.1909677309864287e-17,-0.010651698956879603,0.010360472156611827,-2.3184554919640155,0.07177667127074672,2,0,0,2,0.0,1,791,0.0,2,0,,0.00034949578367617713,4.656891636343669,0.1426811639037282,0.00034961797368387705,1.000632711230654,3.1401849173675503e-16,1.1456145992356381,0.021743262957814095,0.029961473780255918,0.0,0.0,-0.0075906833825469654,0.003857571762194989,1.001265822784809,6.280369834735101e-16,0.9996505042163238,1.807064338590402,0.8599893995475006,0.23570382469024298,-0.5790429850771219,circles
circles_052,0.002304147465437788,0.017526132381204616,0.098501234040481,0.0,0.02124849126324485,0.23365407246948083,0.021272999326985616,0.23424660373197154,1.0011534025374855,0.030084564160576786,0.5,0.0,,,0.03542224679263025,,,434.0,1.5433759346731262,0.0035373118147469127,-0.8647141030143932,0.006401215187334787,0.0003072596957651276,1.1457777871854964,0.011396496372413484,2.269187720448891,0.20120137700062263,-2.2511434600694416e-17,2.894179647343364e-17,0.025554821459967868,0.008411660927596796,-2.262508615571484,0.009832904587584594,2,0,0,2,0.0,1,868,0.0,2,0,,0.000307165316243509,4.531696336020374,0.19136847241303773,0.0003072596957651276,1.000576535072398,2.220446049250313e-16,1.1456145992356381,-0.006275711528435176,0.04918159397470395,0.0,0.0,-0.00036406574934228853,0.009402017549669935,1.0011534025374855,3.1401849173675503e-16,0.9996928346837565,1.8080091137052454,0.8577392697718327,0.20698564069513764,-0.6247084218920604,circles
circles_053,0.0044444444444444444,0.012577719357300865,0.098501234040481,0.0,0.011838970921844957,0.23365407246948083,0.011865338340379127,0.23424660373197154,1.0022271714922046,0.01678012240310962,0.5,0.0,,,0.025179744383198255,,,225.0,1.5321358833844858,0.06044122449678167,-0.7796704598555642,0.11303686065472955,0.0001582240551221511,1.14590570313345,0.06487892556490354,2.3485569469330905,0.14880207726880504,3.7500866609560844e-17,3.6286581267358354e-17,0.009149773794460641,0.0031954737936342975,-2.34194737043652,0.30770763576899174,2,0,0,2,0.0,1,450,0.0,2,0,,0.0001581990242310209,4.69050431736961,0.1589055585001867,0.0001582240551221511,1.0011129663989995,4.965068306494546e-16,1.1456145992356381,0.035729638089758445,0.06671761739087814,0.0,0.0,-0.008675177415497153,0.010352127536656142,1.0022271714922046,9.42055475210265e-16,0.999841800975769,1.8042294339167229,0.8681387191902926,0.3046900781010358,-0.44934028382054736,circles
circles_054,0.005361930294906166,0.06033836173281357,0.098501234040481,0.0,0.02459721608066159,0.23365407246948083,0.024663337629265515,0.23424660373197154,1.0026881720430105,0.03487922656869386,0.5,0.0018957286358888686,,,0.1191932644510961,,,186.5,1.4315976307246177,0.027450407106089706,-0.6193216431141666,0.03172442941776406,0.00365402115682005,1.0766759492327291,0.019368926760894137,2.550809303444891,0.17523079183877854,4.762350775871985e-18,2.020494316804858e-17,-0.01316147623000764,0.038979975267028275,-2.3281330753316096,0.28382098348654955,2,0,0,2,0.0,1,373,0.0,2,0,,0.0036407178965998607,4.8789423787765,0.1085901916477713,0.00365402115682005,1.0013431839499436,4.965068306494546e-16,1.1456145992356381,0.08977009194318418,0.06841374897664664,0.0,0.0,-0.017365326001118363,0.0014712118818684388,1.0026881720430103,9.42055475210265e-16,0.9963592821034002,1.7980583069932676,0.8818951257516652,0.404415600688028,-0.2950651763882708,circles
circles_055,0.002509410288582183,0.005827932395571098,0.098501234040481,0.0,0.008176706881684625,0.23365407246948083,0.008186979126510868,0.23424660373197154,1.001256281407036,0.011578136915577145,0.5,0.0008872105159178443,,,0.011616064739253843,,,398.5,1.556036500206756,0.0043891325600817505,-0.9265335215607668,0.006556451426255409,3.396594965389827e-05,1.1560217495282132,0.004543611534286371,2.07746628931085,0.006292081823342098,0.0,3.152004935877089e-18,-0.007768171838486729,0.008767112386693048,-2.0162091098417987,0.023169766719136765,2,0,0,2,0.0,1,797,0.0,2,0,,3.3964796007347075e-05,4.093675399152649,0.016877684895795296,3.396594965389827e-05,1.0006279435469687,4.965068306494546e-16,1.1456145992356381,0.012138933746099922,0.0015635625258661264,0.0,0.0,-0.0025423537704558578,0.0004889870509420717,1.001256281407036,8.005932084973442e-16,0.9999660352039926,1.8080472313739735,0.8578987905044834,0.1706241954189394,-0.6521774086176237,circles
circles_056,0.002152852529601722,0.0017136408409427813,0.098501234040481,0.0,0.0031591499003295297,0.23365407246948083,0.003162554156687644,0.23424660373197154,1.0010775862068966,0.004472526980126998,0.5,0.0007611483112879994,,,0.0034219509624504726,,,464.5,1.5674025583325593,0.01851553902063036,-0.9343349553243858,0.02476247160288992,2.936573555186005e-06,1.15522759739439,0.016917905668977752,2.060511161248523,0.05501728619048946,-2.8681757363836127e-18,2.8393491179642005e-17,-0.005565281606882769,0.019489954619131503,-2.1147146926141343,0.05054778635592413,2,0,0,2,0.0,1,929,0.0,2,0,,2.936564931747083e-06,4.175225853862657,0.10556507254641359,2.936573555186005e-06,1.0005386480325968,3.1401849173675503e-16,1.1456145992356381,-0.015154166053071273,0.024173192793398728,0.0,0.0,0.0024875271601631868,0.006623284633588237,1.0010775862068968,4.965068306494546e-16,0.9999970634350682,1.8084297605338462,0.8566750527726845,0.16442181437275047,-0.6667341103257356,circles
circles_057,0.006779661016949152,0.03232355130053959,0.098501234040481,0.0,0.01439925006984016,0.23365407246948083,0.01444822711089404,0.23424660373197154,1.0034013605442178,0.020432878732473087,0.5,0.0023969721396153777,,,0.06503731382379142,,,147.5,1.5084915417920137,0.03150357685932781,-0.7868261277018307,0.07020445038747025,0.001045904742471647,1.1264855566113874,0.00015621902734546764,2.253833544275185,0.08978106923255773,-6.021548608136442e-18,2.5547267124346168e-17,-0.007421197382074533,0.01913068307822266,-2.3124314905026635,0.09053864496451385,2,0,0,2,0.0,1,295,0.0,2,0,,0.0010448119686786148,4.566265034777849,0.0007575757319561102,0.001045904742471647,1.001699236569649,2.220446049250313e-16,1.1456145992356381,0.06106696533186659,0.01949729011476061,0.0,0.0,-0.009996303527181203,0.0006116882743404363,1.0034013605442178,2.220446049250313e-16,0.9989551880313214,1.80761450320226,0.8637912074047285,0.27811142612607875,-0.5210141381100613,circles
circles_058,0.0037593984962406013,0.012805283440329666,0.098501234040481,0.0,0.004505767301573513,0.23365407246948083,0.004514252739052937,0.23424660373197154,1.0018832391713748,0.006384117447548541,0.5,0.0,,,0.02555317029583641,,,266.0,1.4959452405812457,0.038178503754929,-0.8362872056276245,0.09800542006272381,0.00016400217629061295,1.095206055071622,0.032741915169230425,2.1225444759481613,0.05816387540171947,-3.5059674461847047e-17,1.1805206456268984e-17,-0.019639928218604195,0.019928254636593513,-2.202338874417083,0.1713365151642607,2,0,0,2,0.0,1,532,0.0,2,0,,0.00016397528398718117,4.324883350365244,0.11317263976254155,0.00016400217629061295,1.000941176678917,3.1401849173675503e-16,1.1456145992356381,-0.030310329748387876,0.029695483189393093,0.0,0.0,0.00663602107372645,0.006493879931216248,1.0018832391713746,4.965068306494546e-16,0.9998360247160128,1.8079448577603474,0.859574515666569,0.22794069511331155,-0.604578383123703,circles
circles_059,0.003048780487804878,0.006170015612744482,0.098501234040481,0.0,0.0013579334960431085,0.23365407246948083,0.0013600066769530986,0.23424660373197154,1.0015267175572522,0.0019233398874649232,0.5,0.0,,,0.012338192348452735,,,328.0,1.5835948947344143,0.021179240564354544,-0.9568204288455271,0.007178232989662873,3.8070541972500685e-05,1.1730881633972379,0.008671422486116988,1.9118017242899452,0.006719375778656916,8.12358310701334e-18,3.446544421500969e-17,0.018555576957349842,0.00692007716764724,-1.881902986469552,0.031762906319884376,2,0,0,2,0.0,1,656,0.0,2,0,,3.8069092661510664e-05,3.793704710759497,0.025043530541227613,3.8070541972500685e-05,1.0007630676425128,3.1401849173675503e-16,1.1456145992356381,-0.011060738775361694,0.0016937494745253572,0.0,0.0,0.0010729076152718247,0.0023003447910844737,1.0015267175572524,6.280369834735101e-16,0.9999619309073385,1.8087539882829433,0.8570390190064605,0.13108503518314396,-0.6748600836399277,circles
circles_060,0.012987012987012988,0.004880052071093691,0.098501234040481,0.0,0.0012194953092567898,0.23365407246948083,0.001227465866833632,0.23424660373197154,1.0065359477124187,0.001735898876226186,0.5,0.0,,,0.009758196782929584,,,77.0,1.5813264492023347,0.054829130451076416,-0.962671022852128,0.02177565837778729,2.381547537994613e-05,1.1846109986911086,0.01960210358302817,1.8982430826553132,0.08852925043849177,-5.767392335715099e-18,8.156324460694936e-18,-0.028006972425403908,0.029261365948075598,-1.8794860280770012,0.0013812062653833655,2,0,0,2,0.0,1,154,0.0,2,0,,2.3814908216585823e-05,3.7777291107323143,0.08714804417310809,2.381547537994613e-05,1.0032626514091008,2.220446049250313e-16,1.1456145992356381,-0.0005790749427193416,0.013179891515566422,0.0,0.0,0.00014813633890866794,0.001653610633719622,1.0065359477124187,2.220446049250313e-16,0.9999761850917834,1.8172732247333592,0.8506831475448962,0.14230304124630633,-0.6796565200696296,circles
circles_061,0.006024096385542169,0.0025791381012975445,0.098501234040481,0.0,0.0023591356225951274,0.23365407246948083,0.002366262920548587,0.23424660373197154,1.0030211480362539,0.0033464011143803066,0.5,0.0,,,0.005152493454372865,,,166.0,1.5993719051616881,0.0896555861556828,-0.9678946484181197,0.010742069110663374,6.651997594342356e-06,1.1934433919295127,0.06331609784424704,1.9718640547487571,0.020231799850515122,-2.6752362039160392e-18,4.161690854342536e-17,0.012187899933333204,0.0393907773062459,-2.0588001174364385,0.08633120836404064,2,0,0,2,0.0,1,332,0.0,2,0,,6.651953345564703e-06,4.030664172185196,0.0660994085135252,6.651997594342356e-06,1.0015094348213869,2.220446049250313e-16,1.1456145992356381,-0.02927194618849762,0.010668672567666673,0.0,0.0,0.0069145560180303356,0.0015733393660253506,1.0030211480362539,2.220446049250313e-16,0.9999933480466544,1.8120510374902097,0.8535547022163665,0.13940162835980946,-0.6858364658599152,circles
circles_062,0.0020512820512820513,0.011465601939340224,0.098501234040481,0.0,0.0007954330548944278,0.23365407246948083,0.0007962497212752229,0.23424660373197154,1.0010266940451746,0.001126067154863231,0.5,0.0007252377242939238,,,0.022924368599298476,,,487.5,1.546105103890227,0.0011074627968850818,-0.9096078338365816,0.028296660518908785,0.00013147731184247634,1.1472722212675948,0.0010469647572800434,2.1364628192097674,0.05452346368265562,-5.01023723933404e-18,1.35269504132756e-17,0.009771157953272231,0.016095808029662328,-2.0514719764761318,0.014478468614702051,2,0,0,2,0.0,1,975,0.0,2,0,,0.00013146002783140232,4.1879347956859,0.06900193229735767,0.00013147731184247634,1.0005132153276013,3.1401849173675503e-16,1.1456145992356381,-0.013426967098358443,0.01962689883348682,0.0,0.0,0.003912058244153821,0.001914523659782434,1.001026694045175,8.005932084973442e-16,0.9998685399721686,1.808311494471281,0.8568058794988173,0.18129303716357345,-0.6542913425703403,circles
circles_063,0.002621231979030144,0.013164225712758316,0.098501234040481,0.0,0.007695208034131686,0.23365407246948083,0.007705306732339216,0.23424660373197154,1.0013123359580063,0.01089694928311875,0.5,0.0009267454537176415,,,0.02626750802460014,,,381.5,1.552494983793513,0.00450845406447875,-0.909796227243147,0.02173609431703913,0.0001733268756160387,1.1499029533302205,0.0011715583171423558,2.1504750650579534,0.17132564206748827,2.677339928322789e-17,1.81085368760383e-17,-0.010130615191359178,0.020384498621446614,-2.134981545752968,0.07764801385929765,2,0,0,2,0.0,1,763,0.0,2,0,,0.00017329683861644718,4.285456610810921,0.24897365592678591,0.0001733268756160387,1.0006559528419376,0.0,1.1456145992356381,0.017543841447145336,0.018766782019135723,0.0,0.0,-0.002826124522099863,0.006367727987516691,1.0013123359580063,2.220446049250313e-16,0.9998267031613836,1.8088314628214541,0.8563749663197907,0.16965017923369288,-0.6624735299369142,circles
circles_064,0.002277904328018223,0.0012872142013488782,0.098501234040481,0.0,0.005008240103292363,0.23365407246948083,0.005013950753353133,0.23424660373197154,1.0011402508551885,0.007090797156462582,0.5,0.0,,,0.0025725128661794362,,,439.0,1.5747831361623073,0.006558173411443457,-0.9550693951453288,0.00492987637136256,1.6569231455439916e-06,1.1751589025357143,0.0029824522619982144,1.917524771999148,0.01238000223640232,-1.0115927331436511e-18,2.7181555093386536e-17,-0.006269806412056765,0.00754492560285009,-1.9556576995848307,0.03406825196710256,2,0,0,2,0.0,1,878,0.0,2,0,,1.6569204001542304e-06,3.873182471583979,0.021688249730700083,1.6569231455439916e-06,1.0005699629986844,2.220446049250313e-16,1.1456145992356381,0.001461707513450314,0.0023582646483890466,0.0,0.0,0.00024314412655851268,0.00154574536634644,1.0011402508551885,3.1401849173675503e-16,0.9999983430795999,1.8082757717974953,0.8571462748859874,0.12599462024027935,-0.6790976117362684,circles
circles_065,0.005555555555555556,0.005113634974409364,0.098501234040481,0.0,0.00039561101224566073,0.23365407246948083,0.00039671299278116394,0.23424660373197154,1.0027855153203342,0.0005610368947604955,0.5,0.0,,,0.010226856324415131,,,180.0,1.5347239318018708,0.007195597734500332,-0.9388678044324406,0.02437391136471327,2.6149946453320782e-05,1.144860328044762,0.006842932251653771,1.957522115927664,0.006724934170738223,9.86864910777917e-18,1.3956377410522446e-17,0.005768696044667042,0.0047086679832454015,-1.934104442646687,0.008888796259638277,2,0,0,2,0.0,1,360,0.0,2,0,,2.6149262651502652e-05,3.891626558574351,0.015613730430376501,2.6149946453320782e-05,1.0013917891216875,0.0,1.1456145992356381,0.007761801812440185,0.0019965325093201152,0.0,0.0,-7.28536900980513e-06,0.002238547911002466,1.0027855153203342,0.0,0.9999738507373485,1.8111375872051008,0.8549401742193564,0.1516648278989697,-0.6721317698646714,circles
circles_066,0.005115089514066497,0.016064708528327486,0.098501234040481,0.0,0.014776616966677356,0.23365407246948083,0.014814505728130381,0.23424660373197154,1.0025641025641028,0.02095087492057587,0.5,0.0018084572408863027,,,0.032118139348683655,,,195.5,1.5085213083344504,0.028436916654473274,-0.8165052923376328,0.020231283688289244,0.0002581414799264359,1.1311362459960674,0.014890129679052348,2.2984004563087908,0.12455074748903947,-3.4073340909211966e-18,4.01558173576413e-17,-0.05114769737793355,0.01645805428983889,-2.2457907121245726,0.062492031095887676,2,0,0,2,0.0,1,391,0.0,2,0,,0.0002580748601001179,4.544191168433363,0.18704277858492682,0.0002581414799264359,1.0012812305062464,3.1401849173675503e-16,1.1456145992356381,0.04293558349146815,0.030516888217911896,0.0,0.0,-0.01421271756740038,8.124139285362615e-05,1.002564102564103,4.965068306494546e-16,0.9997419251398999,1.8091082429573613,0.8587105306913051,0.22787923051532033,-0.600201968241671,circles
circles_067,0.00291970802919708,0.004033002645770404,0.098501234040481,0.0,0.008484869711588468,0.23365407246948083,0.008497274491868568,0.23424660373197154,1.0014619883040936,0.012016960829607523,0.5,0.0010322726732650237,,,0.008063998616245262,,,342.5,1.5564472216228615,0.027193657301834546,-0.9561852960369894,0.0185991750039812,1.6265374898908546e-05,1.1513257187710648,0.021807273408946105,1.9009271414436368,0.020275633025440404,1.2966108316790143e-18,2.3837900102644176e-17,0.010102207338529678,0.0069503071686398,-1.9112968111311557,0.035997797124447374,2,0,0,2,0.0,1,685,0.0,2,0,,1.626511034079108e-05,3.8122239525747927,0.015722164099006813,1.6265374898908546e-05,1.0007307271709476,0.0,1.1456145992356381,0.004663393978876017,0.0005056916928434176,0.0,0.0,-0.0013971288291760053,0.001374031656821236,1.0014619883040936,0.0,0.9999837348896592,1.8085748260342316,0.8572660333009965,0.13262646295615588,-0.67215733970836,circles
circles_068,0.011494252873563218,0.02723013818044957,0.098501234040481,0.0,0.012892408708436094,0.23365407246948083,0.012966931302126478,0.23424660373197154,1.0057803468208095,0.018338010109827756,0.5,0.0,,,0.05419689508168029,,,87.0,1.4438563570666467,0.003714137781943749,-0.6954985289293687,0.053312932456959276,0.000742030626510928,1.1016169072310622,0.04191278293464949,2.2247233882538904,0.06761005384655175,-2.2970131543968756e-17,1.804703975498592e-17,-0.028007941525923098,0.06762851182909195,-2.3239345402615736,0.03084220785265848,2,0,0,2,0.0,1,174,2.0,2,0,,0.0007414804253263774,4.548657928515464,0.03676784599389328,0.000742030626510928,1.0028860088867575,0.0,1.1456145992356381,-0.06538647918044574,0.09923934842084652,0.0,0.0,0.01665603552647127,0.0085813018829912,1.0057803468208095,2.220446049250313e-16,0.9992585195746736,1.8095361012464328,0.8652748034983437,0.29816325813214634,-0.4805798697651791,circles
circles_069,0.014598540145985401,0.008113689125765497,0.098501234040481,0.0,0.00985147986124706,0.23365407246948083,0.009923917213167995,0.23424660373197154,1.0073529411764708,0.014034538314729977,0.5,0.005161363366325197,,,0.01627195720494387,,,68.5,1.5919643170797135,0.024697021459487694,-0.9852713731078795,0.03112225536593115,6.583628536069228e-05,1.1728214248896767,0.004314994912502618,1.9046349939162384,0.0666698571598277,-6.888245043294768e-18,2.807829579397992e-17,-0.021216604909706005,0.020141357727339066,-1.8795954075820294,0.012256998342142451,2,0,0,2,0.0,1,137,0.0,2,0,,6.583195122956528e-05,3.7842304014982675,0.054412858817685095,6.583628536069228e-05,1.0036697371030328,0.0,1.1456145992356381,0.008216493259145237,0.0142145695686944,0.0,0.0,0.0006026196591470644,0.005773082475458914,1.0073529411764708,0.0,0.9999341680487704,1.8185675969476551,0.8498374315349462,0.14622602613975005,-0.6786084527623877,circles
circles_070,0.002290950744558992,0.030071155509410624,0.098501234040481,0.0,0.026666165076939734,0.23365407246948083,0.026696745541477506,0.23424660373197154,1.0011467889908257,0.03775489961598069,0.5,0.0008099734034210138,,,0.060888298220043935,,,436.5,1.5107283906942952,0.004943997621863002,-0.7419583944832877,0.019563102461941883,0.0009050928459556495,1.1219326334452144,0.004171412406537119,2.501106837765586,0.16910541946117486,-8.139092047652923e-18,5.755207179596884e-18,0.003927791036463298,0.0015960129140068667,-2.3265999778923225,0.016644552354654337,2,0,0,2,0.0,1,873,0.0,2,0,,0.0009042743936711569,4.827706815657908,0.18574997181582886,0.0009050928459556495,1.0005732301989823,3.1401849173675503e-16,1.1456145992356381,-0.004905566096969483,0.049949087404616746,0.0,0.0,0.001607082186943035,0.014728720977544069,1.0011467889908254,8.005932084973442e-16,0.9990957256063289,1.8028531605623874,0.8685088585693953,0.3113287085929615,-0.4755394432045983,circles
circles_071,0.00749063670411985,0.04260906197389345,0.098501234040481,0.0,0.021791137973640715,0.23365407246948083,0.021873059544970177,0.23424660373197154,1.00375939849624,0.03093317745909115,0.5,0.0026483400044440045,,,0.08601348173404896,,,133.5,1.4807311817880617,0.016823150458593554,-0.7557722379492036,0.03928238588952563,0.001818834314490937,1.119933011909624,0.03532093879145219,2.2404580032171344,0.15245897910388995,-2.328557654644523e-17,5.1748365679465245e-17,0.0053243114179817655,0.05440675586032912,-2.2605648186842773,0.18097891623627452,2,0,0,2,0.0,1,267,0.0,2,0,,0.0018155321622950926,4.501022821901412,0.028519937132384595,0.001818834314490937,1.001877935926448,0.0,1.1456145992356381,-0.04089763302816872,0.03983085321804381,0.0,0.0,0.012837965414642733,0.0003165096095377863,1.00375939849624,0.0,0.9981844678377049,1.805940908981956,0.8681100317646301,0.3154908626382166,-0.4499889838587592,circles
circles_072,0.002472187886279357,0.010336377121375181,0.098501234040481,0.0,0.011208576896193406,0.23365407246948083,0.011222448897302556,0.23424660373197154,1.0012376237623763,0.01587093943360411,0.5,0.0008740504093777194,,,0.020730866223256608,,,404.5,1.4714362624454078,0.04947983016480367,-0.7507998445847837,0.09991662678101045,0.00010685210814846402,1.1034931097929608,0.028572815437376654,2.618027232755298,0.06924879543501541,-2.96425430555048e-17,1.3973628804107762e-17,0.004153844268234022,0.007406328943050184,-2.220537396616158,0.15244054719335318,2,0,0,2,0.0,1,809,0.0,2,0,,0.00010684069199528829,4.838564629371456,0.2216893426283689,0.00010685210814846402,1.0006186205355045,0.0,1.1456145992356381,-0.02849945048770606,0.004664111800399193,0.0,0.0,0.010901981080662964,0.004309064621200009,1.0012376237623761,0.0,0.9998931593080047,1.8039452503423787,0.8664479377416037,0.29578340706229156,-0.49422642200693456,circles
circles_073,0.003472222222222222,0.0057008741271957234,0.098501234040481,0.0,0.001129786783386466,0.23365407246948083,0.0011317516299662693,0.23424660373197154,1.0017391304347836,0.0016005385043362985,0.5,0.0,,,0.011395410181928417,,,288.0,1.5707812396922565,0.015371905539385593,-0.9574843745349451,0.011110505440336519,3.250102209623665e-05,1.1616503681294221,0.0024476400181623614,1.897141554251148,0.011016065543522106,-3.854941057726232e-19,1.2538932829766258e-17,0.005730997633263343,0.014278105132788705,-1.877094810123825,0.03405666497430498,2,0,0,2,0.0,1,576,0.0,2,0,,3.24999658141296e-05,3.774236364374973,0.02304059943078287,3.250102209623665e-05,1.0008691874739593,2.220446049250313e-16,1.1456145992356381,-0.0019350033924295578,0.007582053487063189,0.0,0.0,7.394036186640454e-05,9.606884006947189e-05,1.0017391304347836,3.1401849173675503e-16,0.9999675000341859,1.8091738812249558,0.8566483463081938,0.13183979815112243,-0.6759734770377128,circles
circles_074,0.0033003300330033004,0.013558663957264594,0.098501234040481,0.0,0.005850053260652063,0.23365407246948083,0.005859722770173794,0.23424660373197154,1.001652892561982,0.008286899413326266,0.5,0.0,,,0.027177660902667777,,,303.0,1.536101446376505,0.04906277395645584,-0.8284010272624487,0.03572630988374561,0.00018387117069815448,1.1407699303307326,0.032495977139399085,2.3429746332685353,0.04462247138052529,-2.1984614349013002e-17,6.010915023343826e-17,0.022079116312786196,0.0074019746679622805,-2.3590223053233434,0.06976117776352773,2,0,0,2,0.0,1,606,0.0,2,0,,0.00018383736830602599,4.701996938591879,0.02513870638300244,0.00018387117069815448,1.000826105056209,3.1401849173675503e-16,1.1456145992356381,0.006907051391805705,0.023914641907336987,0.0,0.0,-0.003896540655765876,0.00029643289050033234,1.0016528925619819,6.280369834735101e-16,0.9998161626316939,1.8076706699414686,0.8596152158269934,0.2401997960358457,-0.5740598344943737,circles
circles_075,0.00211864406779661,0.0071212789852862085,0.098501234040481,0.0,0.003478980701493934,0.23365407246948083,0.0034826699705305135,0.23424660373197154,1.0010604453870628,0.004925239105593874,0.5,0.0,,,0.014256264969996667,,,472.0,1.5737365074634053,0.008596393848975394,-0.954714045820706,0.0019211429236992874,5.071518628596462e-05,1.163658285766311,0.002584487751404939,1.903362117029551,0.018526513636735537,-1.2701704095287808e-17,5.987640732268633e-18,0.0046230251946570294,0.016787350119735478,-1.9013593836711462,0.009286833820191409,2,0,0,2,0.0,1,944,0.0,2,0,,5.071261438627897e-05,3.8047215007006967,0.027813347456927102,5.071518628596462e-05,1.0005300821999619,2.220446049250313e-16,1.1456145992356381,0.01556420169570515,0.0023995613805244146,0.0,0.0,-0.003594137158533148,0.00032525456200817684,1.0010604453870628,3.1401849173675503e-16,0.9999492873856137,1.8079324611725616,0.8576840895031084,0.12974387498859283,-0.674193717360791,circles
circles_076,0.00245398773006135,0.00196142957761488,0.098501234040481,0.0,0.0027894541610945494,0.23365407246948083,0.0027928810089583016,0.23424660373197154,1.0012285012285012,0.003949730200963322,0.5,0.0008676156824374766,,,0.00392298904913156,,,407.5,1.5678058919470843,0.011512503453051753,-0.9427795192467585,0.011891921601594685,3.847220788993344e-06,1.1591851681109564,0.0022355649242646936,1.940780283470429,0.023402281711449854,-1.362236840030867e-17,7.705975257343692e-19,0.005734901081150226,0.013771920047364319,-1.907117836853606,0.023246985664814743,2,0,0,2,0.0,1,815,0.0,2,0,,3.847205987942488e-06,3.847898120324035,0.00015529604663542596,3.847220788993344e-06,1.0006140620781327,3.1401849173675503e-16,1.1456145992356381,-0.0037342653204269867,0.0021759453746432763,0.0,0.0,0.0010487029695753069,0.000539196563450405,1.0012285012285012,6.280369834735101e-16,0.9999961527940121,1.8081053795490216,0.8577114557704674,0.13041109014923763,-0.671812938932105,circles
circles_077,0.008264462809917356,0.058014315743141295,0.098501234040481,0.0,0.014110237771062933,0.23365407246948083,0.014168786475507173,0.23424660373197154,1.0041493775933608,0.020037689996030658,0.5,0.0,,,0.1166964342811234,,,121.0,1.5238362268581565,0.0981730744034746,-0.6929262497154283,0.06420350051469131,0.0033770267578294468,1.093714072001859,0.034293239200628135,2.5021182385994543,0.2531381223017907,8.028472285512497e-18,3.4710721710571066e-17,-0.03529292920999515,0.04341528718616168,-2.3889697357289865,0.3007580601097481,2,0,0,2,0.0,1,242,0.0,2,0,,0.003365660831144892,4.891087974328441,0.04761993780795735,0.0033770267578294468,1.0020725410834093,2.220446049250313e-16,1.1456145992356381,-0.0007460274616054585,0.09039493297322121,0.0,0.0,-0.005024341618337258,0.03693604910752016,1.004149377593361,3.1401849173675503e-16,0.9966343391688551,1.8039817720979217,0.8730677386731717,0.3461236777937594,-0.37717990828031134,circles
circles_078,0.003898635477582846,0.02160008616335033,0.098501234040481,0.0,0.010860954356558285,0.23365407246948083,0.010882167158035938,0.23424660373197154,1.001953125,0.015389708382905315,0.5,0.0013783757917866814,,,0.04321470477620887,,,256.5,1.5349220058309383,0.0006613675790293181,-0.8034921719024701,0.0023602941812705426,0.0004667815055808863,1.1419891998153366,0.005448518982203245,2.4128383763597756,0.053354923837794145,-7.791038769299344e-18,6.121218162509844e-18,0.007918312754904394,0.009058583636550835,-2.170816904976691,0.10350515687939828,2,0,0,2,0.0,1,513,0.0,2,0,,0.0004665637222641584,4.583655281336466,0.1568600807171921,0.0004667815055808863,1.0009760861279355,0.0,1.1456145992356381,0.03204466327267351,0.020634909580646732,0.0,0.0,-0.0010185716055361178,0.00407290184509235,1.0019531250000004,2.220446049250313e-16,0.9995334362777358,1.8071911303937134,0.8613203342695986,0.26543169757963814,-0.5538334925655168,circles
circles_079,0.0037105751391465678,0.02614012230126478,0.098501234040481,0.0,0.002057509169673012,0.23365407246948083,0.0020613335361593923,0.23424660373197154,1.0018587360594793,0.0029151658434109474,0.5,0.0013118864214963612,,,0.052243494735906074,,,269.5,1.5182851334227272,0.01189788949739697,-0.744305859921667,0.06230126743192353,0.0006837732202649728,1.129441852351356,0.011018180739698031,2.443909300574168,0.04092168202180453,2.2245656152043952e-17,4.777275755549891e-17,0.004408635791370314,0.016308626556620263,-2.2409928931681735,0.00013796123310859265,2,0,0,2,0.0,1,539,0.0,2,0,,0.0006833059939250802,4.684902193742341,0.04078372078869531,0.0006837732202649728,1.0009289365681657,2.220446049250313e-16,1.1456145992356381,0.022997042377261863,0.053095927409398724,0.0,0.0,-0.002403785194045399,0.014498409850697827,1.0018587360594793,3.1401849173675503e-16,0.9993166940060749,1.803794443871679,0.8681938426961897,0.30622103375040693,-0.4512937710325322,circles
circles_080,0.003110419906687403,0.006337279284773481,0.098501234040481,0.0,0.0017263283121462956,0.23365407246948083,0.0017290172970561794,0.23424660373197154,1.001557632398753,0.002445199711074252,0.5,0.001099699504178172,,,0.012683505561319246,,,321.5,1.5641181818368404,0.03668977088778854,-0.9395274694420428,0.003810273236837803,4.016272171265281e-05,1.1623915949999486,0.03215565299415072,1.9662896306462652,0.01230381293214055,2.348216661726614e-17,1.9534587355319125e-18,-0.0015515123846347248,0.027194007586981518,-2.0126500381665284,0.02714031648459334,2,0,0,2,0.0,1,643,0.0,2,0,,4.016110873321909e-05,3.978939668812794,0.01483650355245279,4.016272171265281e-05,1.000778513158008,8.005932084973442e-16,1.1456145992356381,-0.01086650887677727,0.0003714187835496924,0.0,0.0,0.0009334473306667465,0.001450682487428757,1.001557632398753,1.7342238036525468e-15,0.9999598388912668,1.8091204339992752,0.8563374246646508,0.16564248616434826,-0.6661161139554035,circles
circles_081,0.003629764065335753,0.03477508903773289,0.098501234040481,0.0,0.04293192140459738,0.23365407246948083,0.04300997944351483,0.23424660373197154,1.001818181818182,0.060825296246406826,0.5,0.0012833153923530482,,,0.06940704242249053,,,275.5,1.4553208029846043,0.02424071846472419,-0.5720530914169581,0.055959923097035257,0.00121077101122065,1.081632224247973,0.030632360006191725,2.563243885749774,0.04243017733603801,-3.7074598281493433e-17,3.875364326333819e-17,-0.01623548369980449,0.01318060794336433,-2.447749340759959,0.15783499617046673,2,0,0,2,0.0,1,551,0.0,2,0,,0.00120930681758225,5.010993226509734,0.11540481883442871,0.00121077101122065,1.0009086780611813,2.220446049250313e-16,1.1456145992356381,0.04111383321469631,0.01563101539729554,0.0,0.0,-0.012231499168539798,0.0006767720997533584,1.001818181818182,2.220446049250313e-16,0.9987906931824178,1.7994999368618525,0.8769679039206141,0.3706479545707859,-0.3390407676936591,circles
circles_082,0.007434944237918215,0.009424914850275475,0.098501234040481,0.0,0.008638774622630423,0.23365407246948083,0.008671008856296958,0.23424660373197154,1.0037313432835826,0.012262658324032377,0.5,0.0026286497441878783,,,0.018780416839391658,,,134.5,1.579022626190178,0.0044002148033938085,-0.9618235311989627,0.018692578122622892,8.883691123070183e-05,1.1754331520632588,0.0018476415642061006,1.8733972126780123,0.07275344748711803,8.254446279740941e-18,1.1673549878689778e-17,-0.0001781277021004543,0.014045392113068803,-1.8710199331487722,0.06465590036689087,2,0,0,2,0.0,1,269,0.0,2,0,,8.882901993494317e-05,3.7444171458267848,0.008097547120226995,8.883691123070183e-05,1.0018639345158515,2.220446049250313e-16,1.1456145992356381,-0.020503484367174352,0.009778211850658216,0.0,0.0,0.00453594661876648,0.0012832188897731634,1.0037313432835824,3.1401849173675503e-16,0.9999111709800651,1.8121385535074048,0.8550317163862521,0.1420053598818203,-0.667066370238846,circles
circles_083,0.0022988505747126436,0.0037457449600305044,0.098501234040481,0.0,0.0031662493836998704,0.23365407246948083,0.003169892938801941,0.23424660373197154,1.001150747986191,0.004482905585324244,0.5,0.0,,,0.007502645209628917,,,435.0,1.5519176963403263,0.013940247333847288,-0.9335690431018251,0.004639486663815637,1.4030802166241241e-05,1.1479295464850876,0.015247969740914207,1.9834769750270724,0.04782892995762397,2.3991026279256256e-17,2.3822092476581413e-17,0.023972740217183396,0.01353574861196643,-1.9728974897832265,0.05040841266222917,2,0,0,2,0.0,1,870,0.0,2,0,,1.4030605305593925e-05,3.956374464810299,0.0025794827046050346,1.4030802166241241e-05,1.0005752085606514,2.220446049250313e-16,1.1456145992356381,-8.195262513562777e-05,0.0023574749260849215,0.0,0.0,0.0011123518212111205,0.0012077491881865496,1.0011507479861907,4.965068306494546e-16,0.9999859693946944,1.8081427065958358,0.8574514240054937,0.14918329454600265,-0.6673021792988121,circles
circles_084,0.0023501762632197414,0.011984874910685625,0.098501234040481,0.0,0.0032777569585120286,0.23365407246948083,0.0032816131431691,0.23424660373197154,1.0011764705882347,0.004640901813531392,0.5,0.0008309127863531766,,,0.023991281518296017,,,425.5,1.561104008843806,0.018543397961551567,-0.7967408532095968,0.05276895838097724,0.00014365786124155336,1.1590010763121874,0.0075289715170992685,2.220947422978785,0.17710741915662256,-1.2524255036899535e-17,3.5423942663605737e-17,0.0012309889906279604,0.0637946026221792,-2.5640913129629217,0.23396638027549557,2,0,0,2,0.0,1,851,0.0,2,0,,0.00014363722662478177,4.785038735941707,0.41107379943211814,0.00014365786124155336,1.0005880623854329,6.280369834735101e-16,1.1456145992356381,0.020926367264461822,0.03711857197422376,0.0,0.0,-0.00708603051949668,0.013713948708679015,1.0011764705882347,1.1102230246251565e-15,0.9998563627733752,1.8031671879448055,0.8679250973858064,0.30255588891749374,-0.47392571681522977,circles
circles_085,0.008888888888888889,0.004515089454086635,0.098501234040481,0.0,0.023645192756583076,0.23365407246948083,0.02375075165281782,0.23424660373197154,1.0044642857142858,0.03358863510397032,0.5,0.003142696805273565,,,0.009127678872445706,,,112.5,1.4937874292857076,0.027963693518,-0.9069012604431201,0.04617788184680674,2.0386448377209206e-05,1.1251897506682478,0.009788742611868913,2.0166395447429837,0.08003910934784321,-3.009937977872646e-17,2.093456611578367e-18,0.02787318088783819,0.04474644608463108,-2.1414991527031226,0.029065165094437677,2,0,0,2,0.0,1,225,0.0,2,0,,2.038603277840435e-05,4.158138697446106,0.05097394425340616,2.0386448377209206e-05,1.0022296571715916,2.220446049250313e-16,1.1456145992356381,-0.042044847044177235,0.02303431075316456,0.0,0.0,0.010339224683301751,0.004231773436668505,1.004464285714286,2.220446049250313e-16,0.9999796139672216,1.8126695478871497,0.8556203907222759,0.19813239714807646,-0.6273663395993623,circles
circles_086,0.006230529595015576,0.009588094486892197,0.098501234040481,0.0,0.025398663528100565,0.23365407246948083,0.02547803435162589,0.23424660373197154,1.0031250000000003,0.03603138172267677,0.5,0.002202824863509455,,,0.019027027258525776,,,160.5,1.4971376612800391,0.0434752133062991,-0.7055856293182321,0.1609344898969146,9.194000807756362e-05,1.1216631409164468,0.05817446859091905,2.2574486163990963,0.16587290909265504,2.7669109647978975e-18,1.956501506148006e-17,0.0008984762405315682,0.017732778369396265,-2.3751107131377864,0.06197343949981037,2,0,0,2,0.0,1,321,0.0,2,0,,9.193155588957254e-05,4.632559329536883,0.22784634859246602,9.194000807756362e-05,1.0015612812005066,2.220446049250313e-16,1.1456145992356381,-0.0857786178480108,0.0819801852222718,0.0,0.0,0.020543515027490616,0.0045699108643237,1.0031250000000003,4.965068306494546e-16,0.9999080684441104,1.8045503604418274,0.8695389563609401,0.3160331365772295,-0.4280469673352245,circles
circles_087,0.0024242424242424242,0.002536759990230494,0.098501234040481,0.0,0.0028326730814457295,0.23365407246948083,0.0028361107914960273,0.23424660373197154,1.0012135922330097,0.004010866345726312,0.5,0.0008570991287109722,,,0.005067180809320114,,,412.5,1.5594247876508196,0.007916121864661632,-0.9491363353836104,0.01268942594359725,6.43519265947229e-06,1.1560633868142096,0.0039473093243423156,1.916126285949502,0.031163991213722694,2.90676573720041e-17,1.3702625093967493e-17,0.007318128535493622,0.0027295381356823053,-1.9424650025857715,0.0018013315303664738,2,0,0,2,0.0,1,825,0.0,2,0,,6.435151248034216e-06,3.8585912885352736,0.029362659683356378,6.43519265947229e-06,1.0006066121273682,0.0,1.1456145992356381,-0.005049686425514876,0.00019510400740981284,0.0,0.0,0.0014922753193325495,0.0011136542077445938,1.0012135922330097,2.220446049250313e-16,0.999993564848752,1.8079654221617971,0.8579716785531759,0.13580605286563613,-0.6677594101733315,circles
circles_088,0.00784313725490196,0.010083888714621209,0.098501234040481,0.0,0.003549217392478781,0.23365407246948083,0.003563190689299562,0.23424660373197154,1.0039370078740153,0.005039112598129125,0.5,0.002772967769359,,,0.020185237168068224,,,127.5,1.547280979372271,0.0006690397813128681,-0.9321796200143597,0.011320330415957423,0.00010169515246128453,1.1449524284151762,0.0017054821028522666,2.0736655417183494,0.022315927143436574,3.374207231703907e-17,3.1093987907266915e-17,0.005826857512595637,0.007354769185256873,-1.9096848858293587,0.045233425073138975,2,0,0,2,0.0,1,255,0.0,2,0,,0.00010168481160886496,3.983350427547708,0.022917497929702556,0.00010169515246128453,1.0019665702377578,2.220446049250313e-16,1.1456145992356381,0.0006879682554583495,0.035578424282302956,0.0,0.0,0.0036251493921778248,0.012054068815477784,1.0039370078740157,3.1401849173675503e-16,0.9998983151883911,1.8125586756656085,0.8546221848076484,0.166646949522275,-0.6594333277008424,circles
circles_089,0.0035087719298245615,0.007842575283606344,0.098501234040481,0.0,0.002072213466295935,0.23365407246948083,0.0020758553177305495,0.23424660373197154,1.0017574692442883,0.002935702743858817,0.5,0.0,,,0.015700939899601595,,,285.0,1.5812575270240117,0.0017003444302550802,-0.953033434784962,0.006030086839419749,6.150977029817033e-05,1.1714920761463157,0.009497956404426583,1.930494307759551,0.024448476066599677,-2.804773956947764e-17,4.407277077007086e-18,0.005837091880243885,0.012340589264453514,-1.8883355457321827,0.03337633098496828,2,0,0,2,0.0,1,570,0.0,2,0,,6.150598707903314e-05,3.8188298534917338,0.057824807051567804,6.150977029817033e-05,1.0008783488737723,8.005932084973442e-16,1.1456145992356381,-0.007248951906005477,0.01657762006947888,0.0,0.0,0.001803229163750069,0.0016921850566000822,1.0017574692442883,1.4217791915866692e-15,0.999938494012921,1.8091991486212196,0.8566377983753731,0.13013544893194776,-0.6762604634690699,circles
circles_090,0.003472222222222222,0.0009515141316243478,0.098501234040481,0.0,0.004551909826469655,0.23365407246948083,0.0045598261913852535,0.23424660373197154,1.0017391304347825,0.006448568041921048,0.5,0.0,,,0.0019059501440715028,,,288.0,1.5780901715965194,0.01015837713110565,-0.962593503445424,0.011902275894301475,9.053799623929709e-07,1.1686641214854974,0.005062404125824986,1.9272135368605605,0.052766888513860626,3.430897541376352e-17,1.3629274814963324e-17,0.0007652724455701468,0.02222756987306857,-1.8824102193214107,0.005201138346088988,2,0,0,2,0.0,1,576,0.0,2,0,,9.053791426808367e-07,3.809623756181971,0.04756575016777148,9.053799623929709e-07,1.0008691874739588,6.280369834735101e-16,1.1456145992356381,0.0006035837090063991,0.010379881275174056,0.0,0.0,0.00047476245549762914,0.0013938972247561948,1.0017391304347825,1.2560739669470201e-15,0.9999990946208573,1.8092678202322474,0.856449926388684,0.1267437695774773,-0.6793738499954758,circles
circles_091,0.0020855057351407717,0.005832277115364074,0.098501234040481,0.0,0.003181948635357689,0.23365407246948083,0.0031852700848726745,0.23424660373197154,1.0010438413361162,0.004504652153848247,0.5,0.0007373376237607761,,,0.011660020224124582,,,479.5,1.5782926162594704,0.013217946275821228,-0.9653734079431526,0.001446315553510172,3.401661344102917e-05,1.1722138170747864,0.008916568745821585,1.9211564635097118,0.00659259924706775,-4.630752970282196e-18,1.1787972578230636e-17,0.003756469693410593,0.010808297861422556,-1.872063297779904,0.013425857351642013,2,0,0,2,0.0,1,959,0.0,2,0,,3.401545635039948e-05,3.793219761289616,0.02001845659870992,3.401661344102917e-05,1.0005217845385057,9.42055475210265e-16,1.1456145992356381,-0.0044928651288096925,0.02337521051786153,0.0,0.0,0.0019058202752590882,0.0055015398818885316,1.001043841336116,1.7342238036525468e-15,0.9999659845436496,1.8079585278056107,0.8575904191858916,0.13033150100669688,-0.67508248615367,circles
circles_092,0.004329004329004329,0.0024069599050660926,0.098501234040481,0.0,0.002548697150779627,0.23365407246948083,0.0025542257780047455,0.23424660373197154,1.002169197396963,0.0036122207366170345,0.5,0.0,,,0.004807904480387453,,,231.0,1.5599270091535362,0.01701403182051535,-0.9645144043965654,0.003005569037144366,5.7934895489224725e-06,1.1590960564704602,0.005967587360296329,1.8960570599696478,0.02544023931911448,7.209240419643873e-18,1.699234262644778e-17,0.0017304359018036493,0.004977540191435634,-1.8840156736722453,0.006059416904019605,2,0,0,2,0.0,1,462,0.0,2,0,,5.793455984595773e-06,3.7800727336418927,0.019380822415095034,5.7934895489224725e-06,1.0010840111583859,3.1401849173675503e-16,1.1456145992356381,0.001026846459076977,0.0087154462468287,0.0,0.0,0.00011241798946168421,0.0022295224579973846,1.002169197396963,4.965068306494546e-16,0.9999942065440154,1.8097382463482743,0.8564603139037587,0.13461924308539427,-0.6726193304063006,circles
circles_093,0.0023446658851113715,0.01472605840801477,0.098501234040481,0.0,0.016542914789657064,0.23365407246948083,0.016562331356311598,0.23424660373197154,1.0011737089201882,0.023422673628613166,0.5,0.0008289645734895135,,,0.02945158809576165,,,426.5,1.494522636483342,0.004469249025874003,-0.6978761240343523,0.0866980753302462,0.00021690383330664475,1.1217203825389064,0.01310875865673551,2.4716863690670774,0.016821823557006548,2.34279184563339e-17,2.2088053346078915e-18,0.03327546209949106,0.011691468059091853,-2.406045871329437,0.048982178854600836,2,0,0,2,0.0,1,853,0.0,2,0,,0.0002168567962362625,4.877732240396514,0.06580400241160707,0.00021690383330664475,1.000586682361997,3.1401849173675503e-16,1.1456145992356381,-0.002191714405110743,0.012916539925723473,0.0,0.0,0.0020562155638419836,0.0027578595956710187,1.001173708920188,4.965068306494546e-16,0.9997831432037637,1.8034549103769049,0.8673207145676752,0.3057950291853749,-0.47737189004647007,circles
circles_094,0.010526315789473684,0.01704730546219714,0.098501234040481,0.0,0.04026959180010973,0.23365407246948083,0.04048265842339073,0.23424660373197154,1.0052910052910051,0.057251124583276726,0.5,0.0,,,0.03378724425762244,,,95.0,1.5015895416432106,0.03841381257435857,-0.9033260205446738,0.007757773490821378,0.00029069510260647957,1.121037250126018,0.02289699773134552,2.0136596882379356,0.005673034646361914,4.2071609354216454e-17,6.610915615510631e-18,0.01825223780787918,0.05228455063560259,-1.988427555010921,0.017827460515121695,2,0,0,2,0.0,1,190,0.0,2,0,,0.0002906106235214565,4.002087243248857,0.012154425868759939,0.00029069510260647957,1.0026420125303972,3.1401849173675503e-16,1.1456145992356381,-0.04008802144794699,0.06225006225874844,0.0,0.0,0.010721595256243478,0.015286602226801229,1.0052910052910053,6.280369834735101e-16,0.9997093893764786,1.8142949009549094,0.8541065703605358,0.21329390954734762,-0.6432097665627174,circles
circles_095,0.005952380952380952,0.004551648741796115,0.098501234040481,0.0,0.004372239839784843,0.23365407246948083,0.004385291301993155,0.23424660373197154,1.0029850746268656,0.0062017384342353465,0.5,0.0,,,0.009083512842695903,,,168.0,1.5531048329424806,0.013338343403774799,-0.9520008064110381,0.025802042734623932,2.07179354926526e-05,1.156474745748537,0.01617934600839196,1.8932991997222928,0.014154423785524438,2.1807952269422717e-17,2.897194417809347e-17,0.01540569179415922,0.006288531875039903,-1.900115518953335,0.06477281652203248,2,0,0,2,0.0,1,336,0.0,2,0,,2.0717506268694158e-05,3.7934147186756277,0.07892724030755677,2.07179354926526e-05,1.0014914251389604,3.1401849173675503e-16,1.1456145992356381,-0.008073836664531039,0.008319539788883244,0.0,0.0,0.002182912605178268,0.001308653514328685,1.0029850746268658,6.280369834735101e-16,0.9999792824937314,1.8112958500707137,0.8550717174740795,0.13703681071097412,-0.6770359536701696,circles
circles_096,0.014184397163120567,0.013184703998355477,0.098501234040481,0.0,0.003936126090051357,0.23365407246948083,0.0039642412764088674,0.23424660373197154,1.0071428571428576,0.005606283777616896,0.5,0.005014941710542858,,,0.026330728056491948,,,70.5,1.5329280798566405,0.003507081143603112,-0.9692064704384236,0.007000321284910346,0.00017386664387909756,1.1462855674754144,0.010943121689912615,1.8535617815093377,0.027692257066511076,-3.03146003177791e-17,2.8395289146408695e-17,0.020022852568434734,0.011543295792973777,-1.8821767293456548,0.06151344645608677,2,0,0,2,0.0,1,141,0.0,2,0,,0.00017383641952425092,3.7357385108549925,0.0338211893895757,0.00017386664387909756,1.003565073696199,2.220446049250313e-16,1.1456145992356381,-0.0016866253093306893,0.005711710890766342,0.0,0.0,0.0025804159137115695,0.0034552173834721794,1.0071428571428573,3.1401849173675503e-16,0.9998261635804757,1.8182675538301962,0.8499850182560769,0.14507091208170222,-0.6785598913752384,circles
circles_097,0.0025380710659898475,0.0037204897704954235,0.098501234040481,0.0,0.014496934210510496,0.23365407246948083,0.0145153547114133,0.23424660373197154,1.0012706480304954,0.0205278114955372,0.5,0.0,,,0.0074898354368068245,,,394.0,1.5096167573308845,0.001940371808311623,-0.8249197338055527,0.030917077499608116,1.3842235737199054e-05,1.128759338404059,0.011854573062016318,2.324457523704213,0.1340908751702721,3.155963927868465e-17,6.37600998450264e-17,-0.016973996621220476,0.039321030891886544,-2.1118109798061413,0.03784079524849149,2,0,0,2,0.0,1,788,0.0,2,0,,1.384204413236109e-05,4.436268503510354,0.17193167041876356,1.3842235737199054e-05,1.0006351223250638,8.005932084973442e-16,1.1456145992356381,-0.020960564177481503,0.008508873864553332,0.0,0.0,0.00509112071565547,0.0012021300344576054,1.0012706480304954,1.7342238036525468e-15,0.9999861579558676,1.807305187313967,0.8594943583468179,0.22831143135523943,-0.6063749762299837,circles
circles_098,0.002512562814070352,0.005451920291549282,0.098501234040481,0.0,0.000839620259911532,0.23365407246948083,0.0008406763860246287,0.23424660373197154,1.0012578616352206,0.0011888959466829258,0.5,0.0,,,0.010900654329005385,,,398.0,1.5511861378534157,0.021696451856258642,-0.9314372393361565,0.025984697434538566,2.9724318374247923e-05,1.1493084941511131,0.019812066669388353,2.087541783992479,0.06344759922359522,-2.0084436626384742e-17,3.155964741072915e-18,-0.0019740372776215617,0.005828919419676885,-2.0465845606015076,0.0041334161975646105,2,0,0,2,0.0,1,796,0.0,2,0,,2.9723434865406807e-05,4.134126344593986,0.06758101542115982,2.9724318374247923e-05,1.000628733164914,3.1401849173675503e-16,1.1456145992356381,-0.007136758787044819,0.03187069072697918,0.0,0.0,0.004554913429527256,0.007010489970472811,1.0012578616352208,4.965068306494546e-16,0.9999702765651346,1.8087168204761042,0.8564898772710025,0.16505437437640508,-0.6667927350152172,circles
circles_099,0.010471204188481676,0.05152263347078428,0.098501234040481,0.0,0.0007430481362940351,0.23365407246948083,0.0007469589159587403,0.23424660373197154,1.0052631578947366,0.0010563594294845588,0.5,0.0037021297444321507,,,0.1030607364132489,,,95.5,1.5369576185059917,0.018889896038420177,-0.655346583774387,0.16379212341540705,0.0026616473201918883,1.131517197065473,0.023836538759634734,2.2301613280493338,0.10666224134289862,5.463924833233755e-17,2.794928984044417e-17,-0.05323052456183138,0.05465223839636574,-2.3028141405234717,0.07078473283314216,2,0,0,2,0.0,1,191,1.0,2,0,,0.00265458175976478,4.532975468572805,0.17744697417604108,0.0026616473201918883,1.0026281254257416,0.0,1.1456145992356381,0.04379766066080712,0.10408913525421451,0.0,0.0,-0.016204708853758968,0.028429965735764545,1.0052631578947366,0.0,0.9973454182402353,1.804169647832634,0.8752282636080808,0.3654661717403435,-0.36917436990484465,circles
