{
  "dataset_id": "anisotropic_085",
  "shape": "anisotropic",
  "index": 85,
  "seed": 31323,
  "n_samples": 243,
  "n_features": 5,
  "n_clusters": 5,
  "cluster_std": 0.6841076080711295,
  "noise": 0.010744082070013027,
  "actual_n_samples": 243,
  "actual_n_features": 5,
  "transformation": [
    [
      0.7031310428435836,
      -0.17667110507029873,
      0.6475308559311621,
      -1.332248826594963,
      0.48792542345032563
    ],
    [
      1.9215230150693072,
      -1.5851575668531441,
      0.003120271927625098,
      -0.19942795165992094,
      0.5289176962951697
    ],
    [
      -0.8083141293997101,
      1.557101447377757,
      1.296144034705139,
      0.4247246798081739,
      -0.3647341842473189
    ],
    [
      -0.7267980048980576,
      -1.469091241949568,
      -0.24996150994532662,
      -0.20551070815330663,
      0.7091017213631239
    ],
    [
      0.5618355457289534,
      0.6953735709157026,
      0.6229561949225205,
      -0.9749723555391462,
      -1.7880215151411374
    ]
  ]
}