{
  "dataset_id": "anisotropic_074",
  "shape": "anisotropic",
  "index": 74,
  "seed": 85710,
  "n_samples": 554,
  "n_features": 5,
  "n_clusters": 7,
  "cluster_std": 2.077285878372638,
  "noise": 0.20490820795695122,
  "actual_n_samples": 554,
  "actual_n_features": 5,
  "transformation": [
    [
      -0.5659454505382613,
      2.0695684743371974,
      -0.5890819499494124,
      -0.8718405967052886,
      -1.8315995890401584
    ],
    [
      -0.29149634893615467,
      0.20087645512790586,
      0.20780846159447003,
      -0.3133491763347287,
      0.1506887086358649
    ],
    [
      -0.4432243116115399,
      -1.6704549894435232,
      -0.7359853823516261,
      0.910273576595754,
      -0.6439100813781174
    ],
    [
      1.4315424981852856,
      -0.07771849538919731,
      0.6390765375398053,
      -0.5335262254050595,
      1.4085642800492708
    ],
    [
      -1.3504830736379405,
      -0.06248215781237003,
      -1.2049902720000802,
      0.568741502041549,
      -0.8999145692710895
    ]
  ]
}