{
  "dataset_id": "anisotropic_024",
  "shape": "anisotropic",
  "index": 24,
  "seed": 6631,
  "n_samples": 465,
  "n_features": 5,
  "n_clusters": 4,
  "cluster_std": 1.2900197429672642,
  "noise": 0.09765801107114062,
  "actual_n_samples": 465,
  "actual_n_features": 5,
  "transformation": [
    [
      -0.8202566368546852,
      -0.8828445969526318,
      -0.15479973603717917,
      0.8265641682150192,
      0.02065398842096119
    ],
    [
      -0.5622565921957678,
      -0.6736354236880434,
      1.606741663192204,
      0.7645572086430109,
      -0.8750404809198694
    ],
    [
      0.3377725642456269,
      -0.7042275794107296,
      -0.8107616664255552,
      -0.12992577436989192,
      0.13006354942765777
    ],
    [
      -0.6055278852050368,
      0.7494437108717212,
      1.8939686161206692,
      1.3727009795362632,
      -0.014870282029366591
    ],
    [
      0.2948585651776243,
      0.24904470600075032,
      -0.6173000297804592,
      0.5088682203588318,
      -0.6716897655024437
    ]
  ]
}