{
  "dataset_id": "anisotropic_047",
  "shape": "anisotropic",
  "index": 47,
  "seed": 39387,
  "n_samples": 727,
  "n_features": 3,
  "n_clusters": 5,
  "cluster_std": 0.8481888645133602,
  "noise": 0.10478470212739384,
  "actual_n_samples": 727,
  "actual_n_features": 3,
  "transformation": [
    [
      -1.6813642699480686,
      -2.255316497901729,
      -0.6875956010828124
    ],
    [
      1.0142781069065632,
      0.9836438115893964,
      -2.0018378423117777
    ],
    [
      -0.3426702407748865,
      1.302427652540475,
      -0.4494730081589216
    ]
  ]
}