{
  "dataset_id": "anisotropic_029",
  "shape": "anisotropic",
  "index": 29,
  "seed": 9748,
  "n_samples": 939,
  "n_features": 10,
  "n_clusters": 7,
  "cluster_std": 2.0513889157541656,
  "noise": 0.18568807501517265,
  "actual_n_samples": 939,
  "actual_n_features": 10,
  "transformation": [
    [
      0.9337833195433125,
      0.7971456270693708,
      -0.08999126483827945,
      -0.07037578182218411,
      0.855871911729995,
      -0.17971814909572018,
      -0.7930884388404414,
      0.8119859483399771,
      2.2089765194019657,
      1.190425803105037
    ],
    [
      -0.7975280960364968,
      0.9993079661540435,
      -0.47731891216368516,
      -0.08343137896355551,
      -0.7732134549561319,
      -0.6956045647381742,
      -0.31005982600113513,
      -1.2936125639748828,
      0.6230595683185054,
      0.8172032499019936
    ],
    [
      0.5763754216313197,
      0.39546265728686747,
      0.7283536268175778,
      0.6142915337910408,
      1.9316412067454314,
      0.39176854026419483,
      0.2681373101583047,
      -1.2259679238415102,
      0.31424685656267065,
      -0.24385179314833597
    ],
    [
      -1.3857604675221122,
      0.10484201777091572,
      1.2131586652372002,
      2.018232083416277,
      -0.8810377238064,
      1.304457035161148,
      0.3646941555640786,
      -0.3062629374182217,
      0.15634623445458978,
      1.059386751813919
    ],
    [
      1.3790797616957777,
      1.1741813543766706,
      -1.0978474974650867,
      0.684207135470612,
      -0.7293619959541487,
      0.5222906634759613,
      -0.05048498892911103,
      -0.611909706569032,
      0.2508193148978294,
      -0.5232118663205876
    ],
    [
      0.38781084778947084,
      -0.05303882530095623,
      2.3360994442212424,
      -0.3652451775671326,
      1.8514220741949194,
      -0.3727826019094904,
      -0.43786692456091253,
      -0.1181383639392111,
      0.4591996026750738,
      -1.8246102412104013
    ],
    [
      0.1926540968720037,
      1.2617857036920215,
      -0.4240394424924369,
      0.7758596187937288,
      0.13662068546371228,
      -1.4595349266847946,
      1.4333261125276264,
      -0.3139634654471635,
      -1.3434166011908684,
      -1.7417070507173769
    ],
    [
      -0.4265205949060008,
      0.2293522426881287,
      -1.9710873958398156,
      1.0927275360878677,
      -0.178735409785468,
      1.5208755771398237,
      0.37902470856305354,
      0.6945497224993782,
      0.1707791309331997,
      2.7422101928640092
    ],
    [
      -0.7793602213231188,
      0.2726228816505867,
      -0.8594130538747364,
      0.8210405656181246,
      1.6578550499568028,
      0.6179653258110086,
      0.2519246057950045,
      -0.6935060302016847,
      -0.4829682930652658,
      0.6634930841722287
    ],
    [
      3.0921907616824433,
      0.3201440457039427,
      -1.8199005976664495,
      -1.2047191485739204,
      -0.03694038810518104,
      1.2773762413982783,
      -0.8002098694197818,
      0.009022012040805553,
      0.9747900958346486,
      1.4289961436834557
    ]
  ]
}