{
  "dataset_id": "anisotropic_015",
  "shape": "anisotropic",
  "index": 15,
  "seed": 93796,
  "n_samples": 954,
  "n_features": 8,
  "n_clusters": 7,
  "cluster_std": 0.32335906528465946,
  "noise": 0.2104199561373545,
  "actual_n_samples": 954,
  "actual_n_features": 8,
  "transformation": [
    [
      0.16123773965268878,
      2.286847242652403,
      -1.423690305784865,
      -1.2389382881162043,
      0.37601787640461837,
      -0.40406116490378763,
      -0.2673686973741505,
      -0.36722193134077197
    ],
    [
      1.8051979894651728,
      1.461602519174803,
      1.8932618487492134,
      0.9739452766479203,
      0.4376873214006475,
      -1.2247449928404932,
      0.15867067540966237,
      -0.06535193441577161
    ],
    [
      0.13354255620328184,
      0.5900703017745517,
      -0.8204499618006238,
      -1.4049831619312445,
      0.475406380848803,
      -0.3260896896395591,
      0.4787347892393344,
      -1.3536207137011047
    ],
    [
      0.20867786827751833,
      -0.6702989923582308,
      -1.4856509590978215,
      0.6480007016246739,
      -0.984604016764797,
      -1.210015129782614,
      -0.1289574682062618,
      -1.2506448719307368
    ],
    [
      -0.4996365782987578,
      -0.974428534395566,
      -0.601430929500899,
      0.34643784660608445,
      1.410102269744375,
      -0.40435305463775056,
      -2.441634928432004,
      -0.21399857391998944
    ],
    [
      0.6398271329289157,
      2.0280252798237566,
      1.557579435178211,
      -0.1827959625334038,
      -0.760187963659922,
      0.41901121273985453,
      0.07594837404645528,
      0.37547773389677136
    ],
    [
      -0.31535925938992465,
      0.17934345099788732,
      -0.2139425391178622,
      0.011396069952312625,
      2.2472620046775633,
      2.9265116591755844,
      0.3899296992118169,
      1.488724483008788
    ],
    [
      1.2003421371492389,
      0.39957820663282784,
      -0.5735289465407113,
      1.4884633332654014,
      0.5891849085767079,
      0.012116455387331441,
      -0.8439643104683711,
      -0.1127764419651178
    ]
  ]
}