{
  "dataset_id": "anisotropic_010",
  "shape": "anisotropic",
  "index": 10,
  "seed": 12060,
  "n_samples": 456,
  "n_features": 9,
  "n_clusters": 6,
  "cluster_std": 0.8848575609683942,
  "noise": 0.06489045762362278,
  "actual_n_samples": 456,
  "actual_n_features": 9,
  "transformation": [
    [
      -1.7466950426283,
      -1.280838507390009,
      -1.9126690981295904,
      1.3244463234047466,
      0.25089948434086556,
      0.5591778258623354,
      0.08183192808059384,
      -0.7648011886873373,
      -0.33653155637184995
    ],
    [
      -2.193984869581828,
      0.4426659615610147,
      1.1857066531936664,
      -0.16277519384424521,
      -1.7330427799579358,
      -1.1011856841353653,
      1.3719767776995135,
      -1.4215810952954326,
      -0.6038393111623349
    ],
    [
      -0.8831187469418151,
      -0.784622750367746,
      -0.2464388316853195,
      -0.8025024475901299,
      -1.1302833864204684,
      -1.205737507075191,
      -0.5924517605424618,
      1.6148055234490288,
      -0.04263617359073333
    ],
    [
      0.047559971988120536,
      -1.1404875255455487,
      -1.3453327559652588,
      -1.8039500950570528,
      -0.5697192972078421,
      0.6134078052182121,
      -0.6404108905619244,
      -1.1556561734470172,
      1.136134530680534
    ],
    [
      -0.3775235539969422,
      0.9194577682649687,
      -0.03264153435660269,
      -1.1319751453062685,
      -1.157223611747437,
      -1.0840559794190268,
      -0.9325816095331653,
      0.33990345426354973,
      0.43341777193506836
    ],
    [
      0.04413960128378338,
      -0.41675012181000637,
      -0.243730750438279,
      0.45846789361375684,
      0.4854856328744991,
      -0.7610372979126343,
      0.6053915330526178,
      1.1326413191303695,
      -0.2342796415958197
    ],
    [
      -0.07513993717663997,
      0.4165427125215633,
      -1.4670409506746978,
      -0.8219593970615505,
      -1.5838223645984466,
      -1.348624790293197,
      0.1332670162050347,
      0.1284932894570676,
      1.1099043278056742
    ],
    [
      -0.06379256836582467,
      0.14869768337713393,
      1.6122342486538221,
      1.0516038034660298,
      -0.1940731439666302,
      -0.7246152629537453,
      -0.767544233012347,
      -0.9790014582407902,
      0.7181509897421928
    ],
    [
      -1.3165649722996857,
      1.3145057708611312,
      1.3812314130479748,
      0.07125039338952349,
      -0.07445309984302444,
      -1.4720170747678354,
      0.13644718097724648,
      2.4561679489508563,
      0.7966246581287157
    ]
  ]
}