{
  "dataset_id": "anisotropic_069",
  "shape": "anisotropic",
  "index": 69,
  "seed": 53763,
  "n_samples": 422,
  "n_features": 3,
  "n_clusters": 3,
  "cluster_std": 1.5462140906874484,
  "noise": 0.15436235224074815,
  "actual_n_samples": 422,
  "actual_n_features": 3,
  "transformation": [
    [
      -1.0897635116301714,
      0.2810644657838602,
      -0.3850331470592283
    ],
    [
      -1.8090576061460217,
      -0.5356976577043364,
      -1.3701491250566455
    ],
    [
      0.7110825258792625,
      -0.3394530326739258,
      -0.9034947431861368
    ]
  ]
}