{
  "dataset_id": "anisotropic_004",
  "shape": "anisotropic",
  "index": 4,
  "seed": 95807,
  "n_samples": 758,
  "n_features": 10,
  "n_clusters": 6,
  "cluster_std": 1.0863744790655618,
  "noise": 0.2079258443510918,
  "actual_n_samples": 758,
  "actual_n_features": 10,
  "transformation": [
    [
      1.291267097971135,
      -0.7192214698951889,
      2.325474339109876,
      -0.6827267013973456,
      0.6211225022439045,
      0.4533461332306229,
      0.500263812789471,
      0.6692214822674607,
      -1.1070079186933561,
      -1.243001033667164
    ],
    [
      -1.2136499672387835,
      -0.34898601775975024,
      1.1539627972213413,
      -1.5361854974544846,
      0.6262770119251286,
      -1.2321544752723215,
      0.55345317249208,
      -0.5326236910667485,
      2.203037147429294,
      0.37901957527683383
    ],
    [
      2.3496957349721725,
      0.05317148509194411,
      1.1985865025888263,
      1.2034313209310958,
      -0.13139540774096822,
      1.4419786339883605,
      0.8726380239620855,
      -1.4561620869698109,
      1.2311401666618398,
      -0.21433040080416446
    ],
    [
      -1.2161386140015877,
      -1.5627193588090182,
      -0.6464023541928076,
      0.5017359915308929,
      0.9156732580949539,
      -1.2656231854743605,
      -1.643452761428302,
      -0.793577278338113,
      1.4286687057874083,
      0.16085181472289423
    ],
    [
      0.7972866517741883,
      0.05889221509480483,
      -1.3521842216780247,
      0.3155177230265637,
      0.05055303576964921,
      -1.202729583816159,
      -0.7923657277212883,
      -0.5753659851071438,
      0.6210178589491396,
      1.180144968026159
    ],
    [
      0.3205592002622051,
      -0.4159154797076241,
      1.6705674544121132,
      0.0006871985533892627,
      1.1613936173923454,
      0.4308985215878727,
      0.6665798416440952,
      -0.18490522399091466,
      0.2685294517625574,
      -1.7188535704692052
    ],
    [
      0.6074937406452755,
      1.46587605979447,
      -0.21784030457252693,
      -0.4515628780005819,
      -0.5183508679857184,
      0.5680120523053187,
      -1.354308391033635,
      2.6825742163629007,
      -0.341012686605195,
      -0.2771066278338407
    ],
    [
      0.966017174511077,
      -0.7926457162990802,
      0.5540088165039655,
      -0.524422601642365,
      0.9128239204145393,
      -0.5286553335852211,
      -0.8213024076933547,
      0.05913318225224184,
      0.6378196969675698,
      0.6960812322155833
    ],
    [
      1.7826478516265298,
      -0.4986021484497577,
      0.5181224592163243,
      -0.14416842609831224,
      -1.8166584691034489,
      0.2605509483841569,
      0.48756572183545577,
      -0.41385386251340417,
      -2.013147257815707,
      -0.09467621177823111
    ],
    [
      1.0681885525998267,
      0.24899312095117954,
      0.7378678218653347,
      -0.814537867333683,
      0.6149339751393187,
      -0.9262173115041724,
      0.32744833523953437,
      -0.464531921691914,
      -0.7477272106590892,
      -0.7709293613824826
    ]
  ]
}