{
  "dataset_id": "anisotropic_094",
  "shape": "anisotropic",
  "index": 94,
  "seed": 49396,
  "n_samples": 874,
  "n_features": 7,
  "n_clusters": 6,
  "cluster_std": 2.229402237294065,
  "noise": 0.27713476267421916,
  "actual_n_samples": 874,
  "actual_n_features": 7,
  "transformation": [
    [
      -1.978400708424875,
      -1.5588621754369016,
      0.9194127279713136,
      -0.20670038451041653,
      1.2527320326789393,
      0.8387432646320778,
      -0.995816700493983
    ],
    [
      1.1388936448493767,
      -1.066196000697987,
      0.3117308972322885,
      2.825919563879858,
      0.08769049004863086,
      -1.8197208323670668,
      0.7422494264618177
    ],
    [
      0.442855941651867,
      -0.33964706245650444,
      0.588179408156416,
      -0.15601633535322676,
      -0.7365916512581069,
      -0.9913354738187874,
      -0.9716205777095178
    ],
    [
      -0.5182770723448487,
      -0.4505108340358749,
      0.28668341862407665,
      1.2349948900615955,
      0.1552011383734899,
      1.070615827389755,
      0.7529166624629997
    ],
    [
      -0.6785655598196517,
      1.3828653739552184,
      0.1891042762483401,
      -1.524157241089276,
      0.1627368628176964,
      -0.41100421025953066,
      -1.0580019341881421
    ],
    [
      -0.7768706015512112,
      1.3005444974578309,
      0.7966274551344508,
      -0.7127455350702242,
      0.5030402508794208,
      1.1697224957930747,
      0.9867956280139022
    ],
    [
      0.0132746625141226,
      -0.12853376805545821,
      -0.48194124944437605,
      -1.1009725658836087,
      0.20772872918302426,
      2.119405245428085,
      -1.2755029737558274
    ]
  ]
}