{
  "dataset_id": "anisotropic_058",
  "shape": "anisotropic",
  "index": 58,
  "seed": 33221,
  "n_samples": 256,
  "n_features": 3,
  "n_clusters": 4,
  "cluster_std": 1.0743233593461519,
  "noise": 0.049718201875777565,
  "actual_n_samples": 256,
  "actual_n_features": 3,
  "transformation": [
    [
      -0.17958222559262138,
      2.023955357823236,
      0.7712926099375269
    ],
    [
      -0.6750183800470243,
      1.4264017218583116,
      1.013910569205714
    ],
    [
      -0.5129536907403529,
      -0.6914130979085005,
      -1.9369850242719764
    ]
  ]
}