{
  "dataset_id": "anisotropic_095",
  "shape": "anisotropic",
  "index": 95,
  "seed": 5896,
  "n_samples": 139,
  "n_features": 10,
  "n_clusters": 7,
  "cluster_std": 0.5146090379122019,
  "noise": 0.10252861723640018,
  "actual_n_samples": 139,
  "actual_n_features": 10,
  "transformation": [
    [
      0.048082280138137236,
      1.638055834713672,
      -0.22246129646583132,
      0.515948701970574,
      1.085293688081091,
      2.0502698580160206,
      0.05850254280677018,
      -0.3226842583614012,
      -0.43619179487043847,
      0.8662965786797042
    ],
    [
      -1.5637917815792006,
      -0.6941247710559943,
      0.9631641749011719,
      0.08916312417856011,
      -0.2236645141807639,
      -0.7776595977225308,
      0.8946190704830757,
      0.4659819969660458,
      0.41346055821177113,
      1.1527984415797028
    ],
    [
      1.155909108317445,
      0.27219305819451495,
      0.38027687051838427,
      -1.4947485725024514,
      1.1814720605112106,
      -0.8914804726346539,
      1.4443402705090074,
      -0.03131433353635287,
      1.4443477240753098,
      0.10113177612514042
    ],
    [
      0.02263824902308738,
      -0.7502042551591085,
      -0.5856710451141567,
      -0.5763205565058149,
      -0.31565875837329777,
      -0.8853049808985042,
      0.10093180740520631,
      -1.4805315984517062,
      -0.4744553634487472,
      -1.0424023586264155
    ],
    [
      -1.1756562769231647,
      1.2280221691271649,
      0.37105866026399614,
      -0.8642035633953734,
      -0.8859807182210638,
      0.07983628640769538,
      -1.3021837815100492,
      -1.1128251607262964,
      1.7672829946823163,
      -0.6797251594415099
    ],
    [
      0.3929563766273605,
      0.5568312018832011,
      -1.0768517386623202,
      -0.9287144495248425,
      -1.2192391349003122,
      -2.755977163335422,
      0.7140726526461701,
      0.4207488324703651,
      0.5550875484799894,
      -0.4853876146401799
    ],
    [
      -0.4647555844952524,
      0.12136079191695776,
      -0.2710763687673489,
      -0.33944098839521375,
      -0.39917473428912675,
      0.8541218274064177,
      -0.06022062792238456,
      -0.070447609186778,
      1.0157972651022462,
      -0.2807145923948329
    ],
    [
      -0.8833593513843333,
      1.0008351288785777,
      -0.7434383025639896,
      -0.18093556226487625,
      0.9706060071971829,
      -0.09285560506966832,
      0.2320116871177176,
      1.560681049809017,
      -0.13785156915206462,
      -0.524293928688005
    ],
    [
      0.17603587530057097,
      0.7001707157574629,
      0.743032787336322,
      -0.7096170873470791,
      -0.4224326601820115,
      -0.12643242880754238,
      0.09206944207908666,
      -0.09555768439912976,
      -1.3318848245294226,
      -1.2728329735015884
    ],
    [
      -0.6468898546170584,
      -2.9692708529686014,
      -1.374101764101896,
      -0.7573115441803476,
      -0.5395827562504288,
      -1.5691465742447912,
      1.5305128818651181,
      0.1166355910139492,
      -1.6767438402975081,
      0.18349157501045565
    ]
  ]
}