{
  "dataset_id": "anisotropic_016",
  "shape": "anisotropic",
  "index": 16,
  "seed": 74651,
  "n_samples": 649,
  "n_features": 9,
  "n_clusters": 2,
  "cluster_std": 0.7900488571000892,
  "noise": 0.29525870557243905,
  "actual_n_samples": 649,
  "actual_n_features": 9,
  "transformation": [
    [
      -0.3648827363131877,
      1.4588566557646045,
      -0.09637419688909599,
      1.9824167188390263,
      -0.47251030203303107,
      0.8351084890898398,
      -0.15357915342013334,
      2.22351395847204,
      0.5190322824608559
    ],
    [
      0.25757626779869985,
      0.9150216549478517,
      1.3945629113512423,
      -0.5960039858835011,
      1.3639190035378064,
      0.7690992331413711,
      0.7530068906128252,
      -0.7414573967169016,
      -2.4256669258868486
    ],
    [
      -1.0496509877843592,
      -0.26500874699984617,
      -1.3126123630642863,
      0.22232163480747513,
      -0.18672833876162856,
      -0.2266299258573987,
      -0.23441772212863626,
      -0.303456275594034,
      0.7598242128899682
    ],
    [
      0.7321555916138034,
      -0.5632068898333438,
      1.197747846606989,
      -0.2885948305125688,
      2.205780735116179,
      1.30607374103879,
      1.3337979302521652,
      -0.06928042491695692,
      0.1461217350718851
    ],
    [
      -1.0242992329440275,
      -0.572453507919419,
      -1.6456333932242055,
      -0.061286989720980185,
      1.006407412565991,
      0.017847714125221414,
      -0.31032310754778436,
      0.8464067725488063,
      -0.06799546546030079
    ],
    [
      0.07840466472389761,
      -1.783879005523426,
      1.6934567699268503,
      0.28668145818195506,
      0.8784416200171944,
      0.4231740807428588,
      -0.1577411320788545,
      1.037801415569533,
      0.12090632861143916
    ],
    [
      -1.6103025410923062,
      0.545764263617935,
      0.6281441134932145,
      0.004793733926861617,
      -1.5985491147632203,
      -1.5953392311690602,
      0.010393701246846536,
      -1.5807817830896351,
      -0.49695447829665934
    ],
    [
      1.774865160245232,
      1.4451295855647615,
      -1.8743915812966936,
      -2.0199385810624007,
      -0.1030247218049412,
      0.08220356031010503,
      1.9926461855985949,
      0.23442391891020656,
      -0.5976434427253262
    ],
    [
      -0.10646918096263018,
      -0.4813419084790107,
      0.384995023689338,
      1.0962377053898265,
      0.6469493112012493,
      -0.9506105960017968,
      -0.37637280720719707,
      -2.0869806505979556,
      0.7749242429902946
    ]
  ]
}