{
  "dataset_id": "anisotropic_007",
  "shape": "anisotropic",
  "index": 7,
  "seed": 25829,
  "n_samples": 131,
  "n_features": 10,
  "n_clusters": 3,
  "cluster_std": 2.180537454247745,
  "noise": 0.09844609359056675,
  "actual_n_samples": 131,
  "actual_n_features": 10,
  "transformation": [
    [
      -0.2552212127768377,
      -1.1339726421949348,
      1.0462410788397052,
      2.290958289024584,
      0.27631206161035765,
      1.1601587996149736,
      -0.13793040340779245,
      0.16121895008522455,
      1.192664195479286,
      0.35683228027714636
    ],
    [
      1.057171877742295,
      0.3471635073228607,
      0.13869195817537028,
      0.7596250045204445,
      0.5825913630442842,
      1.0138248264463638,
      2.3929348818479625,
      -0.9532849845970808,
      2.0433705877706423,
      -0.7038092821866994
    ],
    [
      0.8183023681720921,
      -0.47672906245768265,
      -1.5783544940587684,
      -1.691813202230267,
      0.8022638207501215,
      -0.023792994613508305,
      -0.20101651933479042,
      -0.8917368572341153,
      0.8890319714194869,
      -0.7736980635851443
    ],
    [
      -0.6666837592545709,
      -2.136640957281979,
      0.07218888974274498,
      1.0551488242691274,
      -0.32093224635996137,
      0.014888428329729798,
      -1.0211791983000027,
      0.9061809967212955,
      -1.1414602772343807,
      0.3449236296390494
    ],
    [
      0.5883341280037333,
      0.8357252611113051,
      -0.400475538140685,
      -1.5706579072001172,
      1.9679238544309834,
      1.439388501949985,
      1.6974418020564244,
      -0.25908402510979456,
      -1.1731646520164913,
      0.5695232850016418
    ],
    [
      0.3819955993955093,
      -0.23318343152814286,
      -0.6454553569900401,
      -0.09373675520898628,
      0.6137346218753423,
      -0.6285587426983921,
      -0.6255303010970973,
      -0.6506069914096769,
      -0.2673151740593031,
      -0.08734270317136081
    ],
    [
      1.5294928559376546,
      1.2134045552714923,
      -1.1476962266044355,
      -0.01933962330420559,
      -0.9920128972322817,
      1.291445986481696,
      0.8311320717166225,
      -0.5993619596953752,
      -1.66990344406242,
      0.8574522311012667
    ],
    [
      0.9531042605505134,
      0.7775693654555199,
      -0.2698610411010773,
      0.8583407753655592,
      -1.8351964620617174,
      -0.7580417149784647,
      1.3222224608386846,
      0.7755226979450304,
      -1.7401357280423484,
      1.7362745965119188
    ],
    [
      0.16948418430420673,
      0.1588561927675002,
      0.577020333444427,
      -0.4379936223780629,
      -1.9828367583461228,
      0.03093427841809552,
      -0.1713633645927176,
      -0.4073063568902795,
      0.10117153566973304,
      0.25472828571917366
    ],
    [
      0.6888375569407551,
      0.8563649527412347,
      0.13950816244566575,
      -1.027895731878597,
      -0.23351498796453599,
      0.6535209476462263,
      0.6007337454016237,
      -0.1321222251864078,
      1.5072446551134406,
      -0.841893070457815
    ]
  ]
}