{
  "dataset_id": "anisotropic_048",
  "shape": "anisotropic",
  "index": 48,
  "seed": 89649,
  "n_samples": 909,
  "n_features": 8,
  "n_clusters": 8,
  "cluster_std": 2.2679491048353344,
  "noise": 0.27168032053578217,
  "actual_n_samples": 909,
  "actual_n_features": 8,
  "transformation": [
    [
      -1.0450716276560263,
      -0.501519062147209,
      2.3095836974193085,
      1.7407239027810597,
      -1.2760985772621467,
      -1.605259689222474,
      -0.07428646200714466,
      1.7166125922724438
    ],
    [
      1.559749147762082,
      -0.8802656314068993,
      0.22979531946222315,
      0.16074687996507872,
      -0.7168939862183573,
      -0.07739611223355422,
      1.0077712550836533,
      0.5775591319809542
    ],
    [
      0.8820476645398008,
      2.3218786358451426,
      0.060323527506205385,
      -0.08472438718105241,
      -0.5961278753715937,
      2.358795663521451,
      0.4755372176622583,
      1.0559827527620564
    ],
    [
      0.24872804430480314,
      0.5729353604483861,
      1.497095260153341,
      0.8939203265514271,
      -0.8978785559997093,
      0.3809372264838445,
      0.9893155284257913,
      -0.42885196519069596
    ],
    [
      -0.7993621451512596,
      -0.7322063102202001,
      -0.3938696566617351,
      -0.59034548095079,
      -0.8471318281610895,
      -0.04474520957269586,
      -0.09668441863117709,
      -0.24808906044211243
    ],
    [
      -2.0638983067953314,
      2.23747037539741,
      0.4432616002186293,
      -1.5390322537580576,
      0.2933707887248346,
      -0.5047269132064008,
      0.03429064103805956,
      0.6006057092081785
    ],
    [
      -1.2201836467141713,
      0.039949326522711,
      -0.21474631115792475,
      -0.26820628886212255,
      -0.9392675439586441,
      0.7092551492464524,
      0.5020999529312872,
      1.7694232182009617
    ],
    [
      0.8310484378264275,
      1.72038181300024,
      -0.5851125844040177,
      -0.8990144323449021,
      0.5845947678163922,
      1.226373902340135,
      -0.46215641297411897,
      0.31398794151375076
    ]
  ]
}