{
  "dataset_id": "anisotropic_038",
  "shape": "anisotropic",
  "index": 38,
  "seed": 98988,
  "n_samples": 262,
  "n_features": 7,
  "n_clusters": 4,
  "cluster_std": 1.7641093704752793,
  "noise": 0.20296442551507685,
  "actual_n_samples": 262,
  "actual_n_features": 7,
  "transformation": [
    [
      2.1378095636377554,
      -0.23477682516920992,
      -0.8744658790760736,
      1.0097352933856534,
      -0.9904739342373284,
      -0.5857345537628842,
      -1.904528527514199
    ],
    [
      1.598253247478131,
      -1.1689046189660885,
      -0.7918039823991926,
      -1.756325794721001,
      -2.0387856602217216,
      -1.4036181107840724,
      -0.16075576547841705
    ],
    [
      -1.264753556884738,
      1.443345702478147,
      -0.03576272336841584,
      0.9082374422657971,
      -1.1746680536631187,
      1.4219103901967256,
      0.49048855160490484
    ],
    [
      -0.8727318321619749,
      -0.06382612532720602,
      1.2090707721172806,
      -1.9770536728624688,
      -0.3664911662291764,
      -0.5250960630091872,
      2.3944584209872914
    ],
    [
      1.5362253644831578,
      -2.239277060647757,
      -0.1067413205590843,
      -1.498952411447219,
      -1.3697007276358424,
      -1.9548460809189236,
      1.2096012389180149
    ],
    [
      -1.4331937235397818,
      0.23639122734496298,
      -0.3284041942886039,
      -0.5385486418844591,
      -0.51810348771582,
      -0.48230386561991356,
      1.1989534047897854
    ],
    [
      -0.11774538916546524,
      2.068121106036131,
      0.6567970634956375,
      0.11512484468462472,
      -1.2869251985351995,
      0.29408134591697727,
      -0.3601722520920402
    ]
  ]
}