{
  "dataset_id": "anisotropic_032",
  "shape": "anisotropic",
  "index": 32,
  "seed": 48214,
  "n_samples": 926,
  "n_features": 9,
  "n_clusters": 4,
  "cluster_std": 1.8193199976195238,
  "noise": 0.2576511617658672,
  "actual_n_samples": 926,
  "actual_n_features": 9,
  "transformation": [
    [
      0.6799957345355484,
      0.8427303121175186,
      -0.14153431321403884,
      -0.5319599310043495,
      0.5411017475956832,
      -0.03491872348709509,
      0.04484876906293177,
      1.313792249862112,
      0.508268199758685
    ],
    [
      0.7503250585624252,
      0.333271853881959,
      0.7523824790438731,
      1.527725417114221,
      1.0710693021216868,
      0.6544632615929776,
      -0.29411256525401813,
      0.3367186457052735,
      0.8690886494492756
    ],
    [
      2.102951855906755,
      -2.1869683018036117,
      0.9894215472953287,
      1.5567461030217105,
      0.014620211104540199,
      1.7281368471845857,
      1.5906432310946108,
      -0.048453289535076646,
      -0.17394067072233274
    ],
    [
      -0.8207277086006729,
      0.9656477215825171,
      -1.581764787555439,
      0.0460408313802698,
      0.5953411667698852,
      -1.3444434907589364,
      -0.14322724296852266,
      1.409377888831462,
      -0.5522991026866707
    ],
    [
      -0.42924069950316673,
      0.7964429933725142,
      0.911172620422924,
      -1.8074953761503518,
      0.21246296063962045,
      -0.08787154378075046,
      0.5906725340971358,
      1.589638104067916,
      -0.5131389255856275
    ],
    [
      1.8311727551202075,
      -0.8237515410264817,
      -0.8375338799088324,
      -0.010151087216820722,
      -1.416063500211254,
      0.1549433220899625,
      -0.8338203380951588,
      0.46483268958453083,
      -1.5736011742259923
    ],
    [
      -0.08155653751981967,
      -0.8124251943589467,
      0.5107914185707382,
      0.17492032562944287,
      -2.145044752319239,
      -1.3126811845769337,
      0.5086220147397814,
      0.8398174361429886,
      0.14420311914973957
    ],
    [
      1.33050644788707,
      -0.7619959150268244,
      -0.2143149113337094,
      -0.6738186889956017,
      -0.3062456567713967,
      0.31314401637696354,
      0.3384390938673857,
      0.5795678560582026,
      -0.29437548339679515
    ],
    [
      -1.552955220086325,
      0.6714747708631111,
      0.902573163559991,
      -0.7067691627724003,
      -0.579527612524154,
      0.26163549538527675,
      -0.20650035166371605,
      0.3912871082404848,
      0.4257241092704416
    ]
  ]
}