{
  "dataset_id": "anisotropic_012",
  "shape": "anisotropic",
  "index": 12,
  "seed": 11506,
  "n_samples": 955,
  "n_features": 9,
  "n_clusters": 6,
  "cluster_std": 2.083858087368646,
  "noise": 0.08284217534176505,
  "actual_n_samples": 955,
  "actual_n_features": 9,
  "transformation": [
    [
      0.08516768278636935,
      0.4149085029191941,
      1.1716898604192165,
      1.4292267025566188,
      -0.17190260530512927,
      -0.6913051622601826,
      0.6920292044910283,
      0.3588424201467486,
      1.4729002323529858
    ],
    [
      1.2379807686086228,
      1.7303202989153474,
      -0.6926302920543678,
      0.7905641632255173,
      -1.0329108355755034,
      -0.6025143752066351,
      0.8339683669767827,
      -0.02133410285417914,
      -0.3564207448347604
    ],
    [
      -1.145244854574396,
      -0.23383520546275333,
      0.8733705427441056,
      -1.3587060677259064,
      -0.202041597455085,
      1.6142841521182498,
      0.0701193816657809,
      0.6644398920846291,
      -0.5272484487750533
    ],
    [
      -0.2756936305417364,
      -0.7859383711834425,
      0.6805364780561987,
      -0.8646238384939845,
      0.36389999496464004,
      0.8859212526366516,
      -0.6342281044629047,
      -1.2942230140981605,
      0.32578809830986094
    ],
    [
      0.8720744101878931,
      0.6902875751583609,
      -0.08721038977233381,
      0.3783815194409668,
      1.0686749585302868,
      -0.9621542057407635,
      1.2334833914559735,
      0.996182958761517,
      -0.7855284452660224
    ],
    [
      1.7870915045756544,
      0.40205490363894053,
      -1.7223531865679278,
      -0.6859681012765646,
      0.1903429376142754,
      -2.5369214204080595,
      0.9971954378660239,
      0.14806390202609016,
      -0.565582005808071
    ],
    [
      0.9926862143721136,
      0.0338423780872053,
      -0.05846472664285426,
      0.2127049124359936,
      -0.22100020550468302,
      -1.8769460946130685,
      -0.19313352143275161,
      -0.26287517385516573,
      0.29348244229532394
    ],
    [
      1.3639047683222536,
      -1.2041249530631737,
      -0.3709478954386338,
      -0.20108924729072203,
      0.5328268198985222,
      -0.7462479476109395,
      0.1800352416103678,
      -0.4408882781665331,
      0.2710440881718201
    ],
    [
      -2.500786892256683,
      2.209329501171514,
      -1.3239129878397173,
      0.48446111547163334,
      0.21638594108193834,
      1.6688160062072355,
      1.9972138809329207,
      -0.805418391703882,
      0.09322471893459965
    ]
  ]
}