{
  "dataset_id": "anisotropic_082",
  "shape": "anisotropic",
  "index": 82,
  "seed": 34866,
  "n_samples": 335,
  "n_features": 6,
  "n_clusters": 6,
  "cluster_std": 2.107499099532426,
  "noise": 0.18847437470870684,
  "actual_n_samples": 335,
  "actual_n_features": 6,
  "transformation": [
    [
      0.28838274483320914,
      -0.49724722755278816,
      -0.44466891317636725,
      1.330124395682244,
      0.6055235555187587,
      -1.5760187392685194
    ],
    [
      -0.01849327100698034,
      0.145577532801111,
      2.00441656399171,
      0.12346258633668482,
      -0.261711760307451,
      0.5268594557440763
    ],
    [
      0.07137452353545745,
      -2.138597230291817,
      -2.3274163700162953,
      -0.1352088301445404,
      1.3839562117734054,
      -1.0746105077377732
    ],
    [
      -0.8305645763325503,
      -0.2556578628561211,
      -0.2179358135930751,
      -0.18728914513543676,
      -0.14509067482030186,
      -0.6635418568839028
    ],
    [
      0.15248444529380445,
      1.479524474898487,
      1.2699923321668096,
      0.7292995564374313,
      0.22395831935420762,
      -0.3383261704256855
    ],
    [
      0.06544073439722234,
      0.4067999303993436,
      0.7995523773528016,
      -1.1773956437005517,
      1.4261564227537349,
      0.42618786954113597
    ]
  ]
}