{
  "dataset_id": "anisotropic_049",
  "shape": "anisotropic",
  "index": 49,
  "seed": 40291,
  "n_samples": 925,
  "n_features": 9,
  "n_clusters": 6,
  "cluster_std": 2.2173873418258223,
  "noise": 0.08059138293976788,
  "actual_n_samples": 925,
  "actual_n_features": 9,
  "transformation": [
    [
      0.3396523711406199,
      1.5129201678775321,
      1.0632339278852332,
      0.6114769417111611,
      0.2538956742636921,
      -0.2182067359847565,
      -1.068114272221521,
      -0.3446960115710479,
      -0.7735645997166826
    ],
    [
      -1.3222624474977072,
      -0.5281750072949907,
      0.0952048601853849,
      0.8676868270537123,
      -0.6457593224218946,
      0.9078250647141403,
      0.2707951458086596,
      0.4141975483092653,
      -1.1899043425672202
    ],
    [
      0.8284293040092535,
      0.3877592920074402,
      0.7987700816514235,
      -1.0887085677095754,
      -0.5303919580106764,
      2.056329736931952,
      -1.6985429524729876,
      -1.3307951569184575,
      0.4313859295757222
    ],
    [
      0.8873049966902695,
      -0.22483248618731538,
      -0.38350002799438376,
      0.6757778431366537,
      -0.015128086681224392,
      0.25220086945212344,
      -0.20942010549805687,
      0.3504007112997175,
      -0.9577559001817413
    ],
    [
      0.10015617635760442,
      0.06818201543192584,
      0.9261097620248959,
      0.41458912483177646,
      -0.07110612692087652,
      1.0611302633394184,
      -2.3565527733515683,
      0.04547753966555384,
      0.687194941334017
    ],
    [
      -0.9815600500487195,
      -0.4885990963193531,
      -1.0268205479749348,
      1.0871802297618667,
      2.1841086927170394,
      -2.1366814037876525,
      0.15102287108852439,
      1.1278470197621973,
      -0.3526072458008514
    ],
    [
      -0.7589506581712689,
      -0.6786159723835643,
      -0.9039568823512079,
      1.0623741540421412,
      -1.0176536286409554,
      -1.8363965517193557,
      -0.5782992693005331,
      -0.6442445297763456,
      0.45488742075181743
    ],
    [
      1.935861955412095,
      -0.27600722742818573,
      -0.38061902770571215,
      -0.7117793292465527,
      0.2967796651759,
      -0.3946441753298001,
      -0.11319741943846123,
      -0.6787355282904067,
      0.14910976074798518
    ],
    [
      1.0945177592620523,
      -0.8273389681701795,
      1.1769932974587587,
      -0.14792070941134858,
      -0.5819276392415845,
      0.0830039653847992,
      -1.2272582566211325,
      0.11138506742945097,
      -0.2990774449804641
    ]
  ]
}