{
  "dataset_id": "anisotropic_036",
  "shape": "anisotropic",
  "index": 36,
  "seed": 81842,
  "n_samples": 254,
  "n_features": 8,
  "n_clusters": 6,
  "cluster_std": 1.8385049867646817,
  "noise": 0.22656625217698742,
  "actual_n_samples": 254,
  "actual_n_features": 8,
  "transformation": [
    [
      -0.9521016461362278,
      -0.6549188372845755,
      -0.2507330117303295,
      -0.08227757662340913,
      1.4131282094931668,
      1.6097317767435195,
      -0.2560055474119428,
      0.7619514473314704
    ],
    [
      -0.2950129980188591,
      -1.063562759816293,
      0.6585668195407601,
      -1.555411063097204,
      0.5482655881257316,
      0.16230294409388826,
      1.8055900282468835,
      -0.3379251754400064
    ],
    [
      -0.6650992561012476,
      -1.1299087760664597,
      0.41853830399540226,
      1.1418712353810325,
      -1.4558468791911008,
      0.5069123531106868,
      0.03613593301299361,
      0.6429896181389073
    ],
    [
      -0.3216058826012305,
      -0.2597488063977556,
      0.7292886912586286,
      -0.2905851009050365,
      -0.22693875325752252,
      0.5613980267038202,
      -0.5520913258243729,
      -0.1745362799300713
    ],
    [
      -2.2182213417890457,
      0.2801855691199735,
      0.6207349133434011,
      0.9488208978083562,
      0.8271825896228437,
      0.10266186838489949,
      1.7560198029029581,
      1.1737436655352511
    ],
    [
      -0.41066989256556324,
      -1.0185967767579245,
      -0.7342172666039016,
      1.2464664986336171,
      0.9229168601759561,
      -2.016459950087162,
      0.08650818032740624,
      1.6720269346287917
    ],
    [
      0.4893151372436246,
      -1.2152073926461895,
      0.7696986237046611,
      -0.6993508039891053,
      0.640470963113368,
      0.9315598643956661,
      -0.6593984691646786,
      0.5433001338586639
    ],
    [
      0.6841917549113857,
      -0.27426424108423963,
      1.1241037736570287,
      0.6691183242480433,
      -0.10245388354488393,
      0.8553410487683897,
      -0.5683473358016129,
      0.8598600727267725
    ]
  ]
}