{
  "dataset_id": "anisotropic_054",
  "shape": "anisotropic",
  "index": 54,
  "seed": 8528,
  "n_samples": 329,
  "n_features": 7,
  "n_clusters": 8,
  "cluster_std": 2.3496948690113753,
  "noise": 0.17508490830410225,
  "actual_n_samples": 329,
  "actual_n_features": 7,
  "transformation": [
    [
      0.2642756309978678,
      -0.2553468754486004,
      2.563815258206824,
      -0.33712326344790966,
      1.6642282171254714,
      -0.5229197970988011,
      0.08110670520343287
    ],
    [
      1.4214679721880352,
      -2.08267320977646,
      0.1428881299799453,
      0.686659525917452,
      0.48881422920903417,
      -0.4511774872470801,
      -1.2418177554653356
    ],
    [
      -0.1046993846297926,
      -0.5938070277936985,
      0.17660513139342746,
      -0.7351038792909318,
      -0.7103248151877417,
      -0.9296764209391178,
      1.000329288867634
    ],
    [
      -0.3035342394904695,
      1.5475066625006473,
      -0.3848971361416207,
      0.06293112326971412,
      0.7170237589773717,
      0.9867718215424118,
      0.9641712286364318
    ],
    [
      0.30452346814474734,
      -0.8974417435304937,
      -1.8771311538550564,
      1.2117521887214349,
      -1.114278153874311,
      -0.9899980322844725,
      -0.1508490079707212
    ],
    [
      0.24246418871916986,
      -0.3880758737697871,
      1.157877974239507,
      -0.017747430471472574,
      0.7091891675929273,
      1.610654370211066,
      -1.5809088527651143
    ],
    [
      -0.22775057972361337,
      -0.5302497267636738,
      0.6035547365454474,
      0.6424077291199168,
      0.5298194316938495,
      -0.8400595281353874,
      0.1091228758678441
    ]
  ]
}