{
  "dataset_id": "anisotropic_022",
  "shape": "anisotropic",
  "index": 22,
  "seed": 57583,
  "n_samples": 597,
  "n_features": 10,
  "n_clusters": 3,
  "cluster_std": 0.46425589402567125,
  "noise": 0.04403801837716032,
  "actual_n_samples": 597,
  "actual_n_features": 10,
  "transformation": [
    [
      -1.1994240655703328,
      -0.006175964452288335,
      0.28763052562790375,
      0.26980278922961515,
      0.5209187329134495,
      -0.1472995265883491,
      1.004386389908578,
      0.5102892188215501,
      1.1486274927812035,
      0.22793574990920834
    ],
    [
      -1.5501193765928247,
      1.3672089408027108,
      0.844783387788853,
      -0.5688358704092512,
      0.7195121275292543,
      1.0028783536612647,
      -0.9964402781100478,
      -0.8055074626842381,
      -0.8267927245575271,
      1.5220991951576552
    ],
    [
      1.035585708173983,
      -0.4866650879600347,
      -1.2338710361025382,
      -0.9905415014320988,
      1.7998764802586007,
      -0.7453261033277097,
      0.006455183589668052,
      -0.2451776308026177,
      -1.7883098704033609,
      -0.8814636547196484
    ],
    [
      -0.7042563879027425,
      -0.5128808572199353,
      -0.12414271894986205,
      -1.137909566822626,
      -0.767647329568006,
      0.14680592505259601,
      0.4566262917896313,
      -0.12921904719788843,
      -1.10421283371984,
      -0.4913569414617123
    ],
    [
      -1.355456867375152,
      0.07357872318160436,
      -0.029776985195565025,
      -1.280279736358242,
      3.6371045561390636,
      -0.029921352688325877,
      -1.4724772725801256,
      1.5166733939476713,
      -1.3700047300882385,
      0.9306402876532234
    ],
    [
      -0.5562394067363869,
      -1.009744713384361,
      -1.2232531376015177,
      -1.1729967192420416,
      0.3541048780938939,
      1.4180118849391437,
      0.3931846219968398,
      0.6102435485527985,
      0.4723030480531566,
      -0.20609775862512053
    ],
    [
      -1.0828387823062364,
      -0.45392454179110336,
      1.1810299531838349,
      1.3026075155856858,
      1.260457483770472,
      1.4909856407460316,
      1.277359088945185,
      0.3366936307315618,
      0.07639033177296818,
      -2.6519309821456134
    ],
    [
      0.7717717268700235,
      -0.5744348347555626,
      -1.0483817168250222,
      -0.10726790258308098,
      0.23338508213311351,
      0.38519909312593104,
      -0.6854820609219011,
      0.22328038238136233,
      -0.05123750998425804,
      0.6357381249249673
    ],
    [
      0.2277320133749466,
      -0.7388601646124947,
      1.7155186201710484,
      -0.7427440855354795,
      1.125190013521578,
      -0.33544213725110056,
      0.2573057992259736,
      -0.9199338862602899,
      0.1828978740198774,
      0.7064058024345835
    ],
    [
      0.9904799933803721,
      -0.2204486230736663,
      -0.5713192832953521,
      1.3367627399926503,
      1.3291684735863354,
      0.5637912482178932,
      0.8810928350684367,
      -1.6023937151429286,
      -0.15285809674391232,
      -0.3975087850331785
    ]
  ]
}