{
  "dataset_id": "anisotropic_065",
  "shape": "anisotropic",
  "index": 65,
  "seed": 21951,
  "n_samples": 224,
  "n_features": 9,
  "n_clusters": 8,
  "cluster_std": 2.0066523843377646,
  "noise": 0.29691961923495896,
  "actual_n_samples": 224,
  "actual_n_features": 9,
  "transformation": [
    [
      -0.00659217801144375,
      -0.522000738463698,
      0.2592045433671078,
      0.4238129890492987,
      1.7924616748394975,
      -1.2476614195241666,
      -1.796557869673946,
      -0.09061632429555899,
      0.6106378220229064
    ],
    [
      0.9132740022565455,
      1.5263003923964051,
      -0.8210140508927976,
      0.2977605211986051,
      -0.7142270554669791,
      -0.6453842308536201,
      -0.40895145561773133,
      1.4803807437952585,
      0.35039223164462646
    ],
    [
      0.6028702800359961,
      -1.3013610820924835,
      -0.3185931633570846,
      0.5766289349036453,
      0.1720445932557198,
      -0.46495682266313376,
      1.1448486941803835,
      -0.5020377750384293,
      0.875342939271553
    ],
    [
      0.5053354573465904,
      0.9088170643152441,
      0.24358265174265661,
      2.8458058494847736,
      0.3056556643280647,
      -0.2115062047111889,
      -2.284271962253192,
      0.19462583517694465,
      0.038583871130502705
    ],
    [
      -0.2696954412441531,
      0.07428446517722062,
      -0.9034909362031337,
      1.1928583377852409,
      0.6137266980867468,
      0.559819726537647,
      -1.8272154859792877,
      -1.383617957308249,
      -0.2795328466888422
    ],
    [
      0.8170042846915029,
      -0.06698998484896825,
      -0.5165490607335248,
      -1.253722227756984,
      0.7503685194439791,
      0.3790006753397081,
      -1.2701983852650132,
      -0.15550211825767737,
      -0.473125038534464
    ],
    [
      -1.0427560454218159,
      -1.310174586092297,
      0.531682785400662,
      0.1225407088671266,
      -0.0936583500384261,
      -1.2165329185711953,
      0.847928920591693,
      0.9655819556350361,
      0.7855990918487534
    ],
    [
      -1.1359084312195902,
      0.5413960685883626,
      -1.2167188338119113,
      -1.4392280209562645,
      -1.4524548174050351,
      0.203168418281978,
      -0.14480235027468516,
      1.4472958642449618,
      0.5115779162950197
    ],
    [
      0.49758013223747416,
      1.792467080996773,
      -0.8488030692677399,
      0.4209977338877396,
      0.2546550963182391,
      -0.7206801444441694,
      1.0387949843886675,
      -0.7212389437251921,
      0.7329979579295942
    ]
  ]
}