{
  "dataset_id": "anisotropic_041",
  "shape": "anisotropic",
  "index": 41,
  "seed": 75286,
  "n_samples": 503,
  "n_features": 7,
  "n_clusters": 2,
  "cluster_std": 2.1882756792846294,
  "noise": 0.2793999537634454,
  "actual_n_samples": 503,
  "actual_n_features": 7,
  "transformation": [
    [
      -0.7158505896068632,
      1.5791454696248246,
      0.19667026595479228,
      -0.29757325817957064,
      -0.3169229743374222,
      0.5384834969720907,
      -0.5606421837062919
    ],
    [
      0.6475643044002976,
      -1.3643921866564461,
      0.7176152435198271,
      1.4439770448814293,
      -0.4413410498555404,
      -0.3122764764179221,
      2.8435630386847928
    ],
    [
      0.10935118133209511,
      -1.5960259843084974,
      -0.14814562648050478,
      -2.067728511747709,
      -0.035746527245065815,
      0.5314950310579468,
      -0.7433743026986509
    ],
    [
      -0.13188432263047067,
      0.6092188437496601,
      0.9754957712272193,
      0.12901086086754365,
      -0.7977188875878933,
      2.5647413385064928,
      -0.8602627533466025
    ],
    [
      0.2515479225333172,
      -1.2232261233474722,
      0.08072484913816946,
      -0.20773606931398086,
      -0.4209232851970879,
      -0.7004916106856363,
      -0.22860244352536982
    ],
    [
      0.2824461603054564,
      -0.13800968086080434,
      0.6652352690141867,
      -0.5884349564626512,
      -0.4134462060959054,
      1.030641672287471,
      0.655111674426452
    ],
    [
      0.4106353516556114,
      -0.0018320957403688033,
      0.2659828610615156,
      -1.685956574362699,
      -0.871485958013387,
      0.1590353821034523,
      -1.6482015043229972
    ]
  ]
}