{
  "dataset_id": "anisotropic_072",
  "shape": "anisotropic",
  "index": 72,
  "seed": 17565,
  "n_samples": 384,
  "n_features": 4,
  "n_clusters": 3,
  "cluster_std": 1.546721607439295,
  "noise": 0.28983978615982514,
  "actual_n_samples": 384,
  "actual_n_features": 4,
  "transformation": [
    [
      -2.230907544843121,
      0.550945343922396,
      1.207044765812995,
      1.2712628418913061
    ],
    [
      -1.0781089408212214,
      1.2710431340094333,
      0.5977502865121267,
      0.8816900148401022
    ],
    [
      -0.04903221656324928,
      0.579503527332913,
      1.4636715450709286,
      -0.2845335301813561
    ],
    [
      0.644916871613124,
      -0.9096422246770983,
      1.1404163056696062,
      -0.8162223762466219
    ]
  ]
}