{
  "dataset_id": "anisotropic_086",
  "shape": "anisotropic",
  "index": 86,
  "seed": 64696,
  "n_samples": 924,
  "n_features": 9,
  "n_clusters": 8,
  "cluster_std": 1.732144374236303,
  "noise": 0.20525729528087164,
  "actual_n_samples": 924,
  "actual_n_features": 9,
  "transformation": [
    [
      0.9972842075685375,
      -1.2821544351984822,
      -0.017155886211447542,
      -0.3065570829259539,
      -0.796529495364214,
      -0.15316181550395697,
      -0.9846819824607386,
      0.2888292403074066,
      0.8447694957999832
    ],
    [
      -0.6898492054755825,
      0.09757559525842156,
      0.2100832834841937,
      0.17562643765230238,
      0.7172768847464419,
      -0.24233110341945743,
      -0.4318278994312285,
      -0.1503240171558883,
      0.4020365982461138
    ],
    [
      -0.36850214834942907,
      0.16414537316280697,
      -0.5845222156560469,
      0.1253762144057614,
      1.179551936770201,
      -1.4849548438286566,
      -0.1341596756410696,
      -1.6022945933973296,
      0.3606466801540073
    ],
    [
      -0.6492096249642071,
      0.1727280454194084,
      0.16340590033359234,
      1.4165465999388265,
      -0.6743653783013973,
      0.17853632928544813,
      -0.035431311737356815,
      0.8326052129098633,
      0.41293539172623317
    ],
    [
      0.34008563780648743,
      -0.31834676452251476,
      -0.3517795937947839,
      2.4023659077239636,
      1.0758236459505488,
      -0.27526533385594615,
      -2.120871847387543,
      0.34019789657255284,
      0.311270754438084
    ],
    [
      -0.9710710140802913,
      0.6451149933769524,
      1.533567310563996,
      0.30655849577183975,
      0.3168694034326985,
      1.1975224716103163,
      -0.3615892016824148,
      -1.0554209777163106,
      -0.23061654063857107
    ],
    [
      -1.6002296960141755,
      0.993234091649996,
      -1.88598377456046,
      -1.1364684309217417,
      0.7523550583988152,
      -0.36607387215446635,
      -0.2909474597070102,
      -1.3355021289557913,
      0.5706691080625037
    ],
    [
      -1.466598530745341,
      0.9681669324374309,
      -0.5125504521658769,
      1.4337492610340854,
      -1.1264060825358126,
      0.7121860266756143,
      0.5529027826200759,
      -1.341808019833666,
      0.5380004819169282
    ],
    [
      -0.011507162527336124,
      -0.20127590287922972,
      -0.43625676134401403,
      0.45003244299202405,
      0.4012943034176332,
      -0.8890818408240452,
      0.17225573049676518,
      0.2124298113703559,
      -0.5438587924322515
    ]
  ]
}