{
  "dataset_id": "anisotropic_061",
  "shape": "anisotropic",
  "index": 61,
  "seed": 63273,
  "n_samples": 682,
  "n_features": 8,
  "n_clusters": 5,
  "cluster_std": 1.5700193460765488,
  "noise": 0.043515011700639594,
  "actual_n_samples": 682,
  "actual_n_features": 8,
  "transformation": [
    [
      0.16896737700017564,
      1.1886192133226026,
      1.0876052867537584,
      0.46174027386525773,
      -0.6045638183784912,
      0.23530595625542444,
      0.42291874421239484,
      0.3528856544393284
    ],
    [
      0.6661027587221983,
      -0.16884057395348093,
      0.15394037756681309,
      -1.7348128517190133,
      -0.5299109723246166,
      -0.6877416057930003,
      0.34620611767741666,
      0.04470142018050203
    ],
    [
      -0.3997815552311557,
      -0.8523618708568255,
      0.12266983527109669,
      0.1589617535152386,
      0.8748876206192983,
      0.827831701557452,
      0.6714638720086038,
      0.5664507834723659
    ],
    [
      0.3124692043439791,
      -0.2443084001200147,
      -1.1323915921386831,
      -1.1491459679994247,
      -1.269583773700738,
      -0.36730648454888015,
      -0.9355090880179956,
      1.4427179518768884
    ],
    [
      1.569466329940211,
      0.8601459853079322,
      -0.07885004643950394,
      0.32322251030553817,
      -0.6971170944315535,
      -0.5991309550973828,
      1.2111965171849635,
      1.7671270000579171
    ],
    [
      0.5094512588821974,
      1.1140758395626031,
      -1.402670149619825,
      0.010495278149235775,
      -0.9921608199219254,
      -0.6949540430423802,
      -0.08933676974054133,
      0.1561823216303565
    ],
    [
      0.6280902855727283,
      0.0677143885905372,
      0.1857151428933409,
      -0.38061977251321905,
      0.3275107334904857,
      -0.6773818893841518,
      0.01322293613417551,
      1.2457261684138248
    ],
    [
      -1.2504076530881236,
      -0.6223495984521406,
      -0.09718548214039048,
      0.7526827869668297,
      -0.9039482598464541,
      -0.9422777407447865,
      -0.7447500504633466,
      -0.5192280537918498
    ]
  ]
}