{
  "dataset_id": "anisotropic_064",
  "shape": "anisotropic",
  "index": 64,
  "seed": 63160,
  "n_samples": 744,
  "n_features": 7,
  "n_clusters": 7,
  "cluster_std": 1.9365127524944548,
  "noise": 0.052790155988524975,
  "actual_n_samples": 744,
  "actual_n_features": 7,
  "transformation": [
    [
      1.3169527835761539,
      -1.5940320576670794,
      0.3595217901669706,
      -1.8916564351532434,
      -0.14815410031662565,
      1.4168466469862746,
      1.6449316046438986
    ],
    [
      -1.3374813650320159,
      0.2659785077169521,
      -1.3117956118187153,
      -0.8465954705079303,
      -0.20848455572957086,
      -0.180890318142243,
      1.2584311011394524
    ],
    [
      1.6084066113284643,
      0.30347177409466514,
      -0.4146106280761836,
      0.5007821116888839,
      0.04931494502478258,
      -1.6046926260582066,
      -0.11879677429675523
    ],
    [
      0.1443073332645167,
      0.5391441982159851,
      0.05630059451335437,
      -1.1587147718149202,
      -0.23818359258498667,
      -0.6889267380061264,
      0.3187938005934982
    ],
    [
      -0.4908541075264462,
      -0.1515474645111952,
      2.07054406892274,
      -0.32967353396531107,
      0.8300910116243857,
      -0.09581097169692504,
      -0.9340898976547157
    ],
    [
      -0.3912422525338555,
      -0.9133507533111399,
      -0.4945701174402012,
      0.18579043746597676,
      -0.5589535898059745,
      0.44289874196858936,
      -0.24519082314812882
    ],
    [
      -1.1016928763573008,
      0.15853479132655945,
      -2.2668486456177575,
      -0.9542007982871274,
      -1.1656915809749373,
      -0.3433258906553268,
      -0.5343717755052498
    ]
  ]
}