{
  "dataset_id": "anisotropic_089",
  "shape": "anisotropic",
  "index": 89,
  "seed": 64293,
  "n_samples": 555,
  "n_features": 7,
  "n_clusters": 5,
  "cluster_std": 1.2981987517060165,
  "noise": 0.017331644398204227,
  "actual_n_samples": 555,
  "actual_n_features": 7,
  "transformation": [
    [
      -1.1153894040470171,
      0.2402263863067034,
      -1.3593188407318224,
      -2.3669272694433854,
      -1.0974652489113321,
      -1.0737715012487583,
      1.6608175355233195
    ],
    [
      1.110923659936444,
      -0.05927617732153647,
      -0.3670179582244419,
      -1.3257912703249557,
      -0.6597084383752387,
      0.33182037368600054,
      -1.1735075376702333
    ],
    [
      -0.9434118385887927,
      -2.810240990512856,
      0.6854699503451781,
      0.2893346905862048,
      1.5064635906410597,
      0.8485446986344944,
      1.6086552616630165
    ],
    [
      -0.42451276041595354,
      -1.9906067092548276,
      1.0764987440470728,
      1.7920701905167962,
      -0.8391168898460318,
      0.29290576814342784,
      -0.8930398032788716
    ],
    [
      0.2528884865142267,
      -0.19977908500982633,
      -1.655782206687034,
      0.6926645039456375,
      0.5397981201532179,
      -0.7957546655715682,
      1.5220312256522759
    ],
    [
      2.012359050212041,
      -0.4533388783641986,
      -0.9974519309176745,
      -0.08428895692329498,
      -1.776187451249834,
      0.46168950431036043,
      -0.5057299785866795
    ],
    [
      -0.7092842754080788,
      1.4971733952517967,
      -0.1416897501888658,
      0.4763534426414292,
      1.4593207155572827,
      -1.0418249483597077,
      0.02986800475809919
    ]
  ]
}