{
  "dataset_id": "anisotropic_076",
  "shape": "anisotropic",
  "index": 76,
  "seed": 16548,
  "n_samples": 627,
  "n_features": 4,
  "n_clusters": 7,
  "cluster_std": 1.484028323049561,
  "noise": 0.05054471097796979,
  "actual_n_samples": 627,
  "actual_n_features": 4,
  "transformation": [
    [
      1.7871512320635883,
      -0.09053702269104731,
      -0.15527251384717627,
      0.8617857894133155
    ],
    [
      -0.24416299775580386,
      -0.4340441946996909,
      2.4577259972833105,
      0.07867499955993647
    ],
    [
      -0.6119655095315079,
      -0.936119890624022,
      1.1281927638865623,
      -0.1448923188331862
    ],
    [
      0.27934071317256504,
      -2.114863301391318,
      -0.5979371388551297,
      0.6592688245572269
    ]
  ]
}