{
  "dataset_id": "anisotropic_063",
  "shape": "anisotropic",
  "index": 63,
  "seed": 93201,
  "n_samples": 485,
  "n_features": 6,
  "n_clusters": 5,
  "cluster_std": 1.5975354938907678,
  "noise": 0.207006802332281,
  "actual_n_samples": 485,
  "actual_n_features": 6,
  "transformation": [
    [
      -0.6361739372169951,
      -0.1571992269694426,
      1.1734172257946476,
      0.407853188786154,
      1.5562495391706024,
      -1.208884975181179
    ],
    [
      0.15921578595614164,
      -0.8101455579851313,
      -0.16225680116343288,
      1.6315954914823585,
      -1.838176590378121,
      0.058979166015653214
    ],
    [
      0.45701331925470345,
      0.7033178340423079,
      0.3595840611375004,
      0.01686059155598548,
      0.6977757831728097,
      -0.9756458173672096
    ],
    [
      0.7922687000927509,
      -1.021092845109167,
      0.09429572751114831,
      -1.1661161434792502,
      0.7311313004309,
      0.3267284870199919
    ],
    [
      0.047340981950777294,
      -0.9315150051265564,
      0.023419662275196523,
      -0.3495970659615177,
      -0.46139777588158315,
      -1.558350108369622
    ],
    [
      -1.5138852697463552,
      0.6925524860212191,
      -0.772539231880842,
      -0.7655230860111055,
      -0.8128847956079542,
      -0.8732748430985134
    ]
  ]
}