{
  "dataset_id": "anisotropic_081",
  "shape": "anisotropic",
  "index": 81,
  "seed": 55133,
  "n_samples": 754,
  "n_features": 6,
  "n_clusters": 3,
  "cluster_std": 1.5595085043206809,
  "noise": 0.25731132658691463,
  "actual_n_samples": 754,
  "actual_n_features": 6,
  "transformation": [
    [
      1.3855183664544832,
      1.3451895150858504,
      -0.36165400891752797,
      -0.8366066728047283,
      -1.3379697095118286,
      0.5170113941560929
    ],
    [
      0.7381248208865655,
      0.8150781308167231,
      1.4075082728753767,
      -0.11756283697708098,
      -1.9736812660454768,
      -0.4322487337265316
    ],
    [
      -1.7668631805998005,
      -0.3700412465700903,
      0.6288821081926419,
      -0.7685726531569238,
      -0.22732919479585645,
      1.3191382010998667
    ],
    [
      -1.7352024582202394,
      -0.9218050315098164,
      -0.9944114801970945,
      -1.404693418062116,
      0.31118903241172413,
      1.1700252057644933
    ],
    [
      0.46989301740902817,
      -0.7034197833428018,
      1.2148479578094518,
      -0.6843186808811736,
      0.44378912254358455,
      -0.02922506032346455
    ],
    [
      0.27048094012805024,
      -0.1757619719780973,
      -1.0554061054808574,
      0.7577063394700702,
      -0.43617871079991893,
      -0.46532729999763994
    ]
  ]
}