{
  "dataset_id": "anisotropic_084",
  "shape": "anisotropic",
  "index": 84,
  "seed": 34308,
  "n_samples": 625,
  "n_features": 10,
  "n_clusters": 5,
  "cluster_std": 1.0190237791198231,
  "noise": 0.044522303282442464,
  "actual_n_samples": 625,
  "actual_n_features": 10,
  "transformation": [
    [
      -0.04509225095172844,
      -0.1084254060817098,
      0.8930518155797577,
      0.7672201371145416,
      0.24967309243488842,
      0.2041890755338731,
      1.13721448657144,
      -0.3909780349391639,
      1.1141215302110608,
      -1.0824621190584518
    ],
    [
      0.5503294331051941,
      -0.7056026636794377,
      0.10690747400199317,
      -0.6109092343646086,
      -0.119613453459613,
      -1.0685529212860123,
      0.0730739072538885,
      0.9996487010580594,
      -1.264654661219185,
      -0.3017704322846503
    ],
    [
      0.713509967527657,
      0.8746885275727703,
      -1.334684642917588,
      -0.0979911890581884,
      0.5903620982042633,
      0.4818359620247174,
      0.6541372713234573,
      -0.23145159033107487,
      0.30522576108621763,
      0.6339975721591903
    ],
    [
      0.5464161559908062,
      -1.2534806413893924,
      0.5038224425427192,
      1.9351582233601254,
      0.11500337322514545,
      2.4998874644917097,
      0.32424622816345344,
      1.2491045015242386,
      -0.699744614937641,
      -0.12121646838122332
    ],
    [
      2.0644472700721055,
      -0.4356682450257877,
      0.5725758194405022,
      -0.16207309076365417,
      0.0325997808143011,
      -1.7098934272740371,
      -0.5576935565121673,
      0.7863612175701349,
      -0.09726356980737125,
      2.2733969588171328
    ],
    [
      0.06716787255539564,
      1.1502210637264325,
      0.0073728365231277545,
      0.08168772379348688,
      -0.33360618389803653,
      -2.2563858954899976,
      0.6153967152719049,
      -1.5702306915894277,
      -1.2010848709365736,
      -0.9007174339560147
    ],
    [
      -0.43727654172123936,
      0.9468457946352172,
      1.231751507281238,
      -2.5254476028835087,
      -0.08317268959416398,
      -0.33168739625567306,
      -0.28162509533344937,
      0.797924438525549,
      0.25287139017097016,
      0.5595731780897087
    ],
    [
      -0.1574662231152715,
      0.0011674708320050628,
      0.04381551284383375,
      -0.23762435702553733,
      0.18967789634710217,
      0.38571495917061266,
      -0.33740880315160776,
      0.3824243005818084,
      0.010999729014339687,
      -0.20645242395630498
    ],
    [
      -0.5780688196946022,
      1.192321830518597,
      -0.47516871044479975,
      -1.189993820575125,
      0.38614417937584206,
      2.483963190292288,
      0.19807135921021268,
      1.418007124002584,
      -0.6131492020244647,
      -0.8485718627022562
    ],
    [
      0.13150459929503472,
      1.5953679921858634,
      -0.2636236130548402,
      -0.06911532357392262,
      0.9493677326086638,
      -0.6308497182793876,
      -0.061722135306935336,
      -1.0412102972545125,
      -0.41561176670822336,
      1.5360672238175328
    ]
  ]
}