{
  "dataset_id": "anisotropic_066",
  "shape": "anisotropic",
  "index": 66,
  "seed": 51929,
  "n_samples": 333,
  "n_features": 7,
  "n_clusters": 6,
  "cluster_std": 0.8165846820972722,
  "noise": 0.12698725320117338,
  "actual_n_samples": 333,
  "actual_n_features": 7,
  "transformation": [
    [
      0.046909609775986016,
      1.5328972032260186,
      -0.3963215703996037,
      -0.13623457041501452,
      0.381310057923816,
      -0.5834679313774588,
      0.7025108585592711
    ],
    [
      1.5828401609893474,
      -0.6866365260207691,
      -0.8182740583940598,
      -0.5534790098706217,
      0.35853727200753677,
      0.5561383314411708,
      0.4414775860204644
    ],
    [
      1.200077246708691,
      0.19517203053626433,
      0.7284208675194987,
      -0.06973658747424227,
      -1.0841839514212357,
      -0.1896196499787099,
      1.2196832652401375
    ],
    [
      -0.12065131529652585,
      -0.6623162595430232,
      -0.06522196749364145,
      -0.3477750611481924,
      -2.2146644782891736,
      0.053303113861483675,
      -1.5171607296884881
    ],
    [
      2.1898811953194643,
      -0.7536659190692824,
      0.30671380531513986,
      -0.24731298590625625,
      -0.9597653831882226,
      -0.36831571068392777,
      -0.6339083129718471
    ],
    [
      0.8518064351038631,
      -1.4025392103578742,
      -0.11678549082564638,
      1.3789789380312083,
      -1.334934963857125,
      -1.5119284008171867,
      -0.8494047916195351
    ],
    [
      0.9750540609339933,
      0.9790519504742372,
      0.08208329291863196,
      -0.2789359990595659,
      1.6238263059928553,
      0.18121192243562187,
      0.18271032062892908
    ]
  ]
}