{
  "dataset_id": "anisotropic_050",
  "shape": "anisotropic",
  "index": 50,
  "seed": 81186,
  "n_samples": 269,
  "n_features": 8,
  "n_clusters": 3,
  "cluster_std": 0.42648391199362096,
  "noise": 0.2819351225572352,
  "actual_n_samples": 269,
  "actual_n_features": 8,
  "transformation": [
    [
      0.9399818398781361,
      0.4066575488928538,
      0.08404505729669033,
      0.434028038954906,
      -1.20187865862873,
      0.6540522734372751,
      -0.1269006564199603,
      0.9291947808946444
    ],
    [
      -0.15926356797034785,
      -1.7644554496778422,
      0.9341557216802818,
      0.013781242875341495,
      -1.7927375204692504,
      -0.6026383972025445,
      0.5210653379050281,
      1.1749148826499507
    ],
    [
      -0.6307443210850397,
      -1.4654439326686157,
      1.491794990647773,
      -0.006304150251375126,
      1.0060638054628914,
      0.14970794688209077,
      -0.8016107198546978,
      -1.0476254428451721
    ],
    [
      1.0989636471863473,
      0.25201051855080686,
      -0.7367874870510661,
      -2.294717488495608,
      1.2571821467142497,
      -0.3040537253076365,
      1.267251574093815,
      1.596877665413643
    ],
    [
      1.1434393961701108,
      0.5088501388525497,
      0.48839107166578366,
      -2.0778563108372334,
      0.3415731632976465,
      -0.7234082355871513,
      -0.903451808990224,
      1.0401407221787669
    ],
    [
      1.061657918146605,
      0.5472333634104467,
      0.1729946389174516,
      0.769625809887428,
      -0.8677259610394569,
      1.2577049940029432,
      1.9515613780718066,
      1.0004591153656288
    ],
    [
      -1.2160103763004073,
      -0.8668665927634405,
      -1.5037640142063047,
      -0.8507946635175856,
      1.650689454768316,
      1.66152502343281,
      -2.1817440771433687,
      -1.3325100894544997
    ],
    [
      1.0749579615894371,
      -1.2363499634508426,
      0.6527331332100283,
      -0.07118293994575732,
      0.5767840831905072,
      0.934361111156141,
      -0.5458391864792839,
      -0.21446548737541032
    ]
  ]
}