{
  "dataset_id": "anisotropic_002",
  "shape": "anisotropic",
  "index": 2,
  "seed": 36618,
  "n_samples": 549,
  "n_features": 5,
  "n_clusters": 7,
  "cluster_std": 2.2774266853090137,
  "noise": 0.1321169131938439,
  "actual_n_samples": 549,
  "actual_n_features": 5,
  "transformation": [
    [
      0.19913550815397102,
      -3.2687104434733922,
      -0.5270702761895252,
      0.2480076363658162,
      1.6186630280852945
    ],
    [
      0.10311066294650445,
      2.0623445144615293,
      -1.6469937655194362,
      -1.624605730043839,
      1.2431814472936298
    ],
    [
      1.9828088516598836,
      0.18560588348855034,
      -0.8903444985360724,
      0.5414453162408884,
      -0.20292685271663546
    ],
    [
      0.5633297276294167,
      -0.7919457839262362,
      2.0678245460445344,
      2.3300511687214835,
      -0.4217559678743572
    ],
    [
      -0.5555604352549723,
      -1.977648042238739,
      1.2926424786017714,
      -0.21438877843625515,
      -0.5377694944208349
    ]
  ]
}