{
  "dataset_id": "anisotropic_057",
  "shape": "anisotropic",
  "index": 57,
  "seed": 56642,
  "n_samples": 615,
  "n_features": 6,
  "n_clusters": 4,
  "cluster_std": 2.3493897778429615,
  "noise": 0.15788758987630164,
  "actual_n_samples": 615,
  "actual_n_features": 6,
  "transformation": [
    [
      -1.1758103119498697,
      0.35906629443404436,
      1.590144125215431,
      0.08013590051441918,
      -0.09773877305534917,
      0.848218713312269
    ],
    [
      0.6411643998780203,
      -0.7812338451767833,
      -0.2546422612150668,
      1.4410659113096986,
      -0.16854832069643197,
      -0.7078193022546586
    ],
    [
      0.5736711445893704,
      0.7194482862556371,
      -0.01575994738296926,
      -1.985644029565054,
      0.905106297753165,
      -0.5389766086656144
    ],
    [
      1.6303378307931147,
      1.0066942439832163,
      2.7812455124470654,
      0.7065257896420463,
      1.1473998629080864,
      -0.5643491715450717
    ],
    [
      -0.8536555131363215,
      0.0795955289158527,
      1.2135709836198618,
      0.4611412522310962,
      -0.2755266492983651,
      -1.6342707112352428
    ],
    [
      -0.9433198315428526,
      -1.2660680138197542,
      -1.1141773678636218,
      0.737459435749858,
      2.965639884463726,
      0.5843898081229282
    ]
  ]
}