{
  "dataset_id": "anisotropic_021",
  "shape": "anisotropic",
  "index": 21,
  "seed": 8200,
  "n_samples": 202,
  "n_features": 10,
  "n_clusters": 6,
  "cluster_std": 1.1539650847488934,
  "noise": 0.19624340334962845,
  "actual_n_samples": 202,
  "actual_n_features": 10,
  "transformation": [
    [
      0.1754922787796636,
      -1.0455239599819515,
      0.2515090779866571,
      -0.8227751434037117,
      0.3323981335743867,
      0.12319160101456564,
      0.4872410745686049,
      -0.45805746200090547,
      0.984207073373264,
      0.5687235717865806
    ],
    [
      -0.26180294932527964,
      0.026258545296916975,
      -1.4222502211251147,
      0.9610458317717575,
      -0.34536519313181935,
      -0.36731678469912854,
      -0.5969734042113508,
      -0.2772369815278922,
      -0.30701137647928506,
      -0.49127021559640616
    ],
    [
      -1.03540164687877,
      -0.3686371220815249,
      0.4880754164258536,
      1.346118507663852,
      0.6336290215978527,
      0.37023962928433835,
      -0.4041807502498526,
      0.9246244495543973,
      0.5940389668775519,
      -0.23166171362106946
    ],
    [
      -0.10719931647229615,
      0.9383001250213386,
      -1.1210485154491763,
      -0.6454201274850929,
      0.8625839735492885,
      -0.5859286412058857,
      -1.0206064079931232,
      -0.2437115141697045,
      0.031256840085073054,
      -0.3516130252346445
    ],
    [
      0.3848620701547156,
      -0.9304732235963673,
      0.3599870970004251,
      0.2590919312072889,
      0.39406317652136624,
      0.5362890188793054,
      -0.16479960743396815,
      -1.5334098240650635,
      -0.05339755900576538,
      -0.3027799538549353
    ],
    [
      2.73867551161051,
      -0.605799377997711,
      -1.720957277725928,
      -0.6366119227422493,
      -2.4138776283288967,
      -0.3769497820022926,
      0.564118591801825,
      0.8485157248544005,
      0.3304689456828569,
      1.0553810968052602
    ],
    [
      0.06839165825951266,
      -0.8594164743357567,
      -0.07375223157403836,
      1.304131730436107,
      -0.7083533852735692,
      -1.4393650095467925,
      -0.9832573130078145,
      1.4261157471718173,
      -0.040683370044042225,
      1.2027140777403753
    ],
    [
      -0.7731875610757187,
      -1.7388874816163162,
      1.3442424777892137,
      0.1448658375459658,
      0.40294815397548434,
      0.7809599262060737,
      -1.364269845947014,
      -0.26609946186366107,
      -0.31336810144432514,
      -0.3180368124127706
    ],
    [
      -0.010290727175639995,
      0.35388346320234965,
      0.11899740866631756,
      -0.8071646091184472,
      0.4465695654210229,
      -0.7825243472446899,
      0.07257547371080925,
      -0.5249092325501189,
      0.6427908196617066,
      -0.20598103452894317
    ],
    [
      -1.0190643387093898,
      -0.7516874157054864,
      -0.8828046540111827,
      -0.4915304612667438,
      0.8496201868621728,
      -0.7519247483739643,
      0.7261011028060079,
      -0.3476297307152721,
      -0.09928598012664344,
      -1.1160672272083523
    ]
  ]
}