{
  "dataset_id": "anisotropic_040",
  "shape": "anisotropic",
  "index": 40,
  "seed": 52263,
  "n_samples": 893,
  "n_features": 9,
  "n_clusters": 8,
  "cluster_std": 2.3486624905127496,
  "noise": 0.04225152110902764,
  "actual_n_samples": 893,
  "actual_n_features": 9,
  "transformation": [
    [
      -1.3743215092688101,
      0.8963733270174143,
      -0.8623317454686215,
      -0.6768443726989991,
      -0.19203418645612436,
      0.3021059378660111,
      -0.8144544531589931,
      0.21976368326574597,
      0.24115716655904507
    ],
    [
      -0.609789278243558,
      -0.7339163123210645,
      0.4165308836967153,
      -1.9931590699822368,
      0.4899176061305527,
      0.7998105047908601,
      -0.5471617282978257,
      1.8590317729848629,
      0.6496061477971877
    ],
    [
      1.4016053455813342,
      0.5265908635874075,
      -1.3886164634865914,
      0.6304378694615446,
      1.2006294907316974,
      -0.6928371306432186,
      -1.0944275134853725,
      1.1185664874886365,
      0.3659774744644452
    ],
    [
      0.3608414103800173,
      1.3940671248675705,
      1.0156779595907517,
      -2.1705199955490895,
      -0.376735414033612,
      -1.4727344568053657,
      0.1702567548463221,
      0.5480121903086212,
      1.6378021661627689
    ],
    [
      -0.4429502878549354,
      1.4088240981158395,
      -0.12542326727421535,
      -1.707031110063828,
      -0.13468286703849694,
      -0.10679186210164536,
      -0.4578680739596136,
      2.1003519501296513,
      -0.3797538325783236
    ],
    [
      0.4593353690074396,
      0.8603189580064092,
      -0.03701780056376678,
      1.078255214686879,
      1.545555184665792,
      0.23701325724620487,
      0.05721802144722243,
      0.19792219948153003,
      -0.7368209877538084
    ],
    [
      -1.7292313736308538,
      -0.5573416884092225,
      0.4685676217522524,
      0.23349850291900492,
      1.019388316388596,
      2.109079939356974,
      -0.5476749263369279,
      -0.33710155426804467,
      -0.19390016016507583
    ],
    [
      -0.21510945189162514,
      1.3730052681472327,
      -1.0574977220596462,
      0.039585123719951,
      -1.6575710416124907,
      -0.7792683598103696,
      1.0202963103446667,
      1.2645204570695614,
      -0.8049216318722112
    ],
    [
      -0.0727922838960417,
      -0.9109524987890998,
      -0.7954014204145551,
      0.7930891148380758,
      -1.2755104878098833,
      0.9299205817107987,
      -1.2652041378011554,
      -1.913417216933228,
      0.9008697567035121
    ]
  ]
}