{
  "dataset_id": "anisotropic_030",
  "shape": "anisotropic",
  "index": 30,
  "seed": 55403,
  "n_samples": 797,
  "n_features": 7,
  "n_clusters": 6,
  "cluster_std": 1.7542487831369324,
  "noise": 0.2213808283630829,
  "actual_n_samples": 797,
  "actual_n_features": 7,
  "transformation": [
    [
      0.9667850220713677,
      0.9240986046779529,
      -0.5269267078345355,
      -0.2043816895730759,
      -0.5479791397919165,
      -1.1717744610495477,
      -1.1081813363273654
    ],
    [
      -0.16453397386714722,
      3.2322645838215545,
      -0.10110451919441221,
      -1.0518581111391674,
      1.3417315617456491,
      1.9868843868730515,
      -0.28844981483927085
    ],
    [
      1.0546038560165405,
      0.4143676826204729,
      -0.11470610492603585,
      1.7389320916261921,
      0.06026135262254482,
      -1.2755996455019565,
      0.5746654984986784
    ],
    [
      1.4632972390672816,
      -0.22349702887701614,
      0.310211414504774,
      -0.12568536837227004,
      1.2626315862877102,
      0.0060113584481784575,
      0.6688226892809571
    ],
    [
      -0.34895755651452587,
      -1.113929619133706,
      0.922949217460641,
      1.4753461420893899,
      -2.242367181782114,
      -1.2059516949508573,
      -1.5623906136223817
    ],
    [
      0.9043281056894303,
      1.069879341747669,
      -1.7214192153756485,
      -0.14474751275198253,
      -2.09227323401106,
      -0.6446411606721821,
      0.6811827569503159
    ],
    [
      -0.9315517755110202,
      -1.0419885344744064,
      -2.323600924677947,
      1.0439483134125198,
      -0.8249094173466294,
      0.09360660247318198,
      0.44514589164469937
    ]
  ]
}