{
  "dataset_id": "anisotropic_003",
  "shape": "anisotropic",
  "index": 3,
  "seed": 7666,
  "n_samples": 436,
  "n_features": 7,
  "n_clusters": 7,
  "cluster_std": 1.9402575543854852,
  "noise": 0.1458251154290541,
  "actual_n_samples": 436,
  "actual_n_features": 7,
  "transformation": [
    [
      -0.2432098754141541,
      2.013854116308037,
      1.5886463576624898,
      -0.2982893243259033,
      -0.35693728917915507,
      -1.3744066482001907,
      -0.4469108044690649
    ],
    [
      -1.3855341498823348,
      0.5363523175756562,
      -0.6865116706312259,
      0.6999088306357161,
      1.1156512638893126,
      -0.20664008117158034,
      0.848607184576164
    ],
    [
      -0.49506038395337804,
      1.088968110773675,
      0.7728476748545304,
      -1.6116201292191978,
      0.2014671493039089,
      -0.7866956906623649,
      -1.1558206383802876
    ],
    [
      0.13369091613788622,
      -0.4718629175750515,
      0.8633910725523422,
      -1.5946046061172696,
      0.561389231658082,
      -0.11537042244736477,
      -0.1430195148545463
    ],
    [
      1.0599014800203723,
      -0.01875356951840557,
      -1.4546128429457161,
      -1.4332776958079558,
      -0.1290545003465554,
      -1.0660819804749653,
      -0.005748835337208025
    ],
    [
      -0.9946565238296984,
      -0.4631529746055428,
      -0.5789265273107661,
      -0.2001276934133834,
      -1.6925174909306344,
      -0.7186477985825295,
      -0.09156472801343195
    ],
    [
      1.5429304078862631,
      0.9877932463483675,
      -0.9738323681107657,
      -1.5725627199800312,
      0.8151119565075522,
      2.0880431091781966,
      -1.078683852700565
    ]
  ]
}