{
  "dataset_id": "anisotropic_044",
  "shape": "anisotropic",
  "index": 44,
  "seed": 34078,
  "n_samples": 426,
  "n_features": 7,
  "n_clusters": 8,
  "cluster_std": 2.4993169006577554,
  "noise": 0.027368711353409115,
  "actual_n_samples": 426,
  "actual_n_features": 7,
  "transformation": [
    [
      1.2432112347530595,
      -0.7710953616299087,
      -1.2946328967426848,
      -0.5153192108769759,
      0.1933200723023185,
      1.9276330145626999,
      0.04044619340872596
    ],
    [
      0.2305108851351253,
      1.0253413987622322,
      0.6061346584047744,
      -0.5174340177963411,
      -0.7198352210827966,
      0.957259424721236,
      0.07306037440228669
    ],
    [
      1.0959642609796123,
      0.8181081426531138,
      -0.538976510571769,
      -0.20050136925651313,
      -0.32456514933304415,
      -0.38932444747639133,
      0.2045871146329021
    ],
    [
      -0.8756053825187912,
      0.5307565790201786,
      -0.3933519880947922,
      -1.8287222184718297,
      -0.27083259104780183,
      -0.1615931374262968,
      -0.0861190981823344
    ],
    [
      1.6243592105796223,
      1.1684756346302485,
      0.15922567095630888,
      0.9615562832293517,
      0.07436868682755646,
      -1.7067143125687685,
      0.7648222647606615
    ],
    [
      -0.4749289780742161,
      0.639198651198721,
      -0.6777072476803281,
      -0.3594855638743487,
      -0.01513900854271634,
      1.0191003587238836,
      -0.12204994773034081
    ],
    [
      -1.2718215538989042,
      -0.5393304832434582,
      0.12326593976079508,
      -2.1776587398696803,
      -1.5062483840449261,
      -0.144610615551983,
      0.042309085529876694
    ]
  ]
}