{
  "dataset_id": "anisotropic_099",
  "shape": "anisotropic",
  "index": 99,
  "seed": 75012,
  "n_samples": 244,
  "n_features": 5,
  "n_clusters": 7,
  "cluster_std": 0.8611368416931708,
  "noise": 0.0903048181608644,
  "actual_n_samples": 244,
  "actual_n_features": 5,
  "transformation": [
    [
      1.5750283564003438,
      0.468060632744731,
      0.5156877232913746,
      1.931321043774657,
      0.6137887833223777
    ],
    [
      0.9247145560611623,
      -0.7321180069119141,
      0.19497814105942365,
      0.16253799809404024,
      0.5426170098551433
    ],
    [
      -0.400037102992744,
      0.1038205385542893,
      -0.34907107815194033,
      0.5472909313387969,
      1.6147102320410165
    ],
    [
      0.8687208827852277,
      -2.214212814946921,
      1.0733332913233284,
      0.00732745133125936,
      0.37828461423097726
    ],
    [
      1.064001631425407,
      -1.2251295223178795,
      1.3165915221778475,
      -1.388691554704542,
      -0.6035723144657184
    ]
  ]
}