{
  "dataset_id": "anisotropic_009",
  "shape": "anisotropic",
  "index": 9,
  "seed": 13426,
  "n_samples": 966,
  "n_features": 8,
  "n_clusters": 5,
  "cluster_std": 0.43997617362501895,
  "noise": 0.12704607629037495,
  "actual_n_samples": 966,
  "actual_n_features": 8,
  "transformation": [
    [
      1.0630464210682817,
      -0.012427166840980918,
      -0.09772577852385542,
      0.8557233874936062,
      1.1549037518097138,
      -0.6887225275497837,
      1.3793024099617617,
      0.5238161416371647
    ],
    [
      -0.6539815660454747,
      -0.430163945894181,
      0.6759563628949636,
      1.3735391456534343,
      0.027932442065693005,
      -1.0077220747029145,
      -0.307445975208999,
      1.054097217931133
    ],
    [
      -1.5738802819422306,
      0.5837510993280756,
      -1.8436371054354934,
      -0.3329521263300751,
      -0.5516856223050881,
      0.5109221151829522,
      0.25112879159433965,
      -0.5834437045509866
    ],
    [
      1.0443006995436754,
      -0.3652273025158581,
      -0.5745001844369975,
      -0.09879898950001124,
      0.028895491364477922,
      -0.8742377211883392,
      -1.9109590568123407,
      -0.42350252568904817
    ],
    [
      1.2240275779802252,
      -0.035599150494681785,
      0.03220478804873545,
      1.50822751266601,
      -0.154560000704623,
      -0.2196717491697605,
      -0.9707409518406342,
      -0.11295264376017466
    ],
    [
      0.95731504691041,
      2.5776774875389346,
      1.4658843335301992,
      -0.7024804411572294,
      0.7347250723374394,
      -1.0805597956032444,
      0.3766209488312639,
      -1.2544334722910682
    ],
    [
      1.3808946797508785,
      0.378213411809582,
      -0.579665477983329,
      -0.3850758656202068,
      1.2591853710218965,
      -1.068032299792941,
      -2.1635094317620664,
      -0.42773087789596514
    ],
    [
      -1.6057738137906556,
      0.028627318808175078,
      1.5460744987149764,
      -0.8652904200289269,
      1.1162784973959592,
      0.13140451571987993,
      0.22004681312779803,
      -1.5369639184165031
    ]
  ]
}