{
  "dataset_id": "anisotropic_090",
  "shape": "anisotropic",
  "index": 90,
  "seed": 89340,
  "n_samples": 694,
  "n_features": 8,
  "n_clusters": 7,
  "cluster_std": 1.6006943816329584,
  "noise": 0.261147940725264,
  "actual_n_samples": 694,
  "actual_n_features": 8,
  "transformation": [
    [
      0.13549696945861486,
      0.11722141774519748,
      0.49168331964377054,
      -1.2040788043932225,
      2.151853724232751,
      -0.32206362384482173,
      -0.18293472292933582,
      -0.19161198039085278
    ],
    [
      -0.4474521547240612,
      -1.4710350746373964,
      -0.6880870289000462,
      -0.4264447970345034,
      -0.7157695652679621,
      -0.06969179774631697,
      -0.5880819932182954,
      -0.23558407210428117
    ],
    [
      0.006878016814488943,
      1.9188442774889247,
      1.075872081389039,
      -0.1530493135793814,
      -1.2350260683799343,
      0.6089935185653711,
      0.49418064296992825,
      1.086434850781885
    ],
    [
      -1.6223938616901765,
      -1.689279071142584,
      -0.1620541526826433,
      -2.2562126364342574,
      2.4248253418313253,
      1.4613995693323545,
      0.8844079587739787,
      0.16284858423895743
    ],
    [
      -0.2370395436582527,
      0.41692365399909836,
      0.6416359779571933,
      0.6057390034096828,
      -0.4820209550910305,
      1.28914594429295,
      -2.067116140995248,
      -0.7550001572617973
    ],
    [
      -0.08212324996156045,
      0.3600503833458347,
      -1.3117109900404111,
      0.4697524615443835,
      -1.723348505142044,
      0.01878011487414512,
      -1.824828578941569,
      -0.3530209306116098
    ],
    [
      -0.08780637482071038,
      -0.07978119261451501,
      0.2023281879208357,
      1.3195940735952338,
      -0.3482853728480194,
      0.14220331592558633,
      -0.9579061257483454,
      0.7385461284775154
    ],
    [
      0.5428454950485727,
      0.15779924615510071,
      -0.3481293275473984,
      -0.19713623659279775,
      -0.27580173101775,
      -0.7276795720882044,
      0.6222021360852459,
      -1.0784353357989467
    ]
  ]
}