{
  "dataset_id": "anisotropic_068",
  "shape": "anisotropic",
  "index": 68,
  "seed": 10791,
  "n_samples": 327,
  "n_features": 6,
  "n_clusters": 5,
  "cluster_std": 1.3860546033763947,
  "noise": 0.08850171618669674,
  "actual_n_samples": 327,
  "actual_n_features": 6,
  "transformation": [
    [
      -0.4958382234512028,
      -1.8232305705787004,
      0.7851676445450155,
      0.07767036858770142,
      -0.060896926111455967,
      0.526670708679015
    ],
    [
      -0.605161917531548,
      -0.29390718038365676,
      0.13513400263557165,
      -1.931437000598307,
      0.0006513904673823504,
      -0.24191630425351682
    ],
    [
      0.4867428602381474,
      -0.058905824230353405,
      -0.8537205525090502,
      0.43212920862173265,
      0.1038848083726095,
      0.27137911571734136
    ],
    [
      -0.8401409480860486,
      -2.233489970077063,
      1.015604654634386,
      -1.7921661962786997,
      0.7304352914818333,
      -0.6753683732933956
    ],
    [
      0.47285485626428,
      1.4620715761846788,
      -0.19676034075869744,
      0.30164305370830197,
      0.9825361511383628,
      -1.0915043228438117
    ],
    [
      1.7652579076713484,
      0.3014388770557508,
      -0.264105101182589,
      -0.2261252968203404,
      -0.0734969431989463,
      -0.06532569995878222
    ]
  ]
}