{
  "dataset_id": "anisotropic_059",
  "shape": "anisotropic",
  "index": 59,
  "seed": 26735,
  "n_samples": 135,
  "n_features": 9,
  "n_clusters": 7,
  "cluster_std": 1.1490096379174506,
  "noise": 0.24835074458343961,
  "actual_n_samples": 135,
  "actual_n_features": 9,
  "transformation": [
    [
      -0.21679589065733126,
      -1.76690406218632,
      -1.0251684340695848,
      -0.07214888725246033,
      -0.3385500178047604,
      -0.21950809016516976,
      -0.02898616307564732,
      -0.14587433467446945,
      -1.7460679700924537
    ],
    [
      0.3412415563521855,
      -0.029206523157598474,
      0.11139759541092968,
      -0.586946288384689,
      1.6322701860950224,
      -1.3786074799346522,
      -0.8591575185943033,
      -0.26447266929117025,
      0.15126458476267984
    ],
    [
      0.47515385042806024,
      1.8195771053009524,
      -0.09196302796282747,
      -1.3469245905914153,
      1.4553174031385017,
      -0.698282875179316,
      -1.1755406657805345,
      0.3321293802878817,
      0.43848426126378115
    ],
    [
      -0.6028400211046758,
      0.21026473136789517,
      1.2267581788607616,
      -0.9982872251991852,
      -0.41017674416356803,
      -0.39720786718612006,
      0.3612826167621237,
      -0.20506970987357173,
      0.04952202441084829
    ],
    [
      -0.5976686496278883,
      1.2136404430523309,
      -1.3147520074895565,
      0.2281450812727851,
      -1.0496737404838157,
      0.0011460772730853346,
      -0.0370709696250236,
      0.8342195245546792,
      1.5414673445142009
    ],
    [
      -1.0919591487633742,
      -0.09215703155370288,
      -0.5027643282467014,
      0.8232468088962632,
      0.4808379474019843,
      -0.33182071558903087,
      0.5423907985473971,
      -1.7173429864525382,
      -0.358816996023872
    ],
    [
      1.1434255385508394,
      -1.3685723721081111,
      -1.0185622178632223,
      -0.24057639642295284,
      -0.40100276148220326,
      0.8856614019424935,
      0.6355454374647447,
      1.7029858729311078,
      -0.8242472869052788
    ],
    [
      -0.5721179016162704,
      -0.2588271591717167,
      -0.39393699522233944,
      -0.34721326464110686,
      -0.8809285016014304,
      1.1137354353409792,
      1.3358655515282092,
      0.05740656143341499,
      0.0951892303171898
    ],
    [
      1.7362686162052043,
      -1.4673944585138772,
      -0.3926618884515853,
      -1.1667171722565945,
      1.2996097320533364,
      -0.31227056764652283,
      -0.023004365979400202,
      -0.2743814638095606,
      -0.8034774546431812
    ]
  ]
}