{
  "dataset_id": "anisotropic_062",
  "shape": "anisotropic",
  "index": 62,
  "seed": 54126,
  "n_samples": 225,
  "n_features": 8,
  "n_clusters": 4,
  "cluster_std": 0.3312688539415677,
  "noise": 0.008254384709360052,
  "actual_n_samples": 225,
  "actual_n_features": 8,
  "transformation": [
    [
      1.2417584446979195,
      0.6730546631217305,
      0.9400102932446112,
      -0.4624891635145867,
      1.117825595638842,
      1.1575862775877102,
      -0.7084582356733049,
      -0.7793867273556395
    ],
    [
      -0.5972549538138514,
      0.30990863398391805,
      -1.0865170814693887,
      -0.4050863830254892,
      0.40419469595886814,
      1.9821405610410237,
      -0.48217940896356215,
      -1.1395521335195171
    ],
    [
      0.15310403215987622,
      -0.1958542469628437,
      -1.0864328390436864,
      -0.09559174478638097,
      0.09436375451185933,
      0.6118816093628789,
      -0.7819313772462749,
      1.6577161006286962
    ],
    [
      -0.8931132166394262,
      0.9992019564003359,
      0.009771652172274973,
      1.1017504252446257,
      1.1280488177970378,
      -0.9489089604867816,
      0.1870184489270521,
      1.2738374821939091
    ],
    [
      0.48158600308660954,
      -0.4326169863682136,
      -0.11057403254130828,
      -1.1343560616258546,
      -0.6139019338525004,
      1.0842814396907001,
      -0.18884758689957884,
      0.9647548245513852
    ],
    [
      1.0017051264763528,
      0.2346420897527368,
      0.1576512385439627,
      0.061767731579602546,
      0.5902332239709542,
      -1.6746690278124097,
      -0.23530663983576924,
      0.3539393534695801
    ],
    [
      -1.80332744604548,
      -0.0382479379867148,
      -0.21181200019828864,
      0.19125797339316367,
      -0.28517855796216,
      -0.9777020280304302,
      -0.8158108844869455,
      -1.5420038115493413
    ],
    [
      1.1796677350958642,
      -0.21819612535450963,
      0.2958687522124632,
      -0.7437329569631821,
      -0.91641431295678,
      -0.4476564482694517,
      0.08281768591534222,
      -0.8862339418836062
    ]
  ]
}