{
  "dataset_id": "anisotropic_093",
  "shape": "anisotropic",
  "index": 93,
  "seed": 52246,
  "n_samples": 994,
  "n_features": 4,
  "n_clusters": 3,
  "cluster_std": 2.2514513641878877,
  "noise": 0.19138664746285927,
  "actual_n_samples": 994,
  "actual_n_features": 4,
  "transformation": [
    [
      0.5500166210289378,
      0.3712545469579061,
      -0.31764255575072275,
      0.28263058522848356
    ],
    [
      1.4878298584288787,
      -2.0217329751379647,
      -0.5911908890115037,
      -0.3071667310784159
    ],
    [
      0.9359149799542373,
      0.5451252843895484,
      -1.0966144829145006,
      0.04054239332421022
    ],
    [
      -0.9236655238980598,
      0.8117877271087053,
      1.1561390641873297,
      -0.46754366128013064
    ]
  ]
}