{
  "dataset_id": "anisotropic_071",
  "shape": "anisotropic",
  "index": 71,
  "seed": 67674,
  "n_samples": 420,
  "n_features": 9,
  "n_clusters": 5,
  "cluster_std": 2.1143042110660804,
  "noise": 0.005888824557641037,
  "actual_n_samples": 420,
  "actual_n_features": 9,
  "transformation": [
    [
      0.3067954345501767,
      -0.5418000624043933,
      -0.03755428723640212,
      -0.3186920433064371,
      0.3894003398140952,
      0.9413468989388463,
      -0.6642138749871975,
      1.5393780286526917,
      -0.7613222436003115
    ],
    [
      1.0575474913701632,
      1.794257888977049,
      1.0760949637916382,
      -0.8799137689746077,
      0.14399889257388374,
      -0.511368707376529,
      1.148677216570454,
      0.38902310280677094,
      -0.24125638082276357
    ],
    [
      1.1539653966285723,
      -0.9654310107199193,
      0.02240347502547955,
      -0.551107042166253,
      -0.8227250758583853,
      -0.20968843401349188,
      0.811633428170244,
      -0.8563387297403272,
      0.3485815029805849
    ],
    [
      -1.4093049009644723,
      -0.33510120438239643,
      -0.5846739535046043,
      0.8361372918238582,
      0.494112776583746,
      0.8381001650571126,
      -0.9839632371121032,
      0.15901107913241216,
      2.064657424788501
    ],
    [
      -0.36173395136780145,
      0.7401365778517472,
      0.7775831729376149,
      0.7397240000715088,
      -0.47404544165221374,
      0.0952730466265492,
      1.137251868933436,
      -0.20872923381025932,
      0.24582283837049812
    ],
    [
      0.9314772626353777,
      1.905752251852326,
      -2.454882899208373,
      -1.0073173928708912,
      -1.4047613784415356,
      -1.0878849558723105,
      1.2303083101229217,
      0.15112278509887722,
      0.6083183505338509
    ],
    [
      -0.11643536673175765,
      1.3440185357561059,
      0.12462335848476842,
      -1.5143652977710491,
      -1.1911320800003529,
      0.5438033307669983,
      0.3247557217729742,
      0.2976701478746023,
      -3.6232205163302127
    ],
    [
      0.6567381225571743,
      -0.9518617642717017,
      -2.095364129210496,
      2.0478413825393815,
      0.572131319275222,
      -0.6526852341794206,
      0.7109351207212578,
      -0.7990060604320631,
      0.3532502750355098
    ],
    [
      0.4023527411619549,
      0.86057641311042,
      1.1508172233208354,
      2.2846497448614875,
      -0.46640441593718823,
      -1.6732912770306525,
      0.1042123356289402,
      0.824444458772757,
      0.8219680417781438
    ]
  ]
}