{
  "dataset_id": "anisotropic_079",
  "shape": "anisotropic",
  "index": 79,
  "seed": 31571,
  "n_samples": 977,
  "n_features": 6,
  "n_clusters": 4,
  "cluster_std": 1.320176292013092,
  "noise": 0.27315404861406484,
  "actual_n_samples": 977,
  "actual_n_features": 6,
  "transformation": [
    [
      0.6369185165233653,
      1.0840048222340355,
      0.09752350981009439,
      0.005292948730764546,
      -0.2471916214782275,
      -0.37802708011979785
    ],
    [
      -0.21534266548104053,
      -1.3199743068077363,
      -0.41780611177828814,
      -1.834300607404936,
      0.9006897217792295,
      -0.6316946865258056
    ],
    [
      -0.4943791335065444,
      -1.4189889131616655,
      1.710929786412411,
      -0.307926291988257,
      -0.49322448765755394,
      -0.5972980744711671
    ],
    [
      -0.3230271298313946,
      0.7228110607897218,
      -0.9142421649288958,
      0.33950665846590733,
      0.5293998631513284,
      0.3509541693065471
    ],
    [
      0.486505169939227,
      -0.16631072083899678,
      0.33537124514967614,
      0.2966868099023913,
      -0.9047393295077943,
      0.581101872928457
    ],
    [
      -0.2884539809838411,
      -0.5324548398945992,
      -0.129157774956598,
      1.0887188353849115,
      -0.29554539040120015,
      -0.20372969731385346
    ]
  ]
}