{
  "dataset_id": "anisotropic_088",
  "shape": "anisotropic",
  "index": 88,
  "seed": 98874,
  "n_samples": 999,
  "n_features": 9,
  "n_clusters": 6,
  "cluster_std": 1.818804696826715,
  "noise": 0.17459684503667933,
  "actual_n_samples": 999,
  "actual_n_features": 9,
  "transformation": [
    [
      -0.5594718058294964,
      0.04456471052083232,
      2.2717959060492654,
      2.05893716125846,
      -0.3875108337614655,
      -0.8719158647770742,
      0.08745607682103876,
      -0.03738080768244703,
      0.08346894647953498
    ],
    [
      -0.3578207664589617,
      0.10873253300840299,
      0.7545123265542285,
      -0.032188245360424264,
      -1.0996126783985725,
      -0.043886870383085516,
      -0.3166309392762131,
      -0.03532221811434887,
      0.04141945024469159
    ],
    [
      -1.4602067542278414,
      0.0032288241977720534,
      -0.6083235665701263,
      -0.16178055062326688,
      0.018044329665241124,
      -0.927115467375417,
      -0.27132932475021565,
      -0.6818027927779965,
      0.9177335252586895
    ],
    [
      -0.017975321093405803,
      -0.762512076624237,
      0.3801608117026177,
      0.11050263897041822,
      1.1865459021446745,
      -2.0181698655883347,
      -1.1210974247537295,
      0.19369827921098362,
      1.3334478805872405
    ],
    [
      -0.17589476774410187,
      -0.07335530743595357,
      0.003445342224602352,
      0.10300929485559698,
      -0.5670912319461298,
      -0.4332588078416356,
      0.8784452511364416,
      -0.8605918987738173,
      0.3438498150187014
    ],
    [
      -0.8076596255757545,
      -0.354216548786927,
      -0.2075806947276847,
      -0.32114524570429076,
      0.0650260175024648,
      -0.2692384824960032,
      -0.1031781063189763,
      2.122640607728376,
      -0.6407545911588055
    ],
    [
      1.2137981892548713,
      1.0904933804734955,
      0.5008854102468511,
      -1.5839612958760183,
      -0.416275876692314,
      -1.822252549582236,
      0.6003247126569012,
      -1.5856322556756852,
      -0.8106752271598496
    ],
    [
      1.7286669117694813,
      -0.6038268960119161,
      0.6589009633941139,
      -1.485775697604368,
      0.5655279129064796,
      -1.093782833479501,
      -1.032112595171409,
      0.23379495292977245,
      0.6714187250307994
    ],
    [
      -0.9782269758588262,
      0.6964605868000132,
      0.6080197881551276,
      1.3780873313868918,
      0.7490067236234995,
      0.28328586465002903,
      -0.5145741449663901,
      -1.330641512928194,
      -0.35549169325725205
    ]
  ]
}