{
  "dataset_id": "anisotropic_014",
  "shape": "anisotropic",
  "index": 14,
  "seed": 80289,
  "n_samples": 992,
  "n_features": 8,
  "n_clusters": 8,
  "cluster_std": 1.3924821797915148,
  "noise": 0.013626280453143647,
  "actual_n_samples": 992,
  "actual_n_features": 8,
  "transformation": [
    [
      -0.8176188272630865,
      0.9358962142065006,
      -1.0672658196012497,
      -1.4894622356497345,
      -1.1072429054490966,
      -0.8055699813184304,
      1.1709579030010766,
      -0.2912683955373048
    ],
    [
      -1.1457644734543189,
      -2.6961126334390286,
      0.08533078784073944,
      0.4740014808351916,
      1.9031411923573152,
      -0.2353961553700245,
      1.0575312425315944,
      0.056598016626348585
    ],
    [
      -0.8205410545245425,
      0.39850804869158124,
      0.1953213533419751,
      1.2094447461953948,
      0.3200159747049367,
      -1.8985650611244513,
      0.369374393353163,
      -1.1837506810328278
    ],
    [
      -0.43259591528545455,
      -0.6813536135127156,
      0.3107249133107435,
      -2.0447382417284974,
      -0.2123139823955202,
      1.1960834787818382,
      1.2365117824926533,
      -0.6821247593754826
    ],
    [
      -0.21141469596060353,
      -1.2579434704567654,
      0.7303773332557167,
      0.9119779276700526,
      0.292897848911602,
      -0.4691662771820751,
      -1.7127242353387673,
      -0.38573434927015154
    ],
    [
      -0.18413452356697743,
      0.06786691680426156,
      -0.655815452848884,
      0.5922377288920292,
      -0.9447029289836377,
      1.0814507083250267,
      0.7433399931908942,
      0.7204235996956153
    ],
    [
      1.3693993082340588,
      0.6454744262979735,
      0.5788804625855166,
      0.053554003744714786,
      0.04156552133704789,
      1.1878967453402414,
      -0.34683313446332575,
      1.0860490349584269
    ],
    [
      0.9366916654239418,
      0.08407688827510724,
      0.2651545136323482,
      0.6399518691381652,
      -0.7220063990779895,
      -1.983667700896258,
      0.7754559580566006,
      0.45899768198755897
    ]
  ]
}