{
  "dataset_id": "anisotropic_006",
  "shape": "anisotropic",
  "index": 6,
  "seed": 89554,
  "n_samples": 456,
  "n_features": 7,
  "n_clusters": 8,
  "cluster_std": 2.064973061722715,
  "noise": 0.1435525921073316,
  "actual_n_samples": 456,
  "actual_n_features": 7,
  "transformation": [
    [
      0.12476017037592509,
      0.11136450314191654,
      1.5510198577090486,
      0.8943099309413582,
      -0.3805019612426862,
      0.9802824685910724,
      0.12737774952380318
    ],
    [
      -0.38357492166412716,
      -0.2478664652863498,
      0.07995019089852794,
      -0.9399391218063815,
      0.7279061551937781,
      -1.3446959916226997,
      0.1859717796221317
    ],
    [
      1.918950964348689,
      -0.38742738828873213,
      1.2683644779476744,
      0.627162693039995,
      0.4907912399603645,
      0.2558325277023369,
      -0.3507272440397543
    ],
    [
      0.07628821821341103,
      -0.21712888615840026,
      0.5563197028920543,
      1.165193300513686,
      1.6545200006058443,
      0.6205790657786497,
      1.2430625864716593
    ],
    [
      0.29582404785441263,
      -0.5188964099967831,
      0.6315108236818945,
      0.4105689705502817,
      -0.918797798819823,
      -1.6308234829141373,
      -0.6299147746451641
    ],
    [
      0.2879631569558193,
      0.07199555982785291,
      -0.34830825476591903,
      -0.40720683356756965,
      -1.4905701932318114,
      -0.052215554903084826,
      1.7620595983886722
    ],
    [
      0.2681575269509343,
      -1.4040087859604464,
      0.8853793526575789,
      -0.1147961373837313,
      0.981743432158834,
      -1.2441506872684869,
      -0.776465518737753
    ]
  ]
}