{
  "dataset_id": "anisotropic_027",
  "shape": "anisotropic",
  "index": 27,
  "seed": 90322,
  "n_samples": 587,
  "n_features": 9,
  "n_clusters": 3,
  "cluster_std": 1.7484667125859172,
  "noise": 0.16965014955802377,
  "actual_n_samples": 587,
  "actual_n_features": 9,
  "transformation": [
    [
      0.507231095310782,
      0.1116471920583686,
      2.5421684850626787,
      0.5680347820064469,
      1.149284088697982,
      -0.5179104501164905,
      -0.2371771092299061,
      0.3382616585605082,
      -0.025205759046713672
    ],
    [
      -1.566063853956512,
      -1.623377362157504,
      -0.4516013913485759,
      -1.6011860997934166,
      1.0108414369441179,
      1.4599227015201923,
      1.427022030283342,
      -0.019162439090934572,
      0.7073424194671857
    ],
    [
      -1.287992170470556,
      -0.4110309057462509,
      -1.2626161429002978,
      -0.9497054810069858,
      0.6139374114545532,
      -1.1096087701464,
      -1.034166335298282,
      0.7232230883196276,
      2.1106034682617456
    ],
    [
      -0.851778878174303,
      0.0892292851547174,
      0.2744223341591399,
      0.27848184244359675,
      -0.17147202215265275,
      0.6792282884908767,
      0.9226108343052605,
      0.7948279575035839,
      1.3805522143024955
    ],
    [
      0.14882229066937688,
      1.0471881409629038,
      -0.34999600051133484,
      2.4779906084623136,
      0.005692761857435176,
      -2.140836098506906,
      -0.6637762398936612,
      -0.8386530872039203,
      0.5400944179389298
    ],
    [
      1.1591576709504938,
      0.7306475104119575,
      0.01726601940322479,
      -0.19879295052014534,
      0.739031660483216,
      -1.3247645490315598,
      -1.551161582309199,
      0.16067129878377756,
      -0.14473299878803136
    ],
    [
      -1.3886096224330176,
      0.7666528146696807,
      -0.6806625743218884,
      -1.5831801837894177,
      0.2705940621203795,
      -0.6534225650965014,
      -0.15072044911393342,
      -0.024751097167599125,
      0.884282374633483
    ],
    [
      -0.4254188736854135,
      0.7325804914776464,
      -1.0887500698409434,
      1.995788657018563,
      0.6501560331095051,
      0.4126008964299063,
      -2.8110370073407123,
      -1.3773366044780597,
      0.855893934817454
    ],
    [
      1.3082258846795687,
      0.7775962898146148,
      -0.8099585587327969,
      0.5736718804267635,
      -0.25483634473154715,
      -1.7839988560685855,
      -1.5785910256756677,
      0.3281140995681558,
      1.2120983714557352
    ]
  ]
}