{
  "dataset_id": "anisotropic_056",
  "shape": "anisotropic",
  "index": 56,
  "seed": 39529,
  "n_samples": 891,
  "n_features": 6,
  "n_clusters": 5,
  "cluster_std": 1.8711980308320835,
  "noise": 0.17779636484483044,
  "actual_n_samples": 891,
  "actual_n_features": 6,
  "transformation": [
    [
      -0.057189456819261734,
      1.0518381606543359,
      0.8274631476054276,
      -1.42206262423892,
      0.7965635203273428,
      -0.822733941139658
    ],
    [
      -0.5705042033205688,
      0.031750715135465644,
      0.689523793820255,
      1.6870137988291338,
      -0.11198136199826215,
      -1.2157300685524097
    ],
    [
      -0.29929874153905256,
      -1.0726457915959613,
      -0.899625112583888,
      1.8536193817220625,
      0.7487527717998146,
      -1.0834445199149918
    ],
    [
      -0.28908733734291503,
      1.1493464338544888,
      -2.6286483530508766,
      0.15210856517714366,
      1.3524590253356408,
      0.0920216269948322
    ],
    [
      -0.7627176405558905,
      -1.283466036875947,
      1.0729618484822998,
      0.8809212486195107,
      -0.7615863542943034,
      -1.4873556397029513
    ],
    [
      -0.3643636084365267,
      -1.2063072859046446,
      -0.1997155357446865,
      0.3141648439521109,
      1.3549024496304396,
      1.3239648922981886
    ]
  ]
}