{
  "dataset_id": "anisotropic_091",
  "shape": "anisotropic",
  "index": 91,
  "seed": 63916,
  "n_samples": 764,
  "n_features": 4,
  "n_clusters": 4,
  "cluster_std": 0.5584711016930508,
  "noise": 0.24629094816428374,
  "actual_n_samples": 764,
  "actual_n_features": 4,
  "transformation": [
    [
      -1.2239931773130601,
      -1.041451241553247,
      -0.28050142936942857,
      -0.06082291274952439
    ],
    [
      -0.10162309565645,
      -0.1334484848815524,
      0.7748895125767835,
      -0.3395746820380907
    ],
    [
      -0.13078819906855788,
      0.6205530062142329,
      1.137809555064003,
      -1.3872272652402935
    ],
    [
      1.0650764711160576,
      -0.7510243562381707,
      -0.043003344357317674,
      1.4887889934825729
    ]
  ]
}