{
  "dataset_id": "anisotropic_055",
  "shape": "anisotropic",
  "index": 55,
  "seed": 75733,
  "n_samples": 667,
  "n_features": 8,
  "n_clusters": 7,
  "cluster_std": 0.7050125956781345,
  "noise": 0.10040692711161302,
  "actual_n_samples": 667,
  "actual_n_features": 8,
  "transformation": [
    [
      1.7539363399146197,
      -0.4192211277094039,
      0.11100364319318545,
      -1.1278749354509174,
      1.526659578350165,
      -0.2002919435756095,
      -1.0133766681553837,
      -0.29197149871315037
    ],
    [
      0.028539441039036523,
      0.09790243789934495,
      -2.0455461783725575,
      0.12106935536718859,
      2.603555884633349,
      1.1451688460779357,
      1.259829095530348,
      -0.8345099277116623
    ],
    [
      1.4193820332342633,
      1.013607525710986,
      0.7223438934299842,
      -0.6710255612710372,
      1.149922144670544,
      0.9768499715723096,
      0.9124048800729646,
      -0.7169707076900209
    ],
    [
      -0.03196772472214359,
      -0.346623303986574,
      0.3466793504285019,
      -0.08438632023042392,
      1.0187106587036772,
      0.5539860580797064,
      -0.9004635300152044,
      2.0974711045667562
    ],
    [
      0.42582360691854476,
      0.515437648007804,
      0.6564124315539596,
      -1.2102775696443657,
      -0.3299822009285899,
      2.328769719944374,
      -0.34470948868014023,
      0.11906174370808699
    ],
    [
      -0.013031279534979668,
      0.9388862453270262,
      -1.8063405324365096,
      0.11947959409020568,
      -0.13564635348895884,
      0.20437505990068466,
      -0.2270629271567835,
      -1.5075995670921831
    ],
    [
      0.9136944869435372,
      0.17033648492960393,
      -0.8045363438938848,
      0.15928675789475916,
      -1.0634494015762177,
      1.081722128707076,
      1.4594023735427568,
      -0.4123685263838702
    ],
    [
      -1.0591068368580892,
      1.381083311000547,
      -0.44195013021094426,
      -0.9359154548043197,
      -0.6377319648028039,
      0.3284136797033579,
      0.7822574472777051,
      -0.16116353622336996
    ]
  ]
}