{
  "dataset_id": "anisotropic_008",
  "shape": "anisotropic",
  "index": 8,
  "seed": 70432,
  "n_samples": 486,
  "n_features": 3,
  "n_clusters": 8,
  "cluster_std": 2.470423564534221,
  "noise": 0.21160943337020624,
  "actual_n_samples": 486,
  "actual_n_features": 3,
  "transformation": [
    [
      -1.6337777367106414,
      -0.6827960902033685,
      2.225119463932047
    ],
    [
      -0.9216468679796969,
      -0.20742169680871028,
      -0.16986939874721796
    ],
    [
      -2.061220722003021,
      0.07192242479910968,
      0.564314458867507
    ]
  ]
}