{
  "dataset_id": "anisotropic_031",
  "shape": "anisotropic",
  "index": 31,
  "seed": 571,
  "n_samples": 810,
  "n_features": 6,
  "n_clusters": 7,
  "cluster_std": 1.7071667306424274,
  "noise": 0.194746735000697,
  "actual_n_samples": 810,
  "actual_n_features": 6,
  "transformation": [
    [
      0.08662898757223932,
      1.8760587050715718,
      1.3178355432070976,
      -0.06426903847420798,
      0.2510788271527144,
      1.9412224929793112
    ],
    [
      -1.9844037203930955,
      1.7991300347908683,
      -0.7317634629889815,
      1.753511890980794,
      -1.2798188128712658,
      1.6522321621615976
    ],
    [
      0.6811244603970554,
      1.3052893681045903,
      -0.15091490992800122,
      -0.09902621861788174,
      -0.4494414300980669,
      -0.6807666200420904
    ],
    [
      -1.2930957090055786,
      -0.17345005680625983,
      0.3859733794833843,
      0.07625069950971619,
      -0.5698799534412746,
      0.38389008202559793
    ],
    [
      1.0705939460795486,
      0.6942854298884,
      -1.0794135090119268,
      0.22418288984010093,
      -0.7522620682144371,
      0.6751025259370571
    ],
    [
      -0.23675211635662088,
      0.6762790780360176,
      1.9933317565936712,
      1.4603462402168523,
      -1.7875906414892317,
      0.3153855188853166
    ]
  ]
}