{
  "dataset_id": "anisotropic_017",
  "shape": "anisotropic",
  "index": 17,
  "seed": 61202,
  "n_samples": 562,
  "n_features": 9,
  "n_clusters": 6,
  "cluster_std": 1.6132603827338112,
  "noise": 0.27166386071600285,
  "actual_n_samples": 562,
  "actual_n_features": 9,
  "transformation": [
    [
      1.2520339059583476,
      -0.3001187313102576,
      3.0014586329116364,
      0.7557936330403857,
      0.5254219270861098,
      0.44018488363013936,
      -0.23312126257235796,
      -0.7267677310142993,
      -1.0135442429833046
    ],
    [
      1.4938014953725725,
      0.9258221628194608,
      0.1326080288133687,
      2.0430344286055084,
      1.9286452824610518,
      0.2626684528956017,
      1.6170611996706346,
      0.08726593406915707,
      1.0318355542153486
    ],
    [
      1.5447687738482414,
      -0.339328832280201,
      0.08826812456898622,
      -0.6102809549163475,
      0.12074806361518443,
      -1.8062108140422206,
      1.8584825098393454,
      -0.7096880971568972,
      -1.5818081560703434
    ],
    [
      0.2837032660111965,
      0.28132131527647697,
      -0.12925846972680247,
      0.4859443478086555,
      0.7257121677463542,
      0.518760882744248,
      -0.7728565984915391,
      -1.0069889729846355,
      -0.7843489365488366
    ],
    [
      0.042910398274151655,
      -1.1397858231926268,
      0.3192072451663834,
      1.3338668132955487,
      0.5375898223264858,
      0.3405769919191954,
      -0.026756737901503964,
      0.26664339085365996,
      0.8042650661308272
    ],
    [
      1.250613813379585,
      -1.8490082757485127,
      -0.12934567524491222,
      0.7598549840704534,
      0.0633536676163414,
      0.5257886916681608,
      -1.5305767587159622,
      -0.12654993213816432,
      0.21592873443233293
    ],
    [
      0.5766709497061544,
      -0.11700019709965111,
      -0.7637226315506142,
      -1.4986212156348286,
      -0.49023491184001755,
      0.2073002090848311,
      -1.3786011188653762,
      -0.546887747336138,
      0.5878645795799817
    ],
    [
      -0.9334772362600814,
      0.4854619717039065,
      1.1143515945609292,
      -0.5943228672357022,
      0.23336990525202286,
      -3.0274500796182817,
      -0.44504071037740095,
      1.173677843420466,
      -0.696413842056056
    ],
    [
      -1.1957065052337368,
      -1.457975326234334,
      -1.2735133145935633,
      0.14113120011768077,
      0.8885672900155227,
      0.46905873834924955,
      -1.0534357338073685,
      -0.09196504756752107,
      -1.7253085828962844
    ]
  ]
}