{
  "dataset_id": "anisotropic_035",
  "shape": "anisotropic",
  "index": 35,
  "seed": 5659,
  "n_samples": 458,
  "n_features": 6,
  "n_clusters": 5,
  "cluster_std": 1.337511269184127,
  "noise": 0.20525229717340043,
  "actual_n_samples": 458,
  "actual_n_features": 6,
  "transformation": [
    [
      -0.3939752567714418,
      0.8948080041728393,
      0.005429627694475514,
      -0.6569167477693039,
      0.8248166877747081,
      0.6304982982705557
    ],
    [
      -0.6581914498924218,
      1.231317389924361,
      2.272926021108559,
      -0.5230861227483438,
      0.15569915952567484,
      1.3540408662095453
    ],
    [
      -0.6126508691004136,
      -0.20560104907634502,
      0.26078356676075537,
      0.08599830291145766,
      1.0726022292744246,
      0.2017946483306757
    ],
    [
      0.5423387515987023,
      -0.31269512432622826,
      0.8758045477922983,
      -0.024985111581590228,
      0.9404737405499891,
      -0.3501858811351916
    ],
    [
      -2.531243176092398,
      -0.37754718761993894,
      0.10649063594150784,
      1.6207219262589279,
      2.272678237350743,
      -1.192736362683236
    ],
    [
      0.35973636499018646,
      -1.4680903841089215,
      -0.19953472816267073,
      2.008354978033248,
      -1.8125915943747475,
      -1.1428196142397724
    ]
  ]
}