{
  "dataset_id": "anisotropic_034",
  "shape": "anisotropic",
  "index": 34,
  "seed": 40503,
  "n_samples": 126,
  "n_features": 9,
  "n_clusters": 7,
  "cluster_std": 0.43127045089768906,
  "noise": 0.16956562039533887,
  "actual_n_samples": 126,
  "actual_n_features": 9,
  "transformation": [
    [
      0.21802753499283395,
      -0.3873967477346366,
      -0.687394125094274,
      -0.8748923565861559,
      0.5833983542386112,
      0.5932811911995247,
      1.0460619496172079,
      0.16199937396081304,
      -1.309235891076091
    ],
    [
      -1.797775616364212,
      -0.2304122992378689,
      1.764874609133958,
      1.1673431550446336,
      0.42477773873522906,
      1.2421380086063871,
      0.7072851997613104,
      0.8002474362967832,
      0.2979593711708507
    ],
    [
      0.8327181085938092,
      -1.1877143129287928,
      -0.8545563823972043,
      -0.0942474821460698,
      -1.6278448962498455,
      -0.8646237147189241,
      -0.6607516571579296,
      0.023021994140732853,
      0.10908497225682334
    ],
    [
      -0.4755955665156108,
      -0.2334370152013662,
      0.915936955174217,
      0.08193260398551631,
      0.1196964527205764,
      0.6499585251633828,
      -0.6512804047989716,
      0.13636131908732185,
      0.477575052705252
    ],
    [
      -0.045879204200941354,
      -1.6958729186640764,
      0.29534210740185685,
      0.6093125786927792,
      -0.6357191160106337,
      -0.09656942720682968,
      -0.5255463517518548,
      1.0806796283635904,
      0.9201531531592215
    ],
    [
      -1.2733383322326335,
      0.39097619919536886,
      0.04295500725067347,
      0.14407945156118243,
      -0.06768214831821122,
      0.49585300997959986,
      -0.9041949327717363,
      -1.3980950840125839,
      -1.1796449824325426
    ],
    [
      -0.22162681730773393,
      0.9796494930635846,
      1.4330146527606993,
      -0.7610467603074669,
      -0.8265105120549877,
      1.3261541955979372,
      -0.9133143646466231,
      0.3764735058974065,
      -0.5008248469674462
    ],
    [
      0.9030063188039391,
      1.5332728905188286,
      0.2353768320553776,
      0.5645308307906364,
      -0.4154960152071289,
      0.25821621525238303,
      0.9101329082346185,
      -0.16927166665013127,
      -1.6745939127536082
    ],
    [
      0.47950596173860704,
      -1.6067622911592916,
      -1.353027539776811,
      -1.009353885230328,
      -1.0852704289649735,
      0.5184030619992903,
      -1.1376167476358616,
      0.8004235132646087,
      -0.5611560004465491
    ]
  ]
}