{
  "dataset_id": "anisotropic_037",
  "shape": "anisotropic",
  "index": 37,
  "seed": 84241,
  "n_samples": 712,
  "n_features": 8,
  "n_clusters": 6,
  "cluster_std": 1.2026225595132245,
  "noise": 0.14639136878474873,
  "actual_n_samples": 712,
  "actual_n_features": 8,
  "transformation": [
    [
      -1.1717928491003389,
      0.2672171011008803,
      -0.16581626198091498,
      1.4163847831260654,
      -0.5730069242708677,
      -1.1831606178029592,
      0.2577760538930913,
      0.9742385461592049
    ],
    [
      0.6685453790092247,
      0.21831039063379762,
      -0.10054263499161198,
      1.5134382748128608,
      -1.122378859413691,
      -0.7693763157889405,
      1.5322713998728943,
      0.21060384077496383
    ],
    [
      -0.11332439113897785,
      -0.4628707772399664,
      -0.22284582250662593,
      -0.43497433238398847,
      0.6526638289518424,
      0.5326096226654771,
      -0.47946032070027916,
      -0.3747979909892057
    ],
    [
      0.6118759286567094,
      -0.6137299368459319,
      -0.4225598916530046,
      0.029169973783942798,
      -0.5318869819952523,
      0.7839808078758892,
      -0.035120689522298555,
      -0.2626196301333516
    ],
    [
      0.3527386503243269,
      -0.497921710944723,
      -0.1678203828689739,
      -0.4685727841594958,
      -0.8993797095530689,
      0.8467031392382536,
      2.5486911671009915,
      -1.639091719761865
    ],
    [
      0.1729445494866186,
      0.05577406909722802,
      -0.5807083793349637,
      -1.0675113963385423,
      -0.6880240364753177,
      -0.19267903050168989,
      0.8378334966487352,
      0.1255777386625099
    ],
    [
      -1.4584907167084618,
      -0.6836667675446734,
      -0.39240480615124346,
      0.10772907143617418,
      0.8095707656802359,
      0.5464152356500026,
      -0.507590631611863,
      -0.24146233836973457
    ],
    [
      -0.99342889452942,
      -0.03481248305817498,
      -0.6729709096829789,
      -0.10155661533167527,
      -0.42393985489893427,
      -1.9836224840081174,
      2.034460569720959,
      -0.7167923248369644
    ]
  ]
}