{
  "dataset_id": "anisotropic_005",
  "shape": "anisotropic",
  "index": 5,
  "seed": 83045,
  "n_samples": 881,
  "n_features": 4,
  "n_clusters": 6,
  "cluster_std": 1.0476411069554468,
  "noise": 0.12779963530761046,
  "actual_n_samples": 881,
  "actual_n_features": 4,
  "transformation": [
    [
      1.8054786053112908,
      -1.4207166789691006,
      0.659857958011252,
      -0.27285157990939096
    ],
    [
      0.6637039526685004,
      -0.3976653522458948,
      -0.10856718186905949,
      0.7318814333755823
    ],
    [
      1.5791802858547475,
      1.2206695434743413,
      0.9336250351448168,
      -1.218301296423197
    ],
    [
      -0.5103439850100411,
      -0.41286200546464585,
      -0.36045516558376534,
      -0.39972788388303243
    ]
  ]
}