{
  "dataset_id": "anisotropic_053",
  "shape": "anisotropic",
  "index": 53,
  "seed": 59923,
  "n_samples": 867,
  "n_features": 6,
  "n_clusters": 3,
  "cluster_std": 2.2829835632518605,
  "noise": 0.014655937097605432,
  "actual_n_samples": 867,
  "actual_n_features": 6,
  "transformation": [
    [
      0.8451389088532504,
      -0.4930637070643163,
      -0.4539492088798879,
      0.049173891796272684,
      0.519038117949845,
      -1.1017225062124978
    ],
    [
      0.9280939438059232,
      0.6676724646840999,
      -1.3204002754428008,
      0.899968743545818,
      -1.320137870537981,
      -1.9329483395094476
    ],
    [
      0.9637128301726207,
      0.7490323354959124,
      -1.8390929038273576,
      0.8538563422240879,
      0.24243270422432225,
      -1.5746244046192523
    ],
    [
      -0.5543519633641252,
      -0.3190703844891889,
      -0.487100037206041,
      0.8544938380316206,
      0.14667685625820454,
      0.04060347828093308
    ],
    [
      -0.13631453725833093,
      0.2014777849789883,
      0.7600802917020312,
      -0.3296483455632601,
      0.19654211362652457,
      -0.5133309813419511
    ],
    [
      0.7941737085610465,
      -1.2079799820747488,
      0.16640225344109966,
      -0.2051987713692205,
      0.7169848828058395,
      -0.12481910085412917
    ]
  ]
}