{
  "dataset_id": "anisotropic_080",
  "shape": "anisotropic",
  "index": 80,
  "seed": 16981,
  "n_samples": 524,
  "n_features": 5,
  "n_clusters": 5,
  "cluster_std": 0.35463200804876305,
  "noise": 0.020577461740999014,
  "actual_n_samples": 524,
  "actual_n_features": 5,
  "transformation": [
    [
      0.8227821044647549,
      -0.6404856516656966,
      -1.2007014025595422,
      -0.8411237888035719,
      -0.8305240260182644
    ],
    [
      0.8955055025242028,
      0.11088202264449507,
      1.9813148597218178,
      -0.6788370937997182,
      -0.008879934210624644
    ],
    [
      0.2897016458321115,
      -0.04085262068246487,
      0.779381065446829,
      -0.22472434452007062,
      0.708460802965911
    ],
    [
      -0.9874980224562978,
      -0.0490250862755481,
      0.4775612082661283,
      1.0772961698377068,
      -0.30806000568209224
    ],
    [
      -0.4789611672487683,
      -0.26007296665901,
      -1.2408246307701647,
      0.5781649193097266,
      -0.4736823459215074
    ]
  ]
}