{
  "dataset_id": "anisotropic_097",
  "shape": "anisotropic",
  "index": 97,
  "seed": 97865,
  "n_samples": 638,
  "n_features": 7,
  "n_clusters": 3,
  "cluster_std": 0.9970531673762582,
  "noise": 0.16761837014122502,
  "actual_n_samples": 638,
  "actual_n_features": 7,
  "transformation": [
    [
      -1.2883923305538942,
      1.5384891809619121,
      2.9957812426597616,
      0.226479072521682,
      -0.3543707598507233,
      1.9197194267185715,
      -1.324669142553653
    ],
    [
      -1.2873747340688302,
      0.6261040346299624,
      0.1841649647778566,
      0.010920611852712108,
      0.3499107377222321,
      0.8882734689619208,
      0.3904177105949374
    ],
    [
      1.0345867873019914,
      0.09853724362226496,
      -0.5342027191265157,
      0.3276816371714754,
      -0.3202154964342189,
      0.2867386528274784,
      -0.024183556858737826
    ],
    [
      1.3865727741919367,
      1.4684697591656286,
      -0.7650805440773629,
      0.03926997395473817,
      0.21311610398409095,
      0.8807473690908227,
      0.08867002696015724
    ],
    [
      -0.8781505880428925,
      -0.7743116810921862,
      0.3372516948204123,
      -0.3926097400374989,
      -0.25980744769279634,
      -0.11714731397703994,
      -0.2915971278237286
    ],
    [
      -1.685246016314863,
      -1.2344445929026884,
      0.5902078649401161,
      0.3925226572256355,
      0.9141816614321596,
      1.6474522065700756,
      -0.8873289168191552
    ],
    [
      1.3186699088101654,
      -0.3669522809512968,
      -0.15910668104192943,
      -1.5448462587285863,
      -0.1152439605185964,
      -0.48145475539129867,
      -0.8550548481072948
    ]
  ]
}