{
  "dataset_id": "anisotropic_000",
  "shape": "anisotropic",
  "index": 0,
  "seed": 51358,
  "n_samples": 665,
  "n_features": 5,
  "n_clusters": 5,
  "cluster_std": 0.4259926055884913,
  "noise": 0.2862652761239879,
  "actual_n_samples": 665,
  "actual_n_features": 5,
  "transformation": [
    [
      -0.8608325899411104,
      0.5042117757782784,
      0.22620860133157752,
      -1.06895504479628,
      -0.187953588509739
    ],
    [
      2.193235958970402,
      -0.5304701772141968,
      -0.8783084172419308,
      0.42122305788164766,
      0.8292538104042542
    ],
    [
      -1.5116933362402287,
      0.07905490708623715,
      -1.614529162535296,
      -0.46627034239832504,
      -0.722243876307417
    ],
    [
      0.09019587112366953,
      -0.7670417476317157,
      -0.34404255404839024,
      0.29935998007582454,
      -1.3189367086222863
    ],
    [
      0.30598603000218133,
      1.402737422389784,
      1.4811083303774448,
      0.7744005499608071,
      0.3564902462080286
    ]
  ]
}