{
  "dataset_id": "anisotropic_028",
  "shape": "anisotropic",
  "index": 28,
  "seed": 75913,
  "n_samples": 818,
  "n_features": 8,
  "n_clusters": 4,
  "cluster_std": 1.6333505261455703,
  "noise": 0.08163594293387667,
  "actual_n_samples": 818,
  "actual_n_features": 8,
  "transformation": [
    [
      0.4053170022837681,
      1.085066463646472,
      -0.05878434799385328,
      0.33632007446232326,
      0.01659131904416616,
      1.2188933577569205,
      0.926805538547169,
      0.9225779348286866
    ],
    [
      0.2843602573825071,
      1.1284135954901469,
      -0.1516955410707977,
      0.01580096483528024,
      0.01859326400843748,
      0.10021293529039167,
      0.5562854125935692,
      -0.47069406291537896
    ],
    [
      -2.1397654733607787,
      -1.1141705080202726,
      -0.2432509286904456,
      2.1937648954929383,
      1.6013623245061515,
      -1.6057257948423784,
      0.4194583786169991,
      -0.7331337821185625
    ],
    [
      -1.085935853180063,
      0.15426219566269392,
      -0.3944197634693041,
      -0.07688625365181649,
      1.3781043568192648,
      -1.3508915465098728,
      0.1759184819620905,
      1.3132703423177947
    ],
    [
      -0.8349153869599792,
      0.4735800795980433,
      0.6511032974866128,
      -2.7551940317421124,
      -0.6377204161640535,
      0.33209645834407775,
      -0.8461495468948856,
      0.9331750741968459
    ],
    [
      1.2862479274366816,
      -1.0266184664071099,
      0.12169887973300257,
      0.6446743199711599,
      -0.6923748857501542,
      -0.5300207772253724,
      -0.1554568188937735,
      -2.0095808693188593
    ],
    [
      0.5551084965500164,
      0.009060811491466184,
      0.2162873027847602,
      0.39800736017907323,
      0.2575542509592683,
      -1.00618153134769,
      0.7129558947002466,
      0.896369715806778
    ],
    [
      -0.8825791019891005,
      0.4925029311312381,
      -1.4550540917369275,
      2.008444607953733,
      -0.6033556157680392,
      -0.20684228671024346,
      0.5073171991948596,
      -0.3022507151690302
    ]
  ]
}