{
  "dataset_id": "anisotropic_075",
  "shape": "anisotropic",
  "index": 75,
  "seed": 61844,
  "n_samples": 780,
  "n_features": 9,
  "n_clusters": 7,
  "cluster_std": 1.6619886657236673,
  "noise": 0.03478036502093111,
  "actual_n_samples": 780,
  "actual_n_features": 9,
  "transformation": [
    [
      -0.39217864309837835,
      -0.19923401598381582,
      -2.069978786404747,
      1.8062431654066906,
      -0.005472386854501401,
      -0.1636897437219185,
      0.49625758836509953,
      1.8478125652309687,
      -0.7096913258890408
    ],
    [
      1.5419793642866342,
      0.12586748867667552,
      -1.612446478818494,
      -1.0698750744507506,
      -0.7066587573243321,
      0.27876359111602006,
      -0.2359957220716523,
      -0.3792148296399166,
      -1.5706369815041057
    ],
    [
      -2.1215624605458516,
      -1.0192359464370706,
      -0.3324805679102358,
      -1.248983732356153,
      -1.2420304156458901,
      1.2786569963752565,
      -0.8900629894913288,
      -0.3894692699312685,
      -1.1204145502480554
    ],
    [
      0.05905481917910607,
      0.29683251629672647,
      1.6229888190328443,
      -0.3740212177603756,
      1.2689485588241667,
      0.4805891492683371,
      -0.03834596497013042,
      0.5065907840037468,
      0.006400196439405482
    ],
    [
      2.3188783243243245,
      0.3043716961286904,
      0.8774884655633388,
      -0.3648128333427094,
      -1.8200436789670666,
      -0.42104450990531306,
      -0.88780491289738,
      0.7147735450947964,
      -0.9647921519516076
    ],
    [
      1.0924401842642093,
      1.095384294024807,
      0.15388538243813257,
      -1.1209941359250404,
      0.2673101570028664,
      -0.553310356095842,
      1.4101896512202665,
      -4.651685826907216,
      0.5738530291691236
    ],
    [
      0.10643093017169625,
      -0.047982923171821165,
      1.7148729972401668,
      0.7644283688916007,
      0.06697868489421498,
      0.4290358731814482,
      -2.22294566063334,
      -0.4470145014437371,
      -0.3611058680336462
    ],
    [
      1.2576310660509782,
      -0.41711818062695716,
      -0.30441165445795504,
      -0.3698105562418825,
      0.47965884930961294,
      1.5630682491236227,
      0.9236163084239092,
      -0.5116634677690126,
      -0.09303224505657798
    ],
    [
      0.991606351778734,
      -0.23955050330693758,
      0.5289294338843736,
      -1.328230929289345,
      -1.2299654880493212,
      0.7846827573681405,
      -1.0754430538178008,
      -0.9798544356559915,
      0.2788829076990972
    ]
  ]
}