{
  "dataset_id": "anisotropic_052",
  "shape": "anisotropic",
  "index": 52,
  "seed": 66039,
  "n_samples": 860,
  "n_features": 10,
  "n_clusters": 4,
  "cluster_std": 1.6814856173248478,
  "noise": 0.05217571682539402,
  "actual_n_samples": 860,
  "actual_n_features": 10,
  "transformation": [
    [
      -0.46460435192658645,
      0.787682633933617,
      -0.5599641998416082,
      -0.32527366009424286,
      -0.8385981033277453,
      1.749049984916693,
      0.35514148186213246,
      6.290052282319592e-05,
      -0.213967362837913,
      0.017615382013714872
    ],
    [
      -0.12757504741060705,
      0.6396324661622417,
      -0.5911720253494002,
      -0.5803088655110709,
      2.3018462732489957,
      -1.9049778733929514,
      0.142450796428579,
      0.006277241977291779,
      1.2511284304568373,
      -0.22031895405478386
    ],
    [
      -0.31070151334504026,
      -0.6012965143599814,
      0.7343672590204761,
      -0.1166733093865108,
      0.3417829449278956,
      1.2205814772998151,
      -1.700770382831151,
      0.12088188599736552,
      0.09874465304563343,
      1.0940695971381746
    ],
    [
      -0.20856979930631522,
      -0.7964418890481529,
      -0.17303876458312792,
      1.1793081225839652,
      0.12224217208012553,
      -1.0083576595436008,
      -0.5901999134233631,
      1.6907464667828522,
      2.067262763528322,
      1.5756235137390946
    ],
    [
      -0.8760528569257845,
      0.08960100201460956,
      -0.4138460373866696,
      -0.816669349542004,
      0.9752072053067786,
      -0.4282989049858793,
      1.8521972396904456,
      -1.8754927622501043,
      -0.9989243943457735,
      0.8861253645324393
    ],
    [
      -0.669409683785427,
      -1.789666852870955,
      0.7961219021341308,
      0.21321571857795427,
      0.05098933938472125,
      -0.8854524693946917,
      -0.2757134730976782,
      0.46428986099573855,
      -2.074240252597849,
      -1.2568655869114136
    ],
    [
      0.2332035782102576,
      0.026473909535498136,
      0.27669549145064176,
      -1.146941574186513,
      -0.9916162753854293,
      2.0129102068863363,
      0.07170040580312517,
      -0.08850832581943058,
      0.8679981174581174,
      -0.31956647313256753
    ],
    [
      -0.9574521990386621,
      -0.13673642947504985,
      0.01950127088435363,
      -2.6212098764287615,
      0.20965248210006732,
      1.3596691055537764,
      -1.1025599236107981,
      -0.02274253752853228,
      -0.2845958507557009,
      -1.0441423140249233
    ],
    [
      -1.8952770695065388,
      0.16421388982109675,
      0.20893295260640798,
      -0.4614235351349333,
      0.27880845378607005,
      -0.20118013662211207,
      0.8095970140020576,
      0.6556223548071031,
      -0.7268124924558531,
      0.5657080024031981
    ],
    [
      1.0474616931817182,
      -0.35143603779444726,
      -0.592216103891862,
      -0.1622210053000547,
      1.0218790661067665,
      -0.621502960270419,
      -0.9330553962354563,
      0.14272027879359173,
      -0.24922192975818264,
      0.14850353725542276
    ]
  ]
}