{
  "dataset_id": "anisotropic_018",
  "shape": "anisotropic",
  "index": 18,
  "seed": 7134,
  "n_samples": 869,
  "n_features": 3,
  "n_clusters": 7,
  "cluster_std": 1.8614522069334691,
  "noise": 0.138332214539539,
  "actual_n_samples": 869,
  "actual_n_features": 3,
  "transformation": [
    [
      -0.6080473557486942,
      -1.851938154973686,
      -1.3131021469863997
    ],
    [
      -0.028738245964569444,
      -1.5690629786512598,
      -0.02559559413375374
    ],
    [
      -0.8301893562932097,
      -1.0233043706577074,
      -0.7327610307788756
    ]
  ]
}