{
  "dataset_id": "anisotropic_001",
  "shape": "anisotropic",
  "index": 1,
  "seed": 94988,
  "n_samples": 597,
  "n_features": 6,
  "n_clusters": 7,
  "cluster_std": 1.154018441851442,
  "noise": 0.2666513555218024,
  "actual_n_samples": 597,
  "actual_n_features": 6,
  "transformation": [
    [
      0.36226351240554505,
      0.22172561117712314,
      1.0287016279044028,
      -0.748384361874945,
      -2.241745812801664,
      -0.9534475254469517
    ],
    [
      -1.022443829471079,
      -0.24032587301551328,
      -0.24036852911298118,
      -0.1652087713528838,
      -1.6392422000769487,
      0.6492221640419803
    ],
    [
      -0.7169780864555911,
      0.8685181291406248,
      1.4226718225293338,
      -0.6187264303846376,
      -0.11812729156547692,
      -0.021341747427196276
    ],
    [
      0.05419859833880686,
      1.458688711177628,
      -0.4011156338083308,
      -0.2967289184935467,
      0.5526155474381939,
      0.13847157995580428
    ],
    [
      1.2334700031632948,
      0.5853313630948761,
      -0.9081543520947069,
      0.0013968446687539083,
      -0.15819616556784502,
      0.5091694665332285
    ],
    [
      1.7290789217175864,
      -1.9558629530261713,
      0.20832106517852314,
      -0.6437960873511864,
      0.31385469337850946,
      0.7835988533371113
    ]
  ]
}