{
  "dataset_id": "anisotropic_092",
  "shape": "anisotropic",
  "index": 92,
  "seed": 43571,
  "n_samples": 491,
  "n_features": 6,
  "n_clusters": 4,
  "cluster_std": 1.227982377472776,
  "noise": 0.26345336251111295,
  "actual_n_samples": 491,
  "actual_n_features": 6,
  "transformation": [
    [
      -0.8718116466890662,
      -0.6682831579896816,
      0.12837822709426255,
      0.8806529528717574,
      -0.7865893579480883,
      0.00652975215110544
    ],
    [
      0.3356806078006927,
      -0.307500239113522,
      -0.14740131695783906,
      0.5613370656285458,
      -0.9119379065093668,
      0.2589698296873592
    ],
    [
      0.2064842172237887,
      -0.24062371015582878,
      -1.8357735913491755,
      -0.21549060647211213,
      1.2049500877209567,
      -0.1043395080575479
    ],
    [
      -0.6598992797637733,
      1.4580942469815,
      -0.07611890993689126,
      0.39017581561872233,
      0.13022018178731654,
      -1.4205821690713276
    ],
    [
      0.5095996954549104,
      0.6821957921846606,
      0.5138930851131461,
      -0.6492425183031585,
      1.47208333472449,
      0.05270258335560146
    ],
    [
      1.364922512577696,
      1.8217887935455943,
      -1.4190551012179593,
      0.8273099099414015,
      1.1433841687803261,
      -0.4549936967813625
    ]
  ]
}