{
  "dataset_id": "anisotropic_046",
  "shape": "anisotropic",
  "index": 46,
  "seed": 14748,
  "n_samples": 783,
  "n_features": 10,
  "n_clusters": 4,
  "cluster_std": 0.4208040944848562,
  "noise": 0.2025699660668033,
  "actual_n_samples": 783,
  "actual_n_features": 10,
  "transformation": [
    [
      0.2176745999310023,
      -1.8660109030685648,
      -1.6697026991344763,
      -0.5261549957539678,
      -0.5634562959822099,
      -1.0420987903882117,
      1.6308832759935825,
      0.7319635216749197,
      1.9002766569131118,
      0.1022312145932244
    ],
    [
      0.40722766506602465,
      0.1943241774078537,
      1.6588710425098792,
      0.20197194131586022,
      -1.4510918546300433,
      0.22000438973213668,
      0.29957845578228864,
      0.5656917629393672,
      -1.0482034031555396,
      -0.7239858518355324
    ],
    [
      -1.1478807548693541,
      -0.034733038677840174,
      0.5248891888980715,
      -0.731138783704125,
      0.824647458179593,
      -0.28494449760293983,
      0.32112418568968104,
      1.0707859175836767,
      2.030959034815132,
      2.1794635878579594
    ],
    [
      0.11848910968826894,
      0.2659341049019724,
      0.7467027777202848,
      2.7032899426519825,
      -1.635673795652487,
      -0.004564824299619459,
      1.3160963081919463,
      1.6473298112274282,
      -0.2667251740781191,
      0.8816702288418553
    ],
    [
      -0.06018303448832499,
      -1.4962568881536367,
      0.692399012027846,
      0.1899609830849227,
      -0.8191602453164842,
      0.40136714505073523,
      -0.08270922915263292,
      0.6384999864229457,
      0.07961747908647722,
      0.8256407965529852
    ],
    [
      1.2759313325535242,
      0.2301301651483575,
      -1.8568231021958321,
      -0.8744618740393117,
      1.4251999367604162,
      -0.25484107477536133,
      -0.745190357763768,
      0.9165534463094206,
      -1.7169698937991507,
      -0.13216043368210717
    ],
    [
      -1.0114935656881374,
      0.3063053813355707,
      -0.008832068719266182,
      0.6750415831923774,
      1.7305626896546027,
      -1.3444343126006648,
      1.8143366495180697,
      -1.89550926009883,
      -1.5055475012509847,
      -2.038970936720731
    ],
    [
      -0.7350288797829427,
      0.2103220568329493,
      1.1605442074506307,
      -1.510918713381035,
      0.5633436582846375,
      0.9816694559404318,
      -1.11398916560917,
      0.627922282085759,
      0.823654702207549,
      -0.39660618061533254
    ],
    [
      2.2468872376393634,
      -0.2464426624238374,
      -0.5543470807638476,
      1.0189688284491385,
      1.8838457416686205,
      -0.40048111275420456,
      -0.41912680259635443,
      0.05218554153837501,
      -0.4604944624565857,
      -0.2926568234800137
    ],
    [
      1.260777170376711,
      -1.3572347014023403,
      -0.026538568711827738,
      2.159845827027572,
      -0.5257010205531717,
      1.1776564901961488,
      -0.10711303544839061,
      -0.6419411053286835,
      1.1453766085571802,
      0.3052160270656923
    ]
  ]
}