{
  "dataset_id": "anisotropic_045",
  "shape": "anisotropic",
  "index": 45,
  "seed": 19336,
  "n_samples": 235,
  "n_features": 6,
  "n_clusters": 8,
  "cluster_std": 0.8782884813833007,
  "noise": 0.21444858448731505,
  "actual_n_samples": 235,
  "actual_n_features": 6,
  "transformation": [
    [
      1.1166446661835552,
      -0.3536225322985867,
      -1.4829595223255638,
      -0.17889319826304143,
      2.501574818609092,
      -0.16153145046588793
    ],
    [
      -0.38916721454943143,
      -0.6308673332782391,
      0.5766376542248622,
      -1.215074231334279,
      -0.6826932396734919,
      -0.02525052806785507
    ],
    [
      -0.33870048048774487,
      -0.33323308541234886,
      0.15370944224266161,
      -0.219287707083432,
      -0.335595421294074,
      -1.5873088943087459
    ],
    [
      0.5392777058095191,
      1.7614784907096666,
      0.054617959481857464,
      0.6759702764219833,
      0.8984522988854308,
      0.14624107920728383
    ],
    [
      -0.6403495477630787,
      -0.5191024408991549,
      1.7789709395376643,
      -0.18838701442023986,
      0.3602147991231988,
      -0.09880492320124268
    ],
    [
      -0.14103250908772086,
      0.04384216246149983,
      -0.7842418517199371,
      -0.2806812315250691,
      -0.013598530785679016,
      -0.09647885435366933
    ]
  ]
}