{
  "dataset_id": "anisotropic_078",
  "shape": "anisotropic",
  "index": 78,
  "seed": 24791,
  "n_samples": 638,
  "n_features": 10,
  "n_clusters": 4,
  "cluster_std": 1.7641557014569842,
  "noise": 0.29369863270349295,
  "actual_n_samples": 638,
  "actual_n_features": 10,
  "transformation": [
    [
      0.826090913828666,
      0.5003903314910028,
      0.6167539442486724,
      -0.79207877544555,
      -1.7610927115516328,
      -0.9483968018938814,
      0.9391456537141939,
      -1.2883168730320085,
      0.09285193047470298,
      -0.18170384634241607
    ],
    [
      0.6963729436660524,
      0.41968834541538697,
      -2.1248302401520265,
      2.02129615521986,
      0.39245778136022874,
      0.32741612080822635,
      -0.6238618578488784,
      -1.4015934884076038,
      -1.0284507920805512,
      -1.3748288721416941
    ],
    [
      -0.6054860887891421,
      1.3974481180358227,
      0.15203671189090953,
      -0.5683061531856204,
      1.3980250967744485,
      1.4852515613692994,
      1.0943376633113648,
      -0.3566581944401799,
      -1.3081645925950656,
      0.6602631412915303
    ],
    [
      0.6928801066695337,
      0.4305067332445055,
      2.502106420344994,
      -1.6915729273578837,
      0.3540920068439361,
      0.16235030110379997,
      1.7537730467976511,
      0.45445624031425697,
      -1.303874836059011,
      0.35977469866685285
    ],
    [
      -0.7541806328105135,
      -0.048598622566645384,
      -0.2248420700481643,
      2.298059826921263,
      -0.44420588861296145,
      -1.0656161679884908,
      -2.8592344105030816,
      -0.003655952459656927,
      -0.3975891767471186,
      -0.20267941402380757
    ],
    [
      1.330925284190069,
      -2.2006419478193013,
      0.49131988261411075,
      1.388348896475761,
      0.7861548403776948,
      -1.3401995386209646,
      0.5962049898007726,
      0.46018862922479364,
      0.6837867011098335,
      0.45316817394673914
    ],
    [
      0.19343686498440313,
      -0.28349342739753536,
      -0.008669652640507246,
      0.15349611797063142,
      0.16512720955152277,
      0.40300511280006907,
      1.4941637956549298,
      0.054416979344486686,
      -0.9326393781264775,
      0.11689721651007771
    ],
    [
      0.5409074102411032,
      -2.0113660289231006,
      -1.6494558927786303,
      0.9976951734561789,
      -0.4663337671739343,
      -0.3914391783304799,
      -1.9963830612705211,
      0.5664381484939763,
      -0.3601110621423794,
      -0.6048137912475035
    ],
    [
      -1.3619565723733316,
      -0.3924443890478827,
      -0.7926223623512799,
      -1.8134928840285738,
      -0.7276551314441793,
      1.1018485346886273,
      -0.7470548854555242,
      0.5532989863546391,
      0.9035000445669297,
      0.4529378633174184
    ],
    [
      0.6276039801338952,
      0.10616434109969801,
      0.5232426883308894,
      0.02770724490619993,
      2.057214673539886,
      -1.6416658900886014,
      -0.21085762520241902,
      -0.36346493982338773,
      -0.04815005001156304,
      0.5342783305687174
    ]
  ]
}