{
  "dataset_id": "anisotropic_023",
  "shape": "anisotropic",
  "index": 23,
  "seed": 49142,
  "n_samples": 579,
  "n_features": 10,
  "n_clusters": 7,
  "cluster_std": 0.6962486929212923,
  "noise": 0.031087089994626102,
  "actual_n_samples": 579,
  "actual_n_features": 10,
  "transformation": [
    [
      -0.6058698255817361,
      0.0802499127342638,
      0.709327874876917,
      -0.44914802729448483,
      0.225986579793753,
      -0.9779481452063651,
      0.2592341605378842,
      0.09028068053604034,
      -0.2331400742635356,
      0.14361180958585382
    ],
    [
      0.7520231658058035,
      -0.34645293097650454,
      -0.9460539286411161,
      -1.1073265614251557,
      -0.29447104277805064,
      1.2702071637622558,
      -0.11760905982146662,
      -0.9926416467681873,
      -0.32685686852807155,
      -0.5904534155590003
    ],
    [
      -0.00833197847942451,
      -1.6625822360006108,
      0.4349443817088448,
      -1.6199460792866114,
      -1.6822670512581477,
      -0.7590780020823402,
      -1.9662913735006387,
      1.9101768887571964,
      -1.1178746474299595,
      -0.515019085169662
    ],
    [
      -0.3649769359427492,
      0.44156183191152604,
      0.7568657114405698,
      1.2029011662745002,
      0.9744905960860049,
      0.38339127187981237,
      -0.5368682244776485,
      0.44149665345557854,
      0.5275839694097141,
      -1.0322797530976644
    ],
    [
      -0.6952821199992179,
      -0.07629291831510136,
      1.2621951535123968,
      -0.5155489483764463,
      1.604597857654408,
      -0.24287701635216805,
      1.3672002891416513,
      1.3654877040894435,
      1.3501849241848067,
      0.33756802154660404
    ],
    [
      2.462428128514565,
      -0.4774441897909429,
      0.8844110453264901,
      1.8490867498336394,
      -2.570805328134836,
      1.5168541293435414,
      -1.0046140352940784,
      0.9750158907963349,
      0.024415160371596124,
      2.1996069725865217
    ],
    [
      0.07377225559167677,
      1.032446743158401,
      1.2362660878758274,
      0.0549861772702991,
      0.32709774988420764,
      0.622819645810382,
      0.8811329848432824,
      -1.2344017130693778,
      -0.7667346754334236,
      -1.011224785584313
    ],
    [
      0.23009164114170158,
      -0.14684501934795596,
      -1.0670268960433047,
      0.20258167544236463,
      -0.011283095009726936,
      0.7745593368721512,
      -1.2057138028136773,
      0.4141774770148951,
      1.2288198694080616,
      -0.7643222023194716
    ],
    [
      -1.0692492882382303,
      0.6097908846737012,
      -0.23316847097154964,
      -0.07357467602584071,
      -0.18991543507985556,
      0.7109795564006715,
      0.03548657548138557,
      -1.0000308103559077,
      -0.2909077554140055,
      0.4738033006145633
    ],
    [
      -0.9602740131762334,
      -0.57493863127577,
      -0.8315515719863791,
      -0.4928678984030681,
      -1.6644982422140997,
      -0.24705897757264414,
      1.1064894758170252,
      0.42379706334384126,
      -0.5802676572620984,
      0.4988166761429058
    ]
  ]
}