{
  "dataset_id": "anisotropic_070",
  "shape": "anisotropic",
  "index": 70,
  "seed": 97595,
  "n_samples": 700,
  "n_features": 5,
  "n_clusters": 3,
  "cluster_std": 2.270628320878498,
  "noise": 0.19461945888582421,
  "actual_n_samples": 700,
  "actual_n_features": 5,
  "transformation": [
    [
      -1.50340401731411,
      -1.1076197753904438,
      0.05156834003463757,
      1.0252186910544256,
      0.3778832761185547
    ],
    [
      -0.9617376784345089,
      -2.1722624138144284,
      0.6786430488882494,
      0.021102239503361774,
      0.6061280932962423
    ],
    [
      -0.47897299982667724,
      0.7482568524342833,
      -0.06668634064900007,
      0.4586512910412772,
      0.7840421217871084
    ],
    [
      -0.5179182623184766,
      -0.4842880270294413,
      0.19096967991039998,
      0.5862745110622465,
      -1.5379137897515374
    ],
    [
      2.271514028222757,
      1.322008369265458,
      -1.7977180452703214,
      -1.032805619603722,
      1.4925197004155417
    ]
  ]
}