{
  "dataset_id": "anisotropic_039",
  "shape": "anisotropic",
  "index": 39,
  "seed": 40448,
  "n_samples": 866,
  "n_features": 6,
  "n_clusters": 7,
  "cluster_std": 2.4886819171585635,
  "noise": 0.1111347643746273,
  "actual_n_samples": 866,
  "actual_n_features": 6,
  "transformation": [
    [
      0.3739088499636342,
      0.5976811351959425,
      -1.7849181007467523,
      0.7211842205878662,
      -1.1094397246545993,
      0.144629346426899
    ],
    [
      -0.08248462326950426,
      -0.6256597396136835,
      -0.3811623501225258,
      0.7979575495903545,
      1.25954261979407,
      1.7784524404310706
    ],
    [
      0.4571804507702942,
      0.3169169599087791,
      0.06381865383420657,
      -0.1471376952556234,
      -1.26762434148901,
      0.5489224124065956
    ],
    [
      1.3171032870072106,
      0.17645312190889778,
      0.984868725396958,
      0.4605408380801576,
      0.11034671580555051,
      0.017600124622018355
    ],
    [
      0.9096387082452966,
      3.2364559444444447,
      -0.7537082622331092,
      -0.33136560188710235,
      0.04729169301209362,
      -1.118976648382608
    ],
    [
      0.9957832253752054,
      0.4944540394601448,
      -0.329924986048266,
      0.9400714155682877,
      0.0446537544368344,
      -0.47741237210936993
    ]
  ]
}