{
  "dataset_id": "anisotropic_043",
  "shape": "anisotropic",
  "index": 43,
  "seed": 54956,
  "n_samples": 840,
  "n_features": 7,
  "n_clusters": 8,
  "cluster_std": 1.4064788179984284,
  "noise": 0.09097034548147254,
  "actual_n_samples": 840,
  "actual_n_features": 7,
  "transformation": [
    [
      0.9116874598093674,
      0.8479781033164449,
      0.5948984718740794,
      0.6515061701108595,
      0.05315202040188032,
      1.3432486850734482,
      1.2587817820473546
    ],
    [
      0.6263224656145275,
      -1.0790919087993578,
      0.37510824446791025,
      0.650450469294594,
      -1.0500373065864175,
      -1.0044627921987268,
      0.2220811990715877
    ],
    [
      -0.3177020396918632,
      -0.31778577432073585,
      -0.87069756507951,
      -1.595577433183501,
      0.7126698857986052,
      -0.1358556771337365,
      -0.08402024084330355
    ],
    [
      0.38947348954419875,
      -1.1234858549364422,
      0.13185513475670685,
      -0.07740565916837117,
      1.259016768727578,
      0.8095786373555811,
      -2.0002208524173337
    ],
    [
      2.1429868809627606,
      -0.3822461780935374,
      0.617593474531128,
      -0.967752130215872,
      -0.9566918756590365,
      0.43847282539522603,
      -0.20434662447753452
    ],
    [
      0.5681384792574836,
      -1.1109979919053226,
      -2.26553152434792,
      0.46839986844420284,
      2.6208108686139164,
      -0.16453011039429152,
      0.3615569891136634
    ],
    [
      -0.9367508144073493,
      2.462020454761407,
      -1.2975243856640597,
      -0.2157558652461868,
      0.8578266469685207,
      0.4650296371149322,
      -0.6946670971604272
    ]
  ]
}