{
  "dataset_id": "anisotropic_025",
  "shape": "anisotropic",
  "index": 25,
  "seed": 37991,
  "n_samples": 846,
  "n_features": 3,
  "n_clusters": 3,
  "cluster_std": 0.8375796815375014,
  "noise": 0.29151022924260267,
  "actual_n_samples": 846,
  "actual_n_features": 3,
  "transformation": [
    [
      -0.5059214673552583,
      -1.453599055734065,
      0.3853712296073593
    ],
    [
      -1.2288955855266679,
      0.4234257749097509,
      1.4160474938238583
    ],
    [
      1.463239087432915,
      0.230656430155707,
      0.01679798495393943
    ]
  ]
}