{
  "dataset_id": "anisotropic_051",
  "shape": "anisotropic",
  "index": 51,
  "seed": 68748,
  "n_samples": 955,
  "n_features": 7,
  "n_clusters": 3,
  "cluster_std": 2.218615958287999,
  "noise": 0.19105034468684037,
  "actual_n_samples": 955,
  "actual_n_features": 7,
  "transformation": [
    [
      0.35798290551335155,
      -1.2201219438832098,
      -0.5280805945002736,
      -0.3833923870425735,
      0.8536788626358086,
      1.0771326618755896,
      1.1549913292960106
    ],
    [
      0.30286202193797407,
      -0.3611694749245479,
      2.7114904390558583,
      0.36507927104276566,
      1.1158112862198357,
      0.17795198217131067,
      0.06053227913569046
    ],
    [
      0.21108978835946576,
      0.04644508758958549,
      -0.9418638213407219,
      2.001164873195996,
      -0.47002627540309355,
      -1.2843674377061487,
      -0.1032858224966501
    ],
    [
      -1.0849715460627458,
      0.8783779660779789,
      -0.3416706545182241,
      -1.4495820206816412,
      1.9833699892784564,
      0.7623932016049139,
      -0.22067692516258725
    ],
    [
      -0.9202362859340291,
      -0.9617882123136089,
      -0.3522083511114032,
      0.06386168457160443,
      0.3046838679058414,
      1.2892441250524433,
      0.12997725796610782
    ],
    [
      -0.1320682237351063,
      0.046657025895654645,
      0.6723277181019195,
      0.566358976423598,
      -0.5529888480207646,
      -1.1245757105545309,
      0.6905927659539838
    ],
    [
      -1.3853357836457016,
      -0.12857717442819058,
      0.4541004263573524,
      0.7620839554427592,
      -0.30323591782258064,
      0.41171239052308634,
      -0.2586704711577047
    ]
  ]
}