{
  "dataset_id": "anisotropic_060",
  "shape": "anisotropic",
  "index": 60,
  "seed": 32031,
  "n_samples": 204,
  "n_features": 8,
  "n_clusters": 7,
  "cluster_std": 1.0266447175921818,
  "noise": 0.12723801531952014,
  "actual_n_samples": 204,
  "actual_n_features": 8,
  "transformation": [
    [
      0.954623298374671,
      -0.9790903891475145,
      0.15440448698157933,
      0.639905521265474,
      -0.01900114645101739,
      0.46004009469694496,
      0.09777681313194259,
      -1.2424238732267792
    ],
    [
      -0.981503020473284,
      0.32980532364047205,
      -0.9857979101867373,
      0.4560523273606549,
      -0.4619611542353535,
      2.8741648914661346,
      2.156228720290145,
      -0.4636646844787208
    ],
    [
      0.12743669701874913,
      1.707426901749687,
      -0.1870019724572211,
      -1.061501778499715,
      1.8670604877824535,
      -1.2013763268072093,
      -1.9370784668815781,
      -0.9713534757017385
    ],
    [
      0.20015377344508228,
      1.9417274219698168,
      0.3695952459766795,
      0.4475489152183007,
      0.18862572381932594,
      0.15774234101486573,
      1.7783192721411885,
      -0.39102439819635476
    ],
    [
      0.33265104539010026,
      -0.9807207316608342,
      -0.27265030235957427,
      -0.7521887475596662,
      -0.7237672603666837,
      -0.8169083227440375,
      -1.596166794617767,
      -1.7145971620287856
    ],
    [
      -1.4287604828152354,
      -2.43578446783421,
      0.9849549628219697,
      -0.6336053598852441,
      -0.3294087020493065,
      -0.6535601216201075,
      0.6834215333440534,
      -0.5646229299974515
    ],
    [
      0.7031581895713833,
      1.0652131864470926,
      0.5268538026663445,
      1.2629785542667078,
      -0.8726703762138707,
      -1.5645810813007037,
      0.02701539454091718,
      0.548895990635912
    ],
    [
      0.26037885478328787,
      -1.2909170867476496,
      -0.497098799359834,
      -0.27385291948028945,
      1.3744935382540193,
      0.9002196412231891,
      -0.18747023849744632,
      -0.5684834715243143
    ]
  ]
}