{
  "dataset_id": "anisotropic_087",
  "shape": "anisotropic",
  "index": 87,
  "seed": 83792,
  "n_samples": 552,
  "n_features": 8,
  "n_clusters": 2,
  "cluster_std": 1.246570622738936,
  "noise": 0.14002068131810447,
  "actual_n_samples": 552,
  "actual_n_features": 8,
  "transformation": [
    [
      -1.5393711589612942,
      0.45718300497958925,
      -0.70791303509838,
      -1.6580142538349056,
      0.7726524439841436,
      -0.027962245485684135,
      0.24547899522479327,
      1.1808368702490541
    ],
    [
      -0.6685803059398866,
      -0.9509325298214849,
      1.878101413996834,
      0.11701073384686059,
      -0.9400629263778282,
      0.9457786738938876,
      0.3770838745051784,
      0.8605171344897982
    ],
    [
      1.5552275348114657,
      0.9815586344299698,
      1.6195161957619921,
      -0.6714049092096303,
      1.476767565746745,
      0.8469140556219367,
      -0.6446697573656583,
      -2.6548668771693156
    ],
    [
      0.2970679131599714,
      -1.1387736968970992,
      0.5790743475939681,
      0.08675297968719294,
      -0.16377657193713877,
      0.9481433609777623,
      1.2030511215080095,
      -0.6756686876557723
    ],
    [
      1.4006960494550933,
      -1.303730430841942,
      -0.7198845307650077,
      -1.0760775799950495,
      0.013436481434809858,
      -0.7838077807794919,
      0.18655356095012435,
      1.3557854543847818
    ],
    [
      -0.19784249359649617,
      0.19365379648321865,
      -0.1280285094529484,
      -0.14297101468239426,
      -2.0005373727851548,
      -0.4480329893790086,
      -0.25739015615433225,
      -1.4642250727374606
    ],
    [
      -1.0670905622681655,
      0.6161237431884679,
      0.13586944079040456,
      -1.2770991420980384,
      -1.5061639554786543,
      -1.183948457994148,
      -0.07814942186483816,
      0.6271601716578393
    ],
    [
      1.1942746917752871,
      0.08215671017181347,
      -0.7329180810061894,
      0.8181933117005418,
      0.15467764210044893,
      -0.9365000850361461,
      -0.7826155460138762,
      -2.6901155564652255
    ]
  ]
}