{
  "dataset_id": "anisotropic_067",
  "shape": "anisotropic",
  "index": 67,
  "seed": 9328,
  "n_samples": 734,
  "n_features": 3,
  "n_clusters": 7,
  "cluster_std": 0.978388655285366,
  "noise": 0.023090546362748,
  "actual_n_samples": 734,
  "actual_n_features": 3,
  "transformation": [
    [
      1.3767619927264536,
      0.03671211668245247,
      -1.3669726682822658
    ],
    [
      -1.8235995739374224,
      -1.1956341771065297,
      0.12017381177842046
    ],
    [
      -0.2563328944305325,
      0.09838118467747932,
      0.07227598542690282
    ]
  ]
}