{
  "dataset_id": "anisotropic_020",
  "shape": "anisotropic",
  "index": 20,
  "seed": 31722,
  "n_samples": 972,
  "n_features": 3,
  "n_clusters": 2,
  "cluster_std": 0.8161976844007379,
  "noise": 0.20819124386687857,
  "actual_n_samples": 972,
  "actual_n_features": 3,
  "transformation": [
    [
      -0.43154627849705024,
      0.3856701084878114,
      0.020970448630950978
    ],
    [
      -0.3068774538619165,
      -0.8107823111702785,
      -0.2850480663104843
    ],
    [
      -2.5300699419957873,
      -0.40018451664813376,
      0.3614720492922723
    ]
  ]
}