{
  "dataset_id": "anisotropic_042",
  "shape": "anisotropic",
  "index": 42,
  "seed": 32495,
  "n_samples": 516,
  "n_features": 5,
  "n_clusters": 3,
  "cluster_std": 1.4352243844729269,
  "noise": 0.2259196266706429,
  "actual_n_samples": 516,
  "actual_n_features": 5,
  "transformation": [
    [
      -0.3860981727814169,
      0.5386191359357426,
      0.621208108131665,
      -0.49120866746126807,
      0.8893343866117343
    ],
    [
      1.6684778305603287,
      0.38934858976183995,
      0.4614742691258844,
      -0.13747556097760996,
      0.6264087223889838
    ],
    [
      0.7760502757045402,
      -0.5921750491294228,
      0.4945354644487245,
      -0.6312433439987495,
      0.11756062775999648
    ],
    [
      0.3315354565183732,
      1.130042942769658,
      0.6669355581590007,
      0.2636878262624015,
      -0.9664327793998251
    ],
    [
      -0.26310401619938384,
      1.5502170869552847,
      -0.929065609457514,
      -0.15789630764034596,
      -1.1979597475795345
    ]
  ]
}