{
  "dataset_id": "anisotropic_077",
  "shape": "anisotropic",
  "index": 77,
  "seed": 46342,
  "n_samples": 855,
  "n_features": 3,
  "n_clusters": 3,
  "cluster_std": 0.44428859057313747,
  "noise": 0.11736588594078406,
  "actual_n_samples": 855,
  "actual_n_features": 3,
  "transformation": [
    [
      -1.0785672181155228,
      0.3365717306072154,
      -0.6497165338945413
    ],
    [
      0.6326293970949384,
      0.2142766778624801,
      1.3475714958139577
    ],
    [
      0.1972620142959893,
      -1.421766337233668,
      -0.4137812955537367
    ]
  ]
}