{
  "dataset_id": "anisotropic_019",
  "shape": "anisotropic",
  "index": 19,
  "seed": 69263,
  "n_samples": 387,
  "n_features": 10,
  "n_clusters": 3,
  "cluster_std": 1.1585719988664207,
  "noise": 0.03210314754243578,
  "actual_n_samples": 387,
  "actual_n_features": 10,
  "transformation": [
    [
      -0.2986236214819999,
      0.42053150949178075,
      0.2969445373686317,
      1.2085107314852104,
      -1.6838966655720606,
      -0.3409182400148311,
      1.0016363130721286,
      1.5665598280911113,
      1.1030481676415413,
      1.6207532493770498
    ],
    [
      -0.7616550810150354,
      0.23944664870936677,
      1.1006457426261032,
      -1.2433825576760622,
      0.5026253705756364,
      0.8761159222908096,
      0.08365890647955,
      -0.08666762197624706,
      -1.1080084463146054,
      0.5294479304633565
    ],
    [
      0.31568527509474503,
      -0.3973649283036207,
      0.16445656804720188,
      0.11464527819431396,
      0.5369243130193702,
      1.0244674368158704,
      -1.0558478101343511,
      -1.1470354777424814,
      -0.007332105017247972,
      -1.2837375679620973
    ],
    [
      0.3651455891186022,
      0.39428338778860234,
      -1.1014847225145514,
      -1.2048817593711065,
      1.3559546348426936,
      -0.5456163658873034,
      -2.055304231303285,
      0.42131055321488015,
      -0.08920830884243677,
      0.5484313963732338
    ],
    [
      0.31422615069989596,
      -1.582660734872575,
      -0.4855388372719267,
      -2.114373500730552,
      0.05414726026323424,
      -0.7987332175421288,
      0.8187872452992739,
      -0.3469275571805748,
      -0.15103709642303195,
      0.8253423329993063
    ],
    [
      -1.5064687013846645,
      -0.7325034448486522,
      -0.17993193211928352,
      -0.8235928882263632,
      -1.4285913839162199,
      -0.29669610310984673,
      0.04386305642502447,
      -0.7895615892619426,
      -0.1014261061464721,
      1.1297175031405209
    ],
    [
      0.3738134385915857,
      -0.8315358247494584,
      0.5248547912370434,
      -0.8088260148115042,
      -1.0995006408872894,
      -2.4510084967298535,
      -0.32637146413167917,
      0.6009897018661566,
      -1.4346601714597735,
      -0.9550651537014794
    ],
    [
      0.051733822499725704,
      0.3641224859881668,
      -0.38186691278325674,
      -0.13723003445032672,
      0.4444043639717329,
      -0.7961347955605259,
      -1.358678837942945,
      0.5381897627834132,
      -0.3010389798228584,
      -0.7661576157742908
    ],
    [
      0.2334848219753886,
      -0.30959962420189785,
      -0.22696899605830043,
      0.9353974479788413,
      2.6234737787709523,
      0.47551785241134104,
      -1.4532811388462252,
      -1.7877497992228568,
      0.8720524326481865,
      1.8381649830069884
    ],
    [
      0.1478145258140933,
      -0.09390385930879779,
      -0.07249598002685757,
      0.4107562712315012,
      -0.9344299695185805,
      -0.4271881019018247,
      -1.704168057810464,
      -0.610400067105261,
      -0.2571004011663228,
      -0.27510646252518106
    ]
  ]
}