{
  "dataset_id": "anisotropic_073",
  "shape": "anisotropic",
  "index": 73,
  "seed": 42918,
  "n_samples": 614,
  "n_features": 7,
  "n_clusters": 6,
  "cluster_std": 0.4023554871904847,
  "noise": 0.27506253788292556,
  "actual_n_samples": 614,
  "actual_n_features": 7,
  "transformation": [
    [
      -0.7964805482758502,
      -0.7899599465887692,
      -2.210742167180946,
      -0.34164483523238887,
      2.0609327892158027,
      -1.6040337677927738,
      1.9636175091861685
    ],
    [
      0.36202192762551916,
      -1.8241826179594063,
      -1.1255700901863408,
      -0.2991529814664158,
      0.8947795559791458,
      -0.2887742245747364,
      1.1108275299661408
    ],
    [
      0.38614161782601286,
      1.3501570526234934,
      1.3391239048168715,
      -0.3462386294779391,
      -1.3384903876787946,
      1.2724859769251007,
      -0.35285104340494683
    ],
    [
      0.42285394216553135,
      -1.2605840218065283,
      1.1160013295505429,
      -0.6759052412303901,
      1.2328730927952716,
      0.2000070503158273,
      0.797648294847268
    ],
    [
      -0.9488739863744144,
      -0.5729931121509254,
      -0.5444570198962617,
      -0.5438724910217404,
      -0.698530837016024,
      0.24435459410674498,
      0.37197414726861816
    ],
    [
      -0.0691902643338532,
      -0.9452728038602484,
      -0.8491112700089478,
      0.8929289920271188,
      1.6713337588610258,
      -0.2044002508388973,
      -0.247596494419691
    ],
    [
      0.016466994966752007,
      -0.32625667163876915,
      0.11692376367259208,
      1.5682149381832409,
      -0.9324089323100163,
      0.026274413077106238,
      -0.3579501282910744
    ]
  ]
}