{
  "dataset_id": "anisotropic_083",
  "shape": "anisotropic",
  "index": 83,
  "seed": 11249,
  "n_samples": 594,
  "n_features": 4,
  "n_clusters": 2,
  "cluster_std": 1.3818799276667881,
  "noise": 0.0332806128601435,
  "actual_n_samples": 594,
  "actual_n_features": 4,
  "transformation": [
    [
      -0.06211745572312233,
      -0.044068578521558786,
      0.21305017276396065,
      -1.5187091271231803
    ],
    [
      1.0121996034145335,
      -0.345404218279158,
      -0.8158816107783317,
      -1.094105650816959
    ],
    [
      0.8762969409791905,
      1.8327356387435811,
      -0.05496308731515583,
      0.5433471957541454
    ],
    [
      -1.200801333838414,
      0.3545039452407983,
      -0.6867432217263841,
      -0.4748221223751457
    ]
  ]
}