{
  "dataset_id": "varied_variance_080",
  "shape": "varied_variance",
  "index": 80,
  "seed": 86697,
  "n_samples": 793,
  "n_features": 10,
  "n_clusters": 6,
  "cluster_std": 1.3312045581279688,
  "noise": 0.17637497308400762,
  "actual_n_samples": 793,
  "actual_n_features": 10,
  "cluster_stds": [
    2.4157789416891178,
    0.5068360185509214,
    1.454143151002974,
    2.9279914251435804,
    2.1496708431328218,
    1.9074784053334972
  ]
}