{
  "dataset_id": "varied_variance_073",
  "shape": "varied_variance",
  "index": 73,
  "seed": 47699,
  "n_samples": 852,
  "n_features": 5,
  "n_clusters": 6,
  "cluster_std": 1.4040701720836388,
  "noise": 0.2130657633411606,
  "actual_n_samples": 852,
  "actual_n_features": 5,
  "cluster_stds": [
    0.5968143308769989,
    1.1506006735068512,
    1.8446884344490213,
    0.6644896370986332,
    1.1861303399552097,
    2.113898422487834
  ]
}