{
  "dataset_id": "varied_variance_081",
  "shape": "varied_variance",
  "index": 81,
  "seed": 38694,
  "n_samples": 477,
  "n_features": 8,
  "n_clusters": 4,
  "cluster_std": 1.408588790734256,
  "noise": 0.25266374695375166,
  "actual_n_samples": 477,
  "actual_n_features": 8,
  "cluster_stds": [
    1.5808599192476476,
    2.707626727285306,
    2.8715935717038845,
    2.833644101334239
  ]
}