{
  "dataset_id": "varied_variance_025",
  "shape": "varied_variance",
  "index": 25,
  "seed": 48135,
  "n_samples": 472,
  "n_features": 3,
  "n_clusters": 8,
  "cluster_std": 2.1446991433752762,
  "noise": 0.20926565187599547,
  "actual_n_samples": 472,
  "actual_n_features": 3,
  "cluster_stds": [
    2.4632413536234257,
    2.0774607161929453,
    0.8314924631132277,
    1.9707856362883476,
    2.2801315676232026,
    0.6594806804568277,
    2.7626304099467105,
    1.0085444528512495
  ]
}