{
  "dataset_id": "varied_variance_040",
  "shape": "varied_variance",
  "index": 40,
  "seed": 50548,
  "n_samples": 990,
  "n_features": 10,
  "n_clusters": 8,
  "cluster_std": 0.6976762932271141,
  "noise": 0.13657672815859204,
  "actual_n_samples": 990,
  "actual_n_features": 10,
  "cluster_stds": [
    1.1209738415161372,
    1.3650510569037109,
    1.468105243630504,
    2.598792551684587,
    1.0784421850607004,
    0.6070242538496058,
    1.3051311054005952,
    2.6654611431124287
  ]
}