{
  "dataset_id": "varied_variance_054",
  "shape": "varied_variance",
  "index": 54,
  "seed": 29865,
  "n_samples": 415,
  "n_features": 4,
  "n_clusters": 8,
  "cluster_std": 0.9609092719795072,
  "noise": 0.2699091990739397,
  "actual_n_samples": 415,
  "actual_n_features": 4,
  "cluster_stds": [
    2.7716487155288654,
    2.395084413589086,
    1.4003338478156173,
    2.1331168718057203,
    1.3034189572880368,
    2.5514457868321347,
    1.9689625470650816,
    2.6265488985785206
  ]
}