{
  "dataset_id": "varied_variance_018",
  "shape": "varied_variance",
  "index": 18,
  "seed": 26636,
  "n_samples": 186,
  "n_features": 3,
  "n_clusters": 4,
  "cluster_std": 0.7660154306089597,
  "noise": 0.1379666332134506,
  "actual_n_samples": 186,
  "actual_n_features": 3,
  "cluster_stds": [
    1.5793287254669481,
    1.1973125946785077,
    0.6215979626508288,
    2.729151350617183
  ]
}