{
  "dataset_id": "varied_variance_022",
  "shape": "varied_variance",
  "index": 22,
  "seed": 80075,
  "n_samples": 358,
  "n_features": 4,
  "n_clusters": 8,
  "cluster_std": 1.5537616356528505,
  "noise": 0.07200459018657264,
  "actual_n_samples": 358,
  "actual_n_features": 4,
  "cluster_stds": [
    2.0459100438068445,
    1.045634358896644,
    0.6813081360828548,
    1.2081631932625436,
    2.2656143649932923,
    0.8265068183389477,
    2.5006117341806724,
    1.887613523873732
  ]
}