{
  "dataset_id": "varied_variance_002",
  "shape": "varied_variance",
  "index": 2,
  "seed": 41862,
  "n_samples": 444,
  "n_features": 9,
  "n_clusters": 2,
  "cluster_std": 1.3951016390536994,
  "noise": 0.19290347531520483,
  "actual_n_samples": 444,
  "actual_n_features": 9,
  "cluster_stds": [
    1.1961844962127017,
    1.7580461724001126
  ]
}