{
  "dataset_id": "varied_variance_077",
  "shape": "varied_variance",
  "index": 77,
  "seed": 50072,
  "n_samples": 940,
  "n_features": 5,
  "n_clusters": 8,
  "cluster_std": 0.946670947996695,
  "noise": 0.13903861656295416,
  "actual_n_samples": 940,
  "actual_n_features": 5,
  "cluster_stds": [
    1.2784703738465495,
    2.477055539735199,
    1.318345344161311,
    2.571841358271329,
    1.8543974117189448,
    1.5863485432427038,
    2.3107961955818825,
    1.4392716378224588
  ]
}