{
  "dataset_id": "varied_variance_048",
  "shape": "varied_variance",
  "index": 48,
  "seed": 54655,
  "n_samples": 862,
  "n_features": 3,
  "n_clusters": 6,
  "cluster_std": 1.6050418092606618,
  "noise": 0.2612088846823583,
  "actual_n_samples": 862,
  "actual_n_features": 3,
  "cluster_stds": [
    1.0676988862529155,
    1.4128383186972233,
    2.311483632269526,
    0.8099681720091368,
    1.8720876650206328,
    2.958758951264296
  ]
}