{
  "dataset_id": "varied_variance_035",
  "shape": "varied_variance",
  "index": 35,
  "seed": 68501,
  "n_samples": 668,
  "n_features": 9,
  "n_clusters": 4,
  "cluster_std": 0.45211066855334375,
  "noise": 0.11121958035485334,
  "actual_n_samples": 668,
  "actual_n_features": 9,
  "cluster_stds": [
    1.9287467399963742,
    2.5869534435625945,
    0.6157813156712278,
    2.588757694152582
  ]
}