{
  "dataset_id": "varied_variance_001",
  "shape": "varied_variance",
  "index": 1,
  "seed": 18669,
  "n_samples": 119,
  "n_features": 6,
  "n_clusters": 4,
  "cluster_std": 0.8554504163419794,
  "noise": 0.26709724765931103,
  "actual_n_samples": 119,
  "actual_n_features": 6,
  "cluster_stds": [
    1.1532833493219137,
    1.964225148371622,
    1.498334347444397,
    1.6431175180335862
  ]
}