{
  "dataset_id": "varied_variance_097",
  "shape": "varied_variance",
  "index": 97,
  "seed": 72717,
  "n_samples": 346,
  "n_features": 4,
  "n_clusters": 2,
  "cluster_std": 0.776614427847905,
  "noise": 0.24254986064783104,
  "actual_n_samples": 346,
  "actual_n_features": 4,
  "cluster_stds": [
    1.7487305692424113,
    2.7205804976629135
  ]
}