{
  "dataset_id": "varied_variance_016",
  "shape": "varied_variance",
  "index": 16,
  "seed": 58324,
  "n_samples": 786,
  "n_features": 2,
  "n_clusters": 2,
  "cluster_std": 1.1056590289105788,
  "noise": 0.269235921203306,
  "actual_n_samples": 786,
  "actual_n_features": 2,
  "cluster_stds": [
    0.7143402059548913,
    1.2508145959582402
  ]
}