{
  "dataset_id": "varied_variance_069",
  "shape": "varied_variance",
  "index": 69,
  "seed": 91471,
  "n_samples": 416,
  "n_features": 10,
  "n_clusters": 8,
  "cluster_std": 1.747550885816471,
  "noise": 0.25440175878745946,
  "actual_n_samples": 416,
  "actual_n_features": 10,
  "cluster_stds": [
    1.3681018443233173,
    1.6390152103310345,
    0.6257004179230667,
    2.4336731428160285,
    1.4222747716952504,
    1.1505606957253904,
    2.654496132213552,
    0.6297868439093469
  ]
}