{
  "dataset_id": "varied_variance_009",
  "shape": "varied_variance",
  "index": 9,
  "seed": 41333,
  "n_samples": 147,
  "n_features": 2,
  "n_clusters": 8,
  "cluster_std": 2.065052617868933,
  "noise": 0.14460298428679708,
  "actual_n_samples": 147,
  "actual_n_features": 2,
  "cluster_stds": [
    2.567571832951676,
    1.3687393557106593,
    0.9487998054716846,
    1.8369606059177397,
    2.9531299994668383,
    0.727842385051922,
    0.6540146652646015,
    2.3351017413057993
  ]
}