{
  "dataset_id": "varied_variance_028",
  "shape": "varied_variance",
  "index": 28,
  "seed": 43472,
  "n_samples": 147,
  "n_features": 5,
  "n_clusters": 2,
  "cluster_std": 0.8320827929229007,
  "noise": 0.07892570270325308,
  "actual_n_samples": 147,
  "actual_n_features": 5,
  "cluster_stds": [
    2.034337423979244,
    2.049276096361554
  ]
}