{
  "dataset_id": "varied_variance_072",
  "shape": "varied_variance",
  "index": 72,
  "seed": 81390,
  "n_samples": 149,
  "n_features": 4,
  "n_clusters": 4,
  "cluster_std": 0.7540910901039848,
  "noise": 0.2292131137084682,
  "actual_n_samples": 149,
  "actual_n_features": 4,
  "cluster_stds": [
    0.8179212437199486,
    2.834969370973197,
    2.456585077836123,
    2.253255514160746
  ]
}