{
  "dataset_id": "varied_variance_076",
  "shape": "varied_variance",
  "index": 76,
  "seed": 51546,
  "n_samples": 399,
  "n_features": 4,
  "n_clusters": 8,
  "cluster_std": 1.8479850809895606,
  "noise": 0.25303176455406723,
  "actual_n_samples": 399,
  "actual_n_features": 4,
  "cluster_stds": [
    2.6252147816938924,
    2.177299510273972,
    2.0149453000145305,
    2.477292753079459,
    1.5031660083447682,
    1.0082305707693506,
    1.585565725365449,
    2.400532768879288
  ]
}