{
  "dataset_id": "varied_variance_095",
  "shape": "varied_variance",
  "index": 95,
  "seed": 44217,
  "n_samples": 968,
  "n_features": 8,
  "n_clusters": 8,
  "cluster_std": 1.9855699700846419,
  "noise": 0.1874922310877559,
  "actual_n_samples": 968,
  "actual_n_features": 8,
  "cluster_stds": [
    0.8708322460884983,
    0.6908024071708123,
    2.710516158366949,
    0.8661533944801945,
    0.933958354710454,
    2.134512071327327,
    2.3941779270677506,
    0.9021930125532563
  ]
}