{
  "dataset_id": "varied_variance_070",
  "shape": "varied_variance",
  "index": 70,
  "seed": 73169,
  "n_samples": 627,
  "n_features": 7,
  "n_clusters": 3,
  "cluster_std": 0.3273236077667436,
  "noise": 0.06697428916336397,
  "actual_n_samples": 627,
  "actual_n_features": 7,
  "cluster_stds": [
    1.8235894887846738,
    1.1098935760686945,
    2.1219676057823103
  ]
}