{
  "dataset_id": "varied_variance_011",
  "shape": "varied_variance",
  "index": 11,
  "seed": 29558,
  "n_samples": 665,
  "n_features": 2,
  "n_clusters": 3,
  "cluster_std": 1.2339529949997745,
  "noise": 0.17681849629498683,
  "actual_n_samples": 665,
  "actual_n_features": 2,
  "cluster_stds": [
    2.9781074603137445,
    1.676111028693442,
    1.3828861134217254
  ]
}