{
  "dataset_id": "varied_variance_099",
  "shape": "varied_variance",
  "index": 99,
  "seed": 29013,
  "n_samples": 586,
  "n_features": 10,
  "n_clusters": 8,
  "cluster_std": 2.1975071555373367,
  "noise": 0.26469031446371893,
  "actual_n_samples": 586,
  "actual_n_features": 10,
  "cluster_stds": [
    1.013966736944116,
    1.6680248288838455,
    0.8432286545014335,
    2.796944451040378,
    2.7222465021871134,
    0.6637571740608743,
    2.0017157015570994,
    2.0019363492584503
  ]
}