{
  "dataset_id": "varied_variance_019",
  "shape": "varied_variance",
  "index": 19,
  "seed": 21284,
  "n_samples": 370,
  "n_features": 3,
  "n_clusters": 8,
  "cluster_std": 0.5909784494052863,
  "noise": 0.09507533269840787,
  "actual_n_samples": 370,
  "actual_n_features": 3,
  "cluster_stds": [
    2.282037491419692,
    1.416561291546867,
    1.4718503834235581,
    1.6273727069298718,
    1.0432983085394818,
    1.8904407836766495,
    1.8754083069059841,
    1.665166170185456
  ]
}