{
  "dataset_id": "varied_variance_094",
  "shape": "varied_variance",
  "index": 94,
  "seed": 56211,
  "n_samples": 805,
  "n_features": 3,
  "n_clusters": 5,
  "cluster_std": 0.7056877532699957,
  "noise": 0.19327405662779487,
  "actual_n_samples": 805,
  "actual_n_features": 3,
  "cluster_stds": [
    2.784183401333796,
    0.9182265076268745,
    2.870748257853432,
    0.9171069835182278,
    1.9174078506968972
  ]
}