{
  "dataset_id": "varied_variance_050",
  "shape": "varied_variance",
  "index": 50,
  "seed": 70666,
  "n_samples": 893,
  "n_features": 6,
  "n_clusters": 2,
  "cluster_std": 1.1031600333273812,
  "noise": 0.2942021915907781,
  "actual_n_samples": 893,
  "actual_n_features": 6,
  "cluster_stds": [
    1.0126675030087147,
    1.1255673998494793
  ]
}