{
  "dataset_id": "blobs_096",
  "shape": "blobs",
  "index": 96,
  "seed": 93312,
  "n_samples": 758,
  "n_features": 10,
  "n_clusters": 7,
  "cluster_std": 2.2417191939481396,
  "noise": 0.23711264551366057,
  "actual_n_samples": 758,
  "actual_n_features": 10
}