{
  "dataset_id": "blobs_026",
  "shape": "blobs",
  "index": 26,
  "seed": 5867,
  "n_samples": 912,
  "n_features": 10,
  "n_clusters": 4,
  "cluster_std": 0.6640438772607365,
  "noise": 0.26532578771696586,
  "actual_n_samples": 912,
  "actual_n_features": 10
}