{
  "dataset_id": "blobs_079",
  "shape": "blobs",
  "index": 79,
  "seed": 8388,
  "n_samples": 251,
  "n_features": 10,
  "n_clusters": 5,
  "cluster_std": 1.0196693572920952,
  "noise": 0.09020676230007736,
  "actual_n_samples": 251,
  "actual_n_features": 10
}