{
  "dataset_id": "blobs_097",
  "shape": "blobs",
  "index": 97,
  "seed": 73830,
  "n_samples": 850,
  "n_features": 10,
  "n_clusters": 4,
  "cluster_std": 1.9240999298198678,
  "noise": 0.050066197133177136,
  "actual_n_samples": 850,
  "actual_n_features": 10
}