{
  "dataset_id": "blobs_043",
  "shape": "blobs",
  "index": 43,
  "seed": 48049,
  "n_samples": 812,
  "n_features": 10,
  "n_clusters": 4,
  "cluster_std": 1.607086293306093,
  "noise": 0.0042044993655731555,
  "actual_n_samples": 812,
  "actual_n_features": 10
}