{
  "dataset_id": "blobs_056",
  "shape": "blobs",
  "index": 56,
  "seed": 56718,
  "n_samples": 596,
  "n_features": 10,
  "n_clusters": 4,
  "cluster_std": 1.179317202211438,
  "noise": 0.29369746448453415,
  "actual_n_samples": 596,
  "actual_n_features": 10
}