{
  "dataset_id": "blobs_047",
  "shape": "blobs",
  "index": 47,
  "seed": 25317,
  "n_samples": 267,
  "n_features": 10,
  "n_clusters": 2,
  "cluster_std": 1.7229287994844626,
  "noise": 0.15703595798388162,
  "actual_n_samples": 267,
  "actual_n_features": 10
}