{
  "dataset_id": "blobs_095",
  "shape": "blobs",
  "index": 95,
  "seed": 84512,
  "n_samples": 551,
  "n_features": 10,
  "n_clusters": 5,
  "cluster_std": 1.3624767842391177,
  "noise": 0.27882186026713224,
  "actual_n_samples": 551,
  "actual_n_features": 10
}