{
  "dataset_id": "blobs_072",
  "shape": "blobs",
  "index": 72,
  "seed": 57719,
  "n_samples": 400,
  "n_features": 10,
  "n_clusters": 4,
  "cluster_std": 1.8463084358701032,
  "noise": 0.2880489883147403,
  "actual_n_samples": 400,
  "actual_n_features": 10
}